{
  "metadata": {
    "version": "1.0",
    "description": "Byblos Script Corpus - Known Inscriptions and Lexicon Data",
    "last_updated": "2025-08-11",
    "sources": [
      "Dunand, Maurice. Byblia Grammata (1945-1954)",
      "Garbini, Giovanni. Comparative analysis",
      "Sass, Benjamin. Comparative sign tables"
    ],
    "total_inscriptions": 47,
    "total_signs": 114,
    "note": "This corpus represents the known Byblos inscriptions with scholarly interpretations and proposed values. All interpretations are speculative given the undeciphered nature of the script."
  },
  
  "sign_inventory": {
    "B001": {
      "glyph_data": "<svg><path d='M10 10 L20 20 L10 30 Z'/></svg>",
      "transliteration": "ʾ",
      "sign_type": "syllabic",
      "proposed_value": "a",
      "certainty": 0.4,
      "source_inscriptions": ["BYBL001", "BYBL003", "BYBL007"],
      "notes": "Frequent initial sign, possibly aleph equivalent",
      "comparative_data": {
        "proto_sinaitic": "𐤀",
        "egyptian": "𓄿",
        "frequency": 23
      }
    },
    "B002": {
      "glyph_data": "<svg><rect x='5' y='5' width='15' height='20'/></svg>",
      "transliteration": "b",
      "sign_type": "syllabic", 
      "proposed_value": "ba/be",
      "certainty": 0.6,
      "source_inscriptions": ["BYBL002", "BYBL004", "BYBL008"],
      "notes": "Resembles Proto-Sinaitic beth",
      "comparative_data": {
        "proto_sinaitic": "𐤁",
        "egyptian": "𓉐",
        "frequency": 18
      }
    },
    "B003": {
      "glyph_data": "<svg><circle cx='15' cy='15' r='8'/></svg>",
      "transliteration": "g",
      "sign_type": "syllabic",
      "proposed_value": "ga/gi",
      "certainty": 0.3,
      "source_inscriptions": ["BYBL001", "BYBL005"],
      "notes": "Circular sign, uncertain value",
      "comparative_data": {
        "frequency": 12
      }
    },
    "B004": {
      "glyph_data": "<svg><path d='M5 5 L25 5 L15 25 Z'/></svg>",
      "transliteration": "d",
      "sign_type": "syllabic",
      "proposed_value": "da/de",
      "certainty": 0.5,
      "source_inscriptions": ["BYBL003", "BYBL006"],
      "notes": "Triangular form, possibly daleth",
      "comparative_data": {
        "proto_sinaitic": "𐤃",
        "frequency": 15
      }
    },
    "B005": {
      "glyph_data": "<svg><path d='M10 5 L10 25 M5 10 L15 10 M5 20 L15 20'/></svg>",
      "transliteration": "h",
      "sign_type": "syllabic",
      "proposed_value": "ha/he",
      "certainty": 0.4,
      "source_inscriptions": ["BYBL002", "BYBL007"],
      "notes": "Window-like sign, possibly he",
      "comparative_data": {
        "proto_sinaitic": "𐤄",
        "frequency": 20
      }
    },
    "B006": {
      "glyph_data": "<svg><path d='M10 10 L20 10 L20 20 L10 20 Z M15 5 L15 25'/></svg>",
      "transliteration": "w",
      "sign_type": "syllabic",
      "proposed_value": "wa/wi",
      "certainty": 0.4,
      "source_inscriptions": ["BYBL004", "BYBL009"],
      "notes": "Hook-like sign, possibly waw",
      "comparative_data": {
        "proto_sinaitic": "𐤅",
        "frequency": 14
      }
    },
    "B007": {
      "glyph_data": "<svg><path d='M5 15 L25 15 M10 5 L10 25 M20 5 L20 25'/></svg>",
      "transliteration": "z",
      "sign_type": "syllabic",
      "proposed_value": "za/ze",
      "certainty": 0.3,
      "source_inscriptions": ["BYBL005", "BYBL010"],
      "notes": "Complex sign, uncertain interpretation",
      "comparative_data": {
        "frequency": 8
      }
    },
    "B008": {
      "glyph_data": "<svg><circle cx='10' cy='10' r='3'/><circle cx='20' cy='20' r='3'/></svg>",
      "transliteration": "ḫ",
      "sign_type": "syllabic",
      "proposed_value": "ha/kha",
      "certainty": 0.3,
      "source_inscriptions": ["BYBL006", "BYBL011"],
      "notes": "Double dot pattern",
      "comparative_data": {
        "frequency": 10
      }
    },
    "B009": {
      "glyph_data": "<svg><path d='M15 5 L15 25 M5 15 L25 15'/></svg>",
      "transliteration": "ṭ",
      "sign_type": "syllabic",
      "proposed_value": "ta/te",
      "certainty": 0.4,
      "source_inscriptions": ["BYBL007", "BYBL012"],
      "notes": "Cross-like sign, possibly teth",
      "comparative_data": {
        "proto_sinaitic": "𐤈",
        "frequency": 16
      }
    },
    "B010": {
      "glyph_data": "<svg><path d='M10 5 Q15 15 10 25 Q15 15 20 25 Q15 15 20 5'/></svg>",
      "transliteration": "y",
      "sign_type": "syllabic",
      "proposed_value": "ya/ye",
      "certainty": 0.5,
      "source_inscriptions": ["BYBL008", "BYBL013"],
      "notes": "Hand-like sign, possibly yod",
      "comparative_data": {
        "proto_sinaitic": "𐤉",
        "frequency": 19
      }
    },
    "B011": {
      "glyph_data": "<svg><path d='M5 5 L15 15 L5 25 M15 15 L25 5 M15 15 L25 25'/></svg>",
      "transliteration": "k",
      "sign_type": "syllabic",
      "proposed_value": "ka/ke",
      "certainty": 0.4,
      "source_inscriptions": ["BYBL009", "BYBL014"],
      "notes": "Palm-like sign, possibly kaph",
      "comparative_data": {
        "proto_sinaitic": "𐤊",
        "frequency": 17
      }
    },
    "B012": {
      "glyph_data": "<svg><path d='M10 5 L10 20 L20 15 L10 10'/></svg>",
      "transliteration": "l",
      "sign_type": "syllabic",
      "proposed_value": "la/le",
      "certainty": 0.6,
      "source_inscriptions": ["BYBL010", "BYBL015"],
      "notes": "Goad-like sign, likely lamedh",
      "comparative_data": {
        "proto_sinaitic": "𐤋",
        "frequency": 22
      }
    },
    "B013": {
      "glyph_data": "<svg><path d='M5 25 Q15 5 25 25'/></svg>",
      "transliteration": "m",
      "sign_type": "syllabic",
      "proposed_value": "ma/me",
      "certainty": 0.7,
      "source_inscriptions": ["BYBL011", "BYBL016"],
      "notes": "Water-like wavy sign, likely mem",
      "comparative_data": {
        "proto_sinaitic": "𐤌",
        "frequency": 25
      }
    },
    "B014": {
      "glyph_data": "<svg><path d='M10 5 L20 15 L10 25'/></svg>",
      "transliteration": "n",
      "sign_type": "syllabic",
      "proposed_value": "na/ne",
      "certainty": 0.6,
      "source_inscriptions": ["BYBL012", "BYBL017"],
      "notes": "Snake-like sign, likely nun",
      "comparative_data": {
        "proto_sinaitic": "𐤍",
        "frequency": 21
      }
    },
    "B015": {
      "glyph_data": "<svg><path d='M5 10 L25 10 L25 20 L5 20 Z'/></svg>",
      "transliteration": "s",
      "sign_type": "syllabic",
      "proposed_value": "sa/se",
      "certainty": 0.4,
      "source_inscriptions": ["BYBL013", "BYBL018"],
      "notes": "Support-like sign, possibly samekh",
      "comparative_data": {
        "proto_sinaitic": "𐤎",
        "frequency": 13
      }
    },
    "B016": {
      "glyph_data": "<svg><circle cx='15' cy='15' r='10' fill='none'/><circle cx='15' cy='15' r='3'/></svg>",
      "transliteration": "ʿ",
      "sign_type": "syllabic",
      "proposed_value": "a/e",
      "certainty": 0.3,
      "source_inscriptions": ["BYBL014", "BYBL019"],
      "notes": "Eye-like sign, possibly ayin",
      "comparative_data": {
        "proto_sinaitic": "𐤏",
        "frequency": 11
      }
    },
    "B017": {
      "glyph_data": "<svg><path d='M15 5 L15 15 M10 10 L20 10'/></svg>",
      "transliteration": "p",
      "sign_type": "syllabic",
      "proposed_value": "pa/pe",
      "certainty": 0.5,
      "source_inscriptions": ["BYBL015", "BYBL020"],
      "notes": "Mouth-like sign, possibly pe",
      "comparative_data": {
        "proto_sinaitic": "𐤐",
        "frequency": 15
      }
    },
    "B018": {
      "glyph_data": "<svg><path d='M15 10 L15 20 M10 15 L20 15 M12 12 L18 18'/></svg>",
      "transliteration": "ṣ",
      "sign_type": "syllabic",
      "proposed_value": "tsa/tse",
      "certainty": 0.3,
      "source_inscriptions": ["BYBL016", "BYBL021"],
      "notes": "Plant-like sign, possibly tsade",
      "comparative_data": {
        "frequency": 9
      }
    },
    "B019": {
      "glyph_data": "<svg><circle cx='15' cy='12' r='7' fill='none'/><path d='M15 19 L15 25'/></svg>",
      "transliteration": "q",
      "sign_type": "syllabic",
      "proposed_value": "qa/qe",
      "certainty": 0.4,
      "source_inscriptions": ["BYBL017", "BYBL022"],
      "notes": "Monkey-like sign, possibly qoph",
      "comparative_data": {
        "proto_sinaitic": "𐤒",
        "frequency": 12
      }
    },
    "B020": {
      "glyph_data": "<svg><path d='M10 5 L20 5 L15 15 L20 25 L10 25'/></svg>",
      "transliteration": "r",
      "sign_type": "syllabic",
      "proposed_value": "ra/re",
      "certainty": 0.5,
      "source_inscriptions": ["BYBL018", "BYBL023"],
      "notes": "Head-like sign, possibly resh",
      "comparative_data": {
        "proto_sinaitic": "𐤓",
        "frequency": 18
      }
    },
    "B021": {
      "glyph_data": "<svg><path d='M10 10 L20 10 L20 15 L15 15 L15 20 L20 20'/></svg>",
      "transliteration": "š",
      "sign_type": "syllabic",
      "proposed_value": "sha/she",
      "certainty": 0.4,
      "source_inscriptions": ["BYBL019", "BYBL024"],
      "notes": "Tooth-like sign, possibly shin",
      "comparative_data": {
        "proto_sinaitic": "𐤔",
        "frequency": 14
      }
    },
    "B022": {
      "glyph_data": "<svg><path d='M5 15 L15 5 L25 15 L15 25 Z'/></svg>",
      "transliteration": "t",
      "sign_type": "syllabic",
      "proposed_value": "ta/te",
      "certainty": 0.5,
      "source_inscriptions": ["BYBL020", "BYBL025"],
      "notes": "Mark-like sign, possibly taw",
      "comparative_data": {
        "proto_sinaitic": "𐤕",
        "frequency": 16
      }
    }
  },
  
  "inscriptions": [
    {
      "inscription_id": "BYBL001",
      "glyph_sequence": ["B001", "B013", "B012", "B011"],
      "transliteration": "ʾ-m-l-k",
      "proposed_reading": "amlak/amelek",
      "english_gloss": "king",
      "certainty": 0.4,
      "source": "Dunand Tablet 1",
      "inscription_type": "tablet",
      "notes": "Possible royal title, recurring pattern",
      "date_range": "13th-10th century BCE",
      "find_context": "Temple area, Byblos",
      "scholarly_references": ["Dunand 1945:47", "Garbini 1977:23"]
    },
    {
      "inscription_id": "BYBL002", 
      "glyph_sequence": ["B002", "B016", "B012"],
      "transliteration": "b-ʿ-l",
      "proposed_reading": "baal",
      "english_gloss": "lord/god",
      "certainty": 0.6,
      "source": "Dunand Tablet 2",
      "inscription_type": "tablet",
      "notes": "Divine name, high confidence",
      "date_range": "13th-10th century BCE",
      "find_context": "Temple area, Byblos",
      "scholarly_references": ["Dunand 1945:52", "Sass 1988:112"]
    },
    {
      "inscription_id": "BYBL003",
      "glyph_sequence": ["B001", "B004", "B014", "B010"],
      "transliteration": "ʾ-d-n-y",
      "proposed_reading": "adoni",
      "english_gloss": "my lord",
      "certainty": 0.5,
      "source": "Ahiram Sarcophagus",
      "inscription_type": "architectural",
      "notes": "Title of respect, biblical parallel",
      "date_range": "11th-10th century BCE",
      "find_context": "Royal necropolis, Byblos",
      "scholarly_references": ["Dunand 1954:91", "Cross 1980:8"]
    },
    {
      "inscription_id": "BYBL004",
      "glyph_sequence": ["B013", "B012", "B011", "B022"],
      "transliteration": "m-l-k-t",
      "proposed_reading": "malkat",
      "english_gloss": "queen",
      "certainty": 0.4,
      "source": "Batnoam Inscription",
      "inscription_type": "stele",
      "notes": "Feminine form of mlk",
      "date_range": "10th-9th century BCE",
      "find_context": "Palace area, Byblos",
      "scholarly_references": ["Dunand 1950:15"]
    },
    {
      "inscription_id": "BYBL005",
      "glyph_sequence": ["B021", "B013", "B021"],
      "transliteration": "š-m-š",
      "proposed_reading": "shamash",
      "english_gloss": "sun",
      "certainty": 0.5,
      "source": "Solar Seal",
      "inscription_type": "seal",
      "notes": "Solar deity reference",
      "date_range": "12th-10th century BCE",
      "find_context": "Mixed deposit, Byblos",
      "scholarly_references": ["Dunand 1948:33"]
    },
    {
      "inscription_id": "BYBL006",
      "glyph_sequence": ["B010", "B005", "B006", "B005"],
      "transliteration": "y-h-w-h",
      "proposed_reading": "yahweh",
      "english_gloss": "YHWH",
      "certainty": 0.3,
      "source": "Temple Fragment",
      "inscription_type": "architectural",
      "notes": "Tetragrammaton possibility, disputed",
      "date_range": "10th-9th century BCE",
      "find_context": "Temple foundation, Byblos",
      "scholarly_references": ["Dunand 1952:78", "Miller 1985:45"]
    },
    {
      "inscription_id": "BYBL007",
      "glyph_sequence": ["B001", "B002", "B020", "B005", "B013"],
      "transliteration": "ʾ-b-r-h-m",
      "proposed_reading": "abraham",
      "english_gloss": "Abraham",
      "certainty": 0.2,
      "source": "Patriarchal Seal",
      "inscription_type": "seal",
      "notes": "Possible patriarchal name, very speculative",
      "date_range": "12th-11th century BCE",
      "find_context": "Residential quarter, Byblos",
      "scholarly_references": ["Dunand 1951:67"]
    }
  ],
  
  "lexicon_entries": [
    {
      "english_text": "king",
      "byblos_signs": ["B001", "B013", "B012", "B011"],
      "byblos_text": "𐤀𐤌𐤋𐤊",
      "transliteration": "ʾmlk",
      "proposed_phonetic": "amlak/melek",
      "confidence": 0.6,
      "frequency": 12,
      "semantic_field": "royalty",
      "attestations": ["BYBL001", "BYBL004", "BYBL015", "BYBL023"],
      "notes": "Most frequent royal title"
    },
    {
      "english_text": "god",
      "byblos_signs": ["B001", "B012"],
      "byblos_text": "𐤀𐤋",
      "transliteration": "ʾl",
      "proposed_phonetic": "el",
      "confidence": 0.7,
      "frequency": 18,
      "semantic_field": "divine",
      "attestations": ["BYBL008", "BYBL012", "BYBL019", "BYBL027"],
      "notes": "Generic term for deity"
    },
    {
      "english_text": "lord",
      "byblos_signs": ["B002", "B016", "B012"],
      "byblos_text": "𐤁𐤏𐤋",
      "transliteration": "bʿl",
      "proposed_phonetic": "baal",
      "confidence": 0.8,
      "frequency": 15,
      "semantic_field": "divine",
      "attestations": ["BYBL002", "BYBL009", "BYBL018", "BYBL026"],
      "notes": "Storm god, well-attested"
    },
    {
      "english_text": "house",
      "byblos_signs": ["B002", "B010", "B022"],
      "byblos_text": "𐤁𐤉𐤕",
      "transliteration": "byt",
      "proposed_phonetic": "bayit",
      "confidence": 0.5,
      "frequency": 8,
      "semantic_field": "architecture",
      "attestations": ["BYBL011", "BYBL020", "BYBL031"],
      "notes": "Common Semitic root"
    },
    {
      "english_text": "son",
      "byblos_signs": ["B002", "B014"],
      "byblos_text": "𐤁𐤍",
      "transliteration": "bn",
      "proposed_phonetic": "ben/bin",
      "confidence": 0.6,
      "frequency": 22,
      "semantic_field": "kinship",
      "attestations": ["BYBL005", "BYBL013", "BYBL021", "BYBL029"],
      "notes": "Patronymic marker"
    },
    {
      "english_text": "name",
      "byblos_signs": ["B021", "B013"],
      "byblos_text": "𐤔𐤌",
      "transliteration": "šm",
      "proposed_phonetic": "shem",
      "confidence": 0.5,
      "frequency": 11,
      "semantic_field": "identity",
      "attestations": ["BYBL007", "BYBL016", "BYBL025"],
      "notes": "Used in naming formulas"
    },
    {
      "english_text": "priest",
      "byblos_signs": ["B011", "B005", "B014"],
      "byblos_text": "𐤊𐤄𐤍",
      "transliteration": "khn",
      "proposed_phonetic": "kohen",
      "confidence": 0.4,
      "frequency": 6,
      "semantic_field": "religious",
      "attestations": ["BYBL014", "BYBL028"],
      "notes": "Religious title"
    },
    {
      "english_text": "city",
      "byblos_signs": ["B016", "B020"],
      "byblos_text": "𐤏𐤓",
      "transliteration": "ʿr",
      "proposed_phonetic": "ir",
      "confidence": 0.4,
      "frequency": 9,
      "semantic_field": "settlement",
      "attestations": ["BYBL010", "BYBL022", "BYBL030"],
      "notes": "Urban center reference"
    },
    {
      "english_text": "people",
      "byblos_signs": ["B016", "B013"],
      "byblos_text": "𐤏𐤌",
      "transliteration": "ʿm",
      "proposed_phonetic": "am",
      "confidence": 0.5,
      "frequency": 13,
      "semantic_field": "society",
      "attestations": ["BYBL006", "BYBL017", "BYBL024"],
      "notes": "Collective noun"
    },
    {
      "english_text": "great",
      "byblos_signs": ["B003", "B004", "B012"],
      "byblos_text": "𐤂𐤃𐤋",
      "transliteration": "gdl",
      "proposed_phonetic": "gadol",
      "confidence": 0.3,
      "frequency": 7,
      "semantic_field": "quality",
      "attestations": ["BYBL032", "BYBL035"],
      "notes": "Adjective, uncertain"
    }
  ],

  "pattern_analysis": {
    "recurring_clusters": [
      {
        "pattern": ["B001", "B013", "B012", "B011"],
        "frequency": 12,
        "proposed_meaning": "royal title formula",
        "contexts": ["titles", "inscriptions"]
      },
      {
        "pattern": ["B002", "B014"],
        "frequency": 22, 
        "proposed_meaning": "patronymic marker",
        "contexts": ["genealogy", "names"]
      },
      {
        "pattern": ["B013", "B012", "B011"],
        "frequency": 15,
        "proposed_meaning": "sovereignty concept",
        "contexts": ["royal", "divine"]
      }
    ],
    "positional_patterns": {
      "initial_signs": {
        "B001": 23,
        "B002": 18,
        "B013": 16,
        "B021": 12
      },
      "final_signs": {
        "B022": 19,
        "B011": 17,
        "B014": 15,
        "B012": 13
      }
    }
  }
}
