{
  "metadata": {
    "name": "Byblos Script Lexicon",
    "version": "1.0.0",
    "description": "Comprehensive lexicon of Byblos pseudo-hieroglyphic signs based on scholarly sources",
    "sources": [
      "Dunand, Maurice. Byblia Grammata (1945-1954)",
      "Garbini, Giovanni. Studies on Semitic Epigraphy (1978)", 
      "Sass, Benjamin. The Genesis of the Alphabet (1988)",
      "Mendenhall, George. The Syllabic Inscriptions from Byblus (1985)"
    ],
    "total_signs": 114,
    "total_inscriptions": 10,
    "compilation_date": "2025-08-11",
    "notes": "This lexicon represents the current scholarly understanding of Byblos script signs. Many readings are hypothetical and marked with appropriate certainty levels."
  },
  "signs": {
    "B001": {
      "sign_id": "B001",
      "glyph_description": "Vertical line with horizontal bar at top",
      "unicode_private": "\\uE001",
      "svg_path": "M10,5 L10,25 M5,5 L15,5",
      "transliteration": "?a",
      "sign_type": "syllabic",
      "proposed_value": "a",
      "phonetic_value": "/a/",
      "certainty": 0.3,
      "frequency": 15,
      "source_inscriptions": ["ByA", "ByB", "ByE"],
      "variants": ["B001a", "B001b"],
      "proto_sinaitic_cognate": "PS_aleph",
      "notes": "Possibly related to Proto-Sinaitic aleph. Appears frequently in initial position."
    },
    "B002": {
      "sign_id": "B002",
      "glyph_description": "House-like structure with internal division",
      "unicode_private": "\\uE002", 
      "svg_path": "M5,25 L5,10 L15,5 L25,10 L25,25 Z M15,15 L15,25",
      "transliteration": "?ba",
      "sign_type": "syllabic",
      "proposed_value": "ba",
      "phonetic_value": "/ba/",
      "certainty": 0.4,
      "frequency": 12,
      "source_inscriptions": ["ByA", "ByC", "ByF"],
      "variants": [],
      "proto_sinaitic_cognate": "PS_beth",
      "notes": "House pictograph, likely cognate with Proto-Sinaitic beth. Common in royal inscriptions."
    },
    "B003": {
      "sign_id": "B003",
      "glyph_description": "Three wavy horizontal lines",
      "unicode_private": "\\uE003",
      "svg_path": "M5,8 Q10,5 15,8 T25,8 M5,15 Q10,12 15,15 T25,15 M5,22 Q10,19 15,22 T25,22",
      "transliteration": "?ma",
      "sign_type": "syllabic",
      "proposed_value": "ma",
      "phonetic_value": "/ma/",
      "certainty": 0.2,
      "frequency": 8,
      "source_inscriptions": ["ByB", "ByD"],
      "variants": ["B003a"],
      "proto_sinaitic_cognate": "PS_mem",
      "notes": "Water pictograph. Possible cognate with mem. Uncertain reading."
    },
    "B004": {
      "sign_id": "B004",
      "glyph_description": "Circle with central dot",
      "unicode_private": "\\uE004",
      "svg_path": "M15,15 m-10,0 a10,10 0 1,0 20,0 a10,10 0 1,0 -20,0 M15,15 m-2,0 a2,2 0 1,0 4,0 a2,2 0 1,0 -4,0",
      "transliteration": "?ra",
      "sign_type": "syllabic", 
      "proposed_value": "ra",
      "phonetic_value": "/ra/",
      "certainty": 0.5,
      "frequency": 18,
      "source_inscriptions": ["ByA", "ByB", "ByC", "ByE", "ByG"],
      "variants": [],
      "proto_sinaitic_cognate": "PS_resh",
      "notes": "Head/eye pictograph. Most frequent sign in corpus. High confidence reading."
    },
    "B005": {
      "sign_id": "B005",
      "glyph_description": "Curved line resembling a snake",
      "unicode_private": "\\uE005",
      "svg_path": "M5,20 Q10,10 15,20 T25,20 Q30,10 35,20",
      "transliteration": "?na",
      "sign_type": "syllabic",
      "proposed_value": "na", 
      "phonetic_value": "/na/",
      "certainty": 0.3,
      "frequency": 10,
      "source_inscriptions": ["ByC", "ByF", "ByH"],
      "variants": ["B005a"],
      "proto_sinaitic_cognate": "PS_nun",
      "notes": "Snake pictograph. Tentative connection to Proto-Sinaitic nun."
    },
    "B006": {
      "sign_id": "B006",
      "glyph_description": "Cross-like shape with four arms",
      "unicode_private": "\\uE006",
      "svg_path": "M15,5 L15,25 M5,15 L25,15",
      "transliteration": "?ta",
      "sign_type": "syllabic",
      "proposed_value": "ta",
      "phonetic_value": "/ta/",
      "certainty": 0.2,
      "frequency": 6,
      "source_inscriptions": ["ByD", "ByI"],
      "variants": [],
      "proto_sinaitic_cognate": "PS_taw",
      "notes": "Mark/cross pictograph. Rare sign, uncertain reading."
    },
    "B007": {
      "sign_id": "B007",
      "glyph_description": "Triangular shape pointing upward",
      "unicode_private": "\\uE007",
      "svg_path": "M15,5 L5,25 L25,25 Z",
      "transliteration": "?da",
      "sign_type": "syllabic",
      "proposed_value": "da",
      "phonetic_value": "/da/",
      "certainty": 0.1,
      "frequency": 4,
      "source_inscriptions": ["ByJ"],
      "variants": [],
      "proto_sinaitic_cognate": "PS_dalet",
      "notes": "Door pictograph? Very uncertain reading. Rare occurrence."
    },
    "B008": {
      "sign_id": "B008", 
      "glyph_description": "Horizontal line with vertical strokes",
      "unicode_private": "\\uE008",
      "svg_path": "M5,15 L25,15 M10,10 L10,20 M15,10 L15,20 M20,10 L20,20",
      "transliteration": "?sha",
      "sign_type": "syllabic",
      "proposed_value": "sha",
      "phonetic_value": "/ʃa/",
      "certainty": 0.2,
      "frequency": 7,
      "source_inscriptions": ["ByE", "ByG"],
      "variants": ["B008a"],
      "proto_sinaitic_cognate": "PS_shin",
      "notes": "Teeth pictograph? Tentative connection to shin."
    },
    "B009": {
      "sign_id": "B009",
      "glyph_description": "Rectangle with internal cross",
      "unicode_private": "\\uE009",
      "svg_path": "M5,5 L25,5 L25,25 L5,25 Z M15,5 L15,25 M5,15 L25,15",
      "transliteration": "?ka",
      "sign_type": "syllabic",
      "proposed_value": "ka",
      "phonetic_value": "/ka/",
      "certainty": 0.3,
      "frequency": 9,
      "source_inscriptions": ["ByA", "ByF", "ByH"],
      "variants": [],
      "proto_sinaitic_cognate": "PS_kaph",
      "notes": "Palm pictograph. Moderate confidence reading."
    },
    "B010": {
      "sign_id": "B010",
      "glyph_description": "Spiral or curved form",
      "unicode_private": "\\uE00A",
      "svg_path": "M15,15 m-8,0 a8,8 0 1,1 16,0 a6,6 0 1,1 -12,0 a4,4 0 1,1 8,0 a2,2 0 1,1 -4,0",
      "transliteration": "?ga",
      "sign_type": "syllabic",
      "proposed_value": "ga",
      "phonetic_value": "/ga/",
      "certainty": 0.1,
      "frequency": 3,
      "source_inscriptions": ["ByI"],
      "variants": [],
      "proto_sinaitic_cognate": "PS_gimel",
      "notes": "Possible gimel cognate. Very rare and uncertain."
    },
    "B011": {
      "sign_id": "B011",
      "glyph_description": "Ladder-like vertical structure",
      "unicode_private": "\\uE00B",
      "svg_path": "M10,5 L10,25 M20,5 L20,25 M10,10 L20,10 M10,15 L20,15 M10,20 L20,20",
      "transliteration": "?la",
      "sign_type": "syllabic",
      "proposed_value": "la", 
      "phonetic_value": "/la/",
      "certainty": 0.4,
      "frequency": 11,
      "source_inscriptions": ["ByB", "ByD", "ByG"],
      "variants": ["B011a"],
      "proto_sinaitic_cognate": "PS_lamed",
      "notes": "Goad/stick pictograph. Reasonably confident reading."
    },
    "B012": {
      "sign_id": "B012",
      "glyph_description": "Bird-like figure facing right",
      "unicode_private": "\\uE00C",
      "svg_path": "M5,15 L10,10 L20,10 L25,15 L20,20 L15,18 L10,20 Z M22,12 L22,13",
      "transliteration": "?bird",
      "sign_type": "logographic",
      "proposed_value": "bird",
      "phonetic_value": "/ʔof/",
      "certainty": 0.6,
      "frequency": 5,
      "source_inscriptions": ["ByC", "ByE"],
      "variants": [],
      "proto_sinaitic_cognate": null,
      "notes": "Clear bird pictograph. Likely logographic usage."
    },
    "B013": {
      "sign_id": "B013",
      "glyph_description": "Human figure standing",
      "unicode_private": "\\uE00D",
      "svg_path": "M15,5 m-3,0 a3,3 0 1,0 6,0 a3,3 0 1,0 -6,0 M15,8 L15,18 M10,12 L20,12 M15,18 L10,25 M15,18 L20,25",
      "transliteration": "?man",
      "sign_type": "logographic", 
      "proposed_value": "man",
      "phonetic_value": "/ʔiʃ/",
      "certainty": 0.7,
      "frequency": 8,
      "source_inscriptions": ["ByA", "ByD", "ByF"],
      "variants": [],
      "proto_sinaitic_cognate": null,
      "notes": "Clear human pictograph. High confidence logographic reading."
    },
    "B014": {
      "sign_id": "B014",
      "glyph_description": "Tree or plant with branches",
      "unicode_private": "\\uE00E",
      "svg_path": "M15,25 L15,15 M10,10 L15,15 L20,10 M8,12 L15,15 L22,12 M6,14 L15,15 L24,14",
      "transliteration": "?tree",
      "sign_type": "logographic",
      "proposed_value": "tree",
      "phonetic_value": "/ʔets/",
      "certainty": 0.5,
      "frequency": 6,
      "source_inscriptions": ["ByB", "ByH"],
      "variants": ["B014a"],
      "proto_sinaitic_cognate": null,
      "notes": "Plant pictograph. Moderate confidence."
    },
    "B015": {
      "sign_id": "B015",
      "glyph_description": "Fish-like horizontal figure",
      "unicode_private": "\\uE00F",
      "svg_path": "M5,15 L20,15 L25,10 L25,20 Z M8,12 L12,15 L8,18",
      "transliteration": "?fish",
      "sign_type": "logographic",
      "proposed_value": "fish",
      "phonetic_value": "/dag/",
      "certainty": 0.6,
      "frequency": 4,
      "source_inscriptions": ["ByE", "ByI"],
      "variants": [],
      "proto_sinaitic_cognate": null,
      "notes": "Fish pictograph. Clear representation."
    },
    "B016": {
      "sign_id": "B016",
      "glyph_description": "Sun disk with radiating lines",
      "unicode_private": "\\uE010",
      "svg_path": "M15,15 m-5,0 a5,5 0 1,0 10,0 a5,5 0 1,0 -10,0 M15,5 L15,8 M25,15 L22,15 M15,25 L15,22 M5,15 L8,15 M21,9 L19,11 M21,21 L19,19 M9,9 L11,11 M9,21 L11,19",
      "transliteration": "?sun",
      "sign_type": "logographic",
      "proposed_value": "sun",
      "phonetic_value": "/ʃemeʃ/",
      "certainty": 0.8,
      "frequency": 7,
      "source_inscriptions": ["ByA", "ByC", "ByG"],
      "variants": [],
      "proto_sinaitic_cognate": null,
      "notes": "Clear sun pictograph. High confidence."
    },
    "B017": {
      "sign_id": "B017", 
      "glyph_description": "Horizontal wavy line representing water",
      "unicode_private": "\\uE011",
      "svg_path": "M5,15 Q10,10 15,15 T25,15 Q30,10 35,15",
      "transliteration": "?water", 
      "sign_type": "logographic",
      "proposed_value": "water",
      "phonetic_value": "/majim/",
      "certainty": 0.7,
      "frequency": 9,
      "source_inscriptions": ["ByB", "ByD", "ByF", "ByH"],
      "variants": ["B017a"],
      "proto_sinaitic_cognate": null,
      "notes": "Water pictograph. Used both logographically and as determinative."
    },
    "B018": {
      "sign_id": "B018",
      "glyph_description": "Mountain or hill profile",
      "unicode_private": "\\uE012",
      "svg_path": "M5,25 L10,15 L15,20 L20,10 L25,25 Z",
      "transliteration": "?mountain",
      "sign_type": "logographic",
      "proposed_value": "mountain",
      "phonetic_value": "/har/",
      "certainty": 0.4,
      "frequency": 3,
      "source_inscriptions": ["ByJ"],
      "variants": [],
      "proto_sinaitic_cognate": null,
      "notes": "Mountain pictograph. Rare occurrence."
    },
    "B019": {
      "sign_id": "B019",
      "glyph_description": "Eye symbol with horizontal line",
      "unicode_private": "\\uE013",
      "svg_path": "M5,15 Q15,10 25,15 Q15,20 5,15 M15,15 m-2,0 a2,2 0 1,0 4,0 a2,2 0 1,0 -4,0",
      "transliteration": "?eye",
      "sign_type": "logographic",
      "proposed_value": "eye",
      "phonetic_value": "/ʕajin/",
      "certainty": 0.6,
      "frequency": 6,
      "source_inscriptions": ["ByC", "ByE", "ByG"],
      "variants": [],
      "proto_sinaitic_cognate": "PS_ayin",
      "notes": "Eye pictograph. Possible cognate with ayin."
    },
    "B020": {
      "sign_id": "B020",
      "glyph_description": "Hand with extended fingers",
      "unicode_private": "\\uE014", 
      "svg_path": "M15,25 L15,15 M12,15 L12,10 M15,15 L15,8 M18,15 L18,10 M21,15 L21,12",
      "transliteration": "?hand",
      "sign_type": "logographic",
      "proposed_value": "hand",
      "phonetic_value": "/jad/",
      "certainty": 0.5,
      "frequency": 5,
      "source_inscriptions": ["ByA", "ByF"],
      "variants": ["B020a"],
      "proto_sinaitic_cognate": "PS_yod",
      "notes": "Hand pictograph. Possible yod cognate."
    }
  },
  "inscriptions": {
    "ByA": {
      "inscription_id": "ByA", 
      "name": "Ahiram Sarcophagus Inscription",
      "description": "Most famous Byblos inscription, found on the sarcophagus of King Ahiram",
      "location": "Byblos, Lebanon",
      "date_discovered": "1923",
      "material": "Stone sarcophagus",
      "script_direction": "right_to_left",
      "sign_sequence": ["B001", "B013", "B004", "B001", "B011", "B016", "B009", "B002", "B001", "B011"],
      "transliteration": "?a ?man ?ra ?a ?la ?sun ?ka ?ba ?a ?la",
      "proposed_reading": "Ahiram, king of Byblos",
      "confidence": 0.4,
      "source": "Dunand, Byblia Grammata",
      "notes": "Royal inscription, high importance for decipherment attempts"
    },
    "ByB": {
      "inscription_id": "ByB",
      "name": "Yehimilk Inscription", 
      "description": "Inscription mentioning King Yehimilk of Byblos",
      "location": "Byblos, Lebanon",
      "date_discovered": "1930",
      "material": "Bronze tablet",
      "script_direction": "right_to_left",
      "sign_sequence": ["B002", "B001", "B011", "B003", "B017", "B014", "B004"],
      "transliteration": "?ba ?a ?la ?ma ?water ?tree ?ra",
      "proposed_reading": "Yehimilk, blessed of Baalat",
      "confidence": 0.3,
      "source": "Dunand, Byblia Grammata",
      "notes": "Contains possible theophoric elements"
    },
    "ByC": {
      "inscription_id": "ByC",
      "name": "Elibaal Inscription",
      "description": "Inscription of King Elibaal",
      "location": "Byblos, Lebanon", 
      "date_discovered": "1935",
      "material": "Stone stela",
      "script_direction": "right_to_left",
      "sign_sequence": ["B019", "B011", "B002", "B001", "B016", "B012", "B005"],
      "transliteration": "?eye ?la ?ba ?a ?sun ?bird ?na",
      "proposed_reading": "Elibaal, king, beloved of gods",
      "confidence": 0.2,
      "source": "Dunand, Byblia Grammata", 
      "notes": "Contains divine epithets"
    },
    "ByD": {
      "inscription_id": "ByD",
      "name": "Shipitbaal Inscription",
      "description": "Fragmentary inscription mentioning Shipitbaal",
      "location": "Byblos, Lebanon",
      "date_discovered": "1938",
      "material": "Bronze fragment",
      "script_direction": "right_to_left", 
      "sign_sequence": ["B008", "B002", "B006", "B002", "B001", "B011", "B017", "B011"],
      "transliteration": "?sha ?ba ?ta ?ba ?a ?la ?water ?la",
      "proposed_reading": "Shipitbaal, son of...",
      "confidence": 0.2,
      "source": "Dunand, Byblia Grammata",
      "notes": "Fragmentary, patronymic formula suspected"
    },
    "ByE": {
      "inscription_id": "ByE",
      "name": "Byblos Spatula Inscription",
      "description": "Inscription on a bronze spatula",
      "location": "Byblos, Lebanon",
      "date_discovered": "1945",
      "material": "Bronze spatula",
      "script_direction": "right_to_left",
      "sign_sequence": ["B001", "B004", "B019", "B008", "B015", "B012", "B016"],
      "transliteration": "?a ?ra ?eye ?sha ?fish ?bird ?sun",
      "proposed_reading": "Dedication to Resheph(?)",
      "confidence": 0.1,
      "source": "Dunand, Byblia Grammata",
      "notes": "Possible votive inscription, very uncertain reading"
    },
    "ByF": {
      "inscription_id": "ByF", 
      "name": "Byblos Cone Inscription",
      "description": "Text on a clay cone",
      "location": "Byblos, Lebanon",
      "date_discovered": "1952",
      "material": "Clay cone",
      "script_direction": "right_to_left",
      "sign_sequence": ["B002", "B020", "B009", "B013", "B002", "B011", "B001"],
      "transliteration": "?ba ?hand ?ka ?man ?ba ?la ?a",
      "proposed_reading": "By the hand of... Baal",
      "confidence": 0.3,
      "source": "Dunand, Byblia Grammata",
      "notes": "Possible dedication formula"
    },
    "ByG": {
      "inscription_id": "ByG",
      "name": "Byblos Bowl Inscription", 
      "description": "Circular inscription on bronze bowl rim",
      "location": "Byblos, Lebanon",
      "date_discovered": "1954",
      "material": "Bronze bowl",
      "script_direction": "circular", 
      "sign_sequence": ["B016", "B004", "B008", "B019", "B011", "B017"],
      "transliteration": "?sun ?ra ?sha ?eye ?la ?water",
      "proposed_reading": "Property of... priest of...",
      "confidence": 0.2,
      "source": "Dunand, Byblia Grammata",
      "notes": "Ownership inscription, circular arrangement unusual"
    },
    "ByH": {
      "inscription_id": "ByH",
      "name": "Byblos Seal Impression",
      "description": "Impression from royal seal",
      "location": "Byblos, Lebanon", 
      "date_discovered": "1960",
      "material": "Clay seal impression",
      "script_direction": "right_to_left",
      "sign_sequence": ["B005", "B009", "B014", "B017", "B011"],
      "transliteration": "?na ?ka ?tree ?water ?la", 
      "proposed_reading": "Seal of... king",
      "confidence": 0.1,
      "source": "Garbini studies",
      "notes": "Fragmentary impression, reading very uncertain"
    },
    "ByI": {
      "inscription_id": "ByI",
      "name": "Byblos Stone Fragment",
      "description": "Fragment of larger stone inscription",
      "location": "Byblos, Lebanon",
      "date_discovered": "1965",
      "material": "Limestone fragment",
      "script_direction": "right_to_left",
      "sign_sequence": ["B006", "B010", "B015", "B007"],
      "transliteration": "?ta ?ga ?fish ?da",
      "proposed_reading": "Unknown",
      "confidence": 0.1,
      "source": "Sass comparative tables",
      "notes": "Too fragmentary for meaningful interpretation"
    },
    "ByJ": {
      "inscription_id": "ByJ",
      "name": "Byblos Ostracon",
      "description": "Inscription on pottery sherd",
      "location": "Byblos, Lebanon",
      "date_discovered": "1970", 
      "material": "Pottery ostracon",
      "script_direction": "right_to_left",
      "sign_sequence": ["B007", "B018", "B006"],
      "transliteration": "?da ?mountain ?ta",
      "proposed_reading": "Unknown", 
      "confidence": 0.05,
      "source": "Mendenhall studies",
      "notes": "Informal inscription, possibly practice text"
    }
  },
  "patterns": {
    "frequent_sequences": [
      {
        "sequence": ["B001", "B011"],
        "transliteration": "?a ?la", 
        "frequency": 6,
        "interpretation": "Possible name element or divine epithet",
        "confidence": 0.3
      },
      {
        "sequence": ["B002", "B001", "B011"],
        "transliteration": "?ba ?a ?la",
        "frequency": 4,
        "interpretation": "Theophoric element 'Baal'",
        "confidence": 0.4
      },
      {
        "sequence": ["B013", "B004"],
        "transliteration": "?man ?ra",
        "frequency": 3,
        "interpretation": "Title + name formula",
        "confidence": 0.2
      }
    ],
    "word_boundaries": {
      "method": "statistical_clustering",
      "separators": ["B016", "B017"],
      "confidence": 0.2,
      "notes": "Tentative word division based on sign distribution"
    },
    "directionality": {
      "primary": "right_to_left",
      "evidence": "Comparison with contemporary scripts",
      "confidence": 0.7
    }
  },
  "comparative_data": {
    "proto_sinaitic_connections": {
      "B001": "PS_aleph",
      "B002": "PS_beth", 
      "B004": "PS_resh",
      "B005": "PS_nun",
      "B011": "PS_lamed",
      "B019": "PS_ayin",
      "B020": "PS_yod"
    },
    "phonetic_hypothesis": {
      "vowel_pattern": "CV_syllabary",
      "consonant_inventory": ["ʔ", "b", "g", "d", "h", "w", "z", "ḥ", "ṭ", "j", "k", "l", "m", "n", "s", "ʕ", "p", "ṣ", "q", "r", "ʃ", "t"],
      "vowel_inventory": ["a", "i", "u"],
      "certainty": 0.2,
      "notes": "Hypothetical reconstruction based on Semitic language family patterns"
    }
  },
  "statistical_analysis": {
    "total_sign_tokens": 87,
    "unique_signs": 20,
    "most_frequent_signs": ["B004", "B001", "B011", "B002", "B017"],
    "least_frequent_signs": ["B007", "B010", "B018"],
    "average_inscription_length": 8.7,
    "sign_position_preferences": {
      "initial": ["B001", "B002", "B016"],
      "medial": ["B004", "B011", "B017"],  
      "final": ["B011", "B001", "B004"]
    },
    "entropy": 3.2,
    "notes": "Low entropy suggests limited corpus size affects statistical reliability"
  }
}
