{
  "$schema": "http://json-schema.org/draft-07/schema#",
  "title": "Angerthas Moria - Cirth Mapping Table",
  "description": "Latin to Cirth rune mappings based on Tolkien's Appendix E",
  "version": "1.0",
  "created": "2025-07-11",
  "source": "LOTR Appendix E - Writing and Spelling",
  "unicode_range": "U+16A0-U+16FF",
  "mappings": {
    "consonants": {
      "p": "ᚹ",
      "b": "ᚠ", 
      "f": "ᚡ",
      "v": "ᚢ",
      "m": "ᚥ",
      "t": "ᛏ",
      "d": "ᛞ",
      "th": "ᚦ",
      "dh": "ᚧ",
      "n": "ᚾ",
      "r": "ᚱ",
      "ch": "ᚴ",
      "j": "ᚵ",
      "sh": "ᚲ",
      "zh": "ᚶ",
      "k": "ᚴ",
      "g": "ᚷ",
      "kh": "ᚸ",
      "gh": "ᚹ",
      "ng": "ᚯ",
      "nj": "ᚰ",
      "hw": "ᚱ",
      "s": "ᛋ",
      "z": "ᛌ",
      "h": "ᚺ",
      "l": "ᛚ",
      "lh": "ᛛ"
    },
    "vowels": {
      "a": "ᚨ",
      "e": "ᛖ", 
      "i": "ᛁ",
      "o": "ᛟ",
      "u": "ᚢ",
      "y": "ᚤ"
    },
    "long_vowels": {
      "â": "ᚨᚨ",
      "ê": "ᛖᛖ",
      "î": "ᛁᛁ", 
      "ô": "ᛟᛟ",
      "û": "ᚢᚢ"
    },
    "special": {
      "-": "·",
      "'": "'",
      "!": "!",
      ".": ".",
      " ": " "
    }
  },
  "notes": {
    "transcription": "This mapping follows the Angerthas Moria system as described in LOTR Appendix E",
    "limitations": "Some Khuzdul sounds may not have exact Cirth equivalents",
    "font_recommendation": "Use Dan Smith's 'Cirth Erebor' font for proper display"
  }
}
