{
  "verb_conjugations": {
    "regular_verbs": {
      "omega_verbs": {
        "description": "Regular -ω verbs (thematic)",
        "example": "λύω",
        "tenses": {
          "present": {
            "active": {
              "indicative": {
                "singular": ["ω", "εις", "ει"],
                "dual": ["ομεν", "ετον", "ετον"],
                "plural": ["ομεν", "ετε", "ουσι"]
              },
              "subjunctive": {
                "singular": ["ω", "ῃς", "ῃ"],
                "dual": ["ωμεν", "ητον", "ητον"],
                "plural": ["ωμεν", "ητε", "ωσι"]
              },
              "optative": {
                "singular": ["οιμι", "οις", "οι"],
                "dual": ["οιμεν", "οιτον", "οιτην"],
                "plural": ["οιμεν", "οιτε", "οιεν"]
              },
              "imperative": {
                "singular": ["", "ε", "ετω"],
                "dual": ["", "ετον", "ετων"],
                "plural": ["", "ετε", "οντων"]
              },
              "infinitive": "ειν",
              "participle": {
                "masculine": "ων",
                "feminine": "ουσα", 
                "neuter": "ον"
              }
            },
            "middle_passive": {
              "indicative": {
                "singular": ["ομαι", "ῃ", "εται"],
                "dual": ["ομεθον", "εσθον", "εσθον"],
                "plural": ["ομεθα", "εσθε", "ονται"]
              },
              "subjunctive": {
                "singular": ["ωμαι", "ῃ", "ηται"],
                "dual": ["ωμεθον", "ησθον", "ησθον"],
                "plural": ["ωμεθα", "ησθε", "ωνται"]
              },
              "optative": {
                "singular": ["οιμην", "οιο", "οιτο"],
                "dual": ["οιμεθον", "οισθον", "οισθην"],
                "plural": ["οιμεθα", "οισθε", "οιντο"]
              },
              "imperative": {
                "singular": ["", "ου", "εσθω"],
                "dual": ["", "εσθον", "εσθων"],
                "plural": ["", "εσθε", "εσθων"]
              },
              "infinitive": "εσθαι",
              "participle": {
                "masculine": "ομενος",
                "feminine": "ομενη",
                "neuter": "ομενον"
              }
            }
          },
          "imperfect": {
            "active": {
              "indicative": {
                "singular": ["ον", "ες", "ε"],
                "dual": ["ομεν", "ετον", "ετην"],
                "plural": ["ομεν", "ετε", "ον"]
              }
            },
            "middle_passive": {
              "indicative": {
                "singular": ["ομην", "ου", "ετο"],
                "dual": ["ομεθον", "εσθον", "εσθην"],
                "plural": ["ομεθα", "εσθε", "οντο"]
              }
            }
          },
          "future": {
            "active": {
              "indicative": {
                "singular": ["σω", "σεις", "σει"],
                "dual": ["σομεν", "σετον", "σετον"],
                "plural": ["σομεν", "σετε", "σουσι"]
              },
              "optative": {
                "singular": ["σοιμι", "σοις", "σοι"],
                "dual": ["σοιμεν", "σοιτον", "σοιτην"],
                "plural": ["σοιμεν", "σοιτε", "σοιεν"]
              },
              "infinitive": "σειν",
              "participle": {
                "masculine": "σων",
                "feminine": "σουσα",
                "neuter": "σον"
              }
            },
            "middle": {
              "indicative": {
                "singular": ["σομαι", "σῃ", "σεται"],
                "dual": ["σομεθον", "σεσθον", "σεσθον"],
                "plural": ["σομεθα", "σεσθε", "σονται"]
              },
              "optative": {
                "singular": ["σοιμην", "σοιο", "σοιτο"],
                "dual": ["σοιμεθον", "σοισθον", "σοισθην"],
                "plural": ["σοιμεθα", "σοισθε", "σοιντο"]
              },
              "infinitive": "σεσθαι",
              "participle": {
                "masculine": "σομενος",
                "feminine": "σομενη",
                "neuter": "σομενον"
              }
            }
          },
          "aorist": {
            "active": {
              "indicative": {
                "singular": ["σα", "σας", "σε"],
                "dual": ["σαμεν", "σατον", "σατην"],
                "plural": ["σαμεν", "σατε", "σαν"]
              },
              "subjunctive": {
                "singular": ["σω", "σῃς", "σῃ"],
                "dual": ["σωμεν", "σητον", "σητον"],
                "plural": ["σωμεν", "σητε", "σωσι"]
              },
              "optative": {
                "singular": ["σαιμι", "σαις", "σαι"],
                "dual": ["σαιμεν", "σαιτον", "σαιτην"],
                "plural": ["σαιμεν", "σαιτε", "σαιεν"]
              },
              "imperative": {
                "singular": ["", "σον", "σατω"],
                "dual": ["", "σατον", "σατων"],
                "plural": ["", "σατε", "σαντων"]
              },
              "infinitive": "σαι",
              "participle": {
                "masculine": "σας",
                "feminine": "σασα",
                "neuter": "σαν"
              }
            },
            "middle": {
              "indicative": {
                "singular": ["σαμην", "σω", "σατο"],
                "dual": ["σαμεθον", "σασθον", "σασθην"],
                "plural": ["σαμεθα", "σασθε", "σαντο"]
              },
              "subjunctive": {
                "singular": ["σωμαι", "σῃ", "σηται"],
                "dual": ["σωμεθον", "σησθον", "σησθον"],
                "plural": ["σωμεθα", "σησθε", "σωνται"]
              },
              "optative": {
                "singular": ["σαιμην", "σαιο", "σαιτο"],
                "dual": ["σαιμεθον", "σαισθον", "σαισθην"],
                "plural": ["σαιμεθα", "σαισθε", "σαιντο"]
              },
              "imperative": {
                "singular": ["", "σαι", "σασθω"],
                "dual": ["", "σασθον", "σασθων"],
                "plural": ["", "σασθε", "σασθων"]
              },
              "infinitive": "σασθαι",
              "participle": {
                "masculine": "σαμενος",
                "feminine": "σαμενη",
                "neuter": "σαμενον"
              }
            },
            "passive": {
              "indicative": {
                "singular": ["θην", "θης", "θη"],
                "dual": ["θημεν", "θητον", "θητην"],
                "plural": ["θημεν", "θητε", "θησαν"]
              },
              "subjunctive": {
                "singular": ["θω", "θῃς", "θῃ"],
                "dual": ["θωμεν", "θητον", "θητον"],
                "plural": ["θωμεν", "θητε", "θωσι"]
              },
              "optative": {
                "singular": ["θειην", "θειης", "θειη"],
                "dual": ["θειημεν", "θειητον", "θειητην"],
                "plural": ["θειημεν", "θειητε", "θειησαν"]
              },
              "imperative": {
                "singular": ["", "θητι", "θητω"],
                "dual": ["", "θητον", "θητων"],
                "plural": ["", "θητε", "θεντων"]
              },
              "infinitive": "θηναι",
              "participle": {
                "masculine": "θεις",
                "feminine": "θεισα",
                "neuter": "θεν"
              }
            }
          },
          "perfect": {
            "active": {
              "indicative": {
                "singular": ["κα", "κας", "κε"],
                "dual": ["καμεν", "κατον", "κατον"],
                "plural": ["καμεν", "κατε", "κασι"]
              },
              "subjunctive": {
                "singular": ["κω", "κῃς", "κῃ"],
                "dual": ["κωμεν", "κητον", "κητον"],
                "plural": ["κωμεν", "κητε", "κωσι"]
              },
              "optative": {
                "singular": ["κοιμι", "κοις", "κοι"],
                "dual": ["κοιμεν", "κοιτον", "κοιτην"],
                "plural": ["κοιμεν", "κοιτε", "κοιεν"]
              },
              "infinitive": "κεναι",
              "participle": {
                "masculine": "κως",
                "feminine": "κυια",
                "neuter": "κος"
              }
            },
            "middle_passive": {
              "indicative": {
                "singular": ["μαι", "σαι", "ται"],
                "dual": ["μεθον", "σθον", "σθον"],
                "plural": ["μεθα", "σθε", "νται"]
              },
              "subjunctive": {
                "singular": ["μαι", "σο", "ται"],
                "dual": ["μεθον", "σθον", "σθον"],
                "plural": ["μεθα", "σθε", "νται"]
              },
              "optative": {
                "singular": ["μην", "σο", "το"],
                "dual": ["μεθον", "σθον", "σθην"],
                "plural": ["μεθα", "σθε", "ντο"]
              },
              "infinitive": "σθαι",
              "participle": {
                "masculine": "μενος",
                "feminine": "μενη",
                "neuter": "μενον"
              }
            }
          }
        }
      },
      "mi_verbs": {
        "description": "Athematic verbs (-μι verbs)",
        "example": "δίδωμι",
        "note": "Complex irregular patterns - simplified for core functionality"
      }
    },
    "irregular_verbs": {
      "eimi": {
        "lemma": "εἰμί",
        "meaning": "to be",
        "forms": {
          "present": {
            "active": {
              "indicative": {
                "singular": ["εἰμί", "εἶ", "ἐστί"],
                "dual": ["ἐσμέν", "ἐστόν", "ἐστόν"],
                "plural": ["ἐσμέν", "ἐστέ", "εἰσί"]
              },
              "subjunctive": {
                "singular": ["ὦ", "ῇς", "ῇ"],
                "dual": ["ὦμεν", "ἦτον", "ἦτον"],
                "plural": ["ὦμεν", "ἦτε", "ὦσι"]
              },
              "optative": {
                "singular": ["εἴην", "εἴης", "εἴη"],
                "dual": ["εἴημεν", "εἴητον", "εἰήτην"],
                "plural": ["εἴημεν", "εἴητε", "εἴησαν"]
              },
              "imperative": {
                "singular": ["", "ἴσθι", "ἔστω"],
                "dual": ["", "ἔστον", "ἔστων"],
                "plural": ["", "ἔστε", "ὄντων"]
              },
              "infinitive": "εἶναι",
              "participle": {
                "masculine": "ὤν",
                "feminine": "οὖσα",
                "neuter": "ὄν"
              }
            }
          },
          "imperfect": {
            "active": {
              "indicative": {
                "singular": ["ἦ", "ἦσθα", "ἦν"],
                "dual": ["ἦμεν", "ἦστον", "ἤστην"],
                "plural": ["ἦμεν", "ἦστε", "ἦσαν"]
              }
            }
          },
          "future": {
            "active": {
              "indicative": {
                "singular": ["ἔσομαι", "ἔσῃ", "ἔσται"],
                "dual": ["ἐσόμεθον", "ἔσεσθον", "ἔσεσθον"],
                "plural": ["ἐσόμεθα", "ἔσεσθε", "ἔσονται"]
              }
            }
          }
        }
      }
    }
  }
}
