[
  {
    "id": 1,
    "english": ["water", "liquid", "river", "stream"],
    "hieroglyph": "𓈖",
    "unicode": "U+13216",
    "gardiner": "N35",
    "transliteration": "n",
    "mdc": "n",
    "type": "phonetic",
    "class": "uniliteral",
    "determinative": false,
    "phonetic": true,
    "ideogram": false,
    "period": "Old Kingdom onwards",
    "frequency": "very_common",
    "root": "n",
    "pos": ["noun", "phonetic"],
    "gender": "masculine",
    "source": "Faulkner-Dict-p130; Gardiner-Grammar-§26",
    "notes": "Primary phonetic sign for /n/. Also used as determinative for water-related concepts."
  },
  {
    "id": 2,
    "english": ["house", "estate", "temple", "building"],
    "hieroglyph": "𓉐",
    "unicode": "U+13250",
    "gardiner": "O1",
    "transliteration": "pr",
    "mdc": "pr",
    "type": "ideogram",
    "class": "biliteral",
    "determinative": true,
    "phonetic": true,
    "ideogram": true,
    "period": "Old Kingdom onwards",
    "frequency": "very_common",
    "root": "pr",
    "pos": ["noun"],
    "gender": "masculine",
    "source": "Faulkner-Dict-p93; Gardiner-Grammar-§34",
    "notes": "Basic ideogram for house/building. Frequently used in compound expressions."
  },
  {
    "id": 3,
    "english": ["bird", "duck", "fowl"],
    "hieroglyph": "𓅿",
    "unicode": "U+1317F",
    "gardiner": "G1",
    "transliteration": "A",
    "mdc": "A",
    "type": "phonetic",
    "class": "uniliteral",
    "determinative": true,
    "phonetic": true,
    "ideogram": false,
    "period": "Old Kingdom onwards",
    "frequency": "very_common",
    "root": "A",
    "pos": ["noun", "phonetic"],
    "gender": "masculine",
    "source": "Faulkner-Dict-p43; Gardiner-Grammar-§26",
    "notes": "Represents Egyptian vulture. Primary phonetic for glottal stop /ʔ/."
  },
  {
    "id": 4,
    "english": ["sun", "day", "Ra", "solar disk"],
    "hieroglyph": "𓇳",
    "unicode": "U+131F3",
    "gardiner": "N5",
    "transliteration": "ra",
    "mdc": "ra",
    "type": "ideogram",
    "class": "biliteral",
    "determinative": true,
    "phonetic": true,
    "ideogram": true,
    "period": "Old Kingdom onwards",
    "frequency": "very_common",
    "root": "rꜥ",
    "pos": ["noun", "divine_name"],
    "gender": "masculine",
    "source": "Faulkner-Dict-p144; Gardiner-Grammar-§71",
    "notes": "Solar disk. Divine name Ra. Can function as phonetic /ra/ or ideogram."
  },
  {
    "id": 5,
    "english": ["king", "pharaoh", "ruler", "sovereign"],
    "hieroglyph": "𓇓",
    "unicode": "U+131D3",
    "gardiner": "M23",
    "transliteration": "nsw",
    "mdc": "nsw",
    "type": "ideogram",
    "class": "triliteral",
    "determinative": true,
    "phonetic": true,
    "ideogram": true,
    "period": "Old Kingdom onwards",
    "frequency": "common",
    "root": "nsw",
    "pos": ["noun", "title"],
    "gender": "masculine",
    "source": "Faulkner-Dict-p134; Gardiner-Grammar-§81",
    "notes": "Sedge plant representing Upper Egypt. Standard ideogram for king/pharaoh."
  },
  {
    "id": 6,
    "english": ["god", "deity", "divine"],
    "hieroglyph": "𓊹",
    "unicode": "U+132B9",
    "gardiner": "R8",
    "transliteration": "ntr",
    "mdc": "nTr",
    "type": "ideogram",
    "class": "triliteral",
    "determinative": true,
    "phonetic": true,
    "ideogram": true,
    "period": "Old Kingdom onwards",
    "frequency": "very_common",
    "root": "nṯr",
    "pos": ["noun", "adjective"],
    "gender": "masculine",
    "source": "Faulkner-Dict-p125; Gardiner-Grammar-§12",
    "notes": "Divine flag/standard. Primary word for god/divine. Common determinative."
  },
  {
    "id": 7,
    "english": ["great", "big", "large", "elder"],
    "hieroglyph": "𓄿𓄿",
    "unicode": "U+1303F U+1303F",
    "gardiner": "D36 D36",
    "transliteration": "aA",
    "mdc": "aA",
    "type": "ideogram",
    "class": "biliteral",
    "determinative": false,
    "phonetic": true,
    "ideogram": true,
    "period": "Old Kingdom onwards",
    "frequency": "very_common",
    "root": "ꜥꜣ",
    "pos": ["adjective", "noun"],
    "gender": "masculine",
    "source": "Faulkner-Dict-p4; Gardiner-Grammar-§57",
    "notes": "Doubled forearm. Standard adjective for great/big. Often follows nouns."
  },
  {
    "id": 8,
    "english": ["man", "person", "human", "male"],
    "hieroglyph": "𓀀",
    "unicode": "U+13000",
    "gardiner": "A1",
    "transliteration": "",
    "mdc": "",
    "type": "determinative",
    "class": "determinative",
    "determinative": true,
    "phonetic": false,
    "ideogram": false,
    "period": "Old Kingdom onwards",
    "frequency": "very_common",
    "root": "",
    "pos": ["determinative"],
    "gender": "masculine",
    "source": "Gardiner-Grammar-§12; Faulkner-Dict-general",
    "notes": "Standard determinative for adult male, masculine professions, human actions."
  },
  {
    "id": 9,
    "english": ["woman", "female", "lady"],
    "hieroglyph": "𓁐",
    "unicode": "U+13050",
    "gardiner": "B1",
    "transliteration": "",
    "mdc": "",
    "type": "determinative",
    "class": "determinative",
    "determinative": true,
    "phonetic": false,
    "ideogram": false,
    "period": "Old Kingdom onwards",
    "frequency": "very_common",
    "root": "",
    "pos": ["determinative"],
    "gender": "feminine",
    "source": "Gardiner-Grammar-§12; Faulkner-Dict-general",
    "notes": "Standard determinative for adult female, feminine professions."
  },
  {
    "id": 10,
    "english": ["mouth", "speech", "utterance", "opening"],
    "hieroglyph": "𓂋",
    "unicode": "U+1308B",
    "gardiner": "D21",
    "transliteration": "r",
    "mdc": "r",
    "type": "phonetic",
    "class": "uniliteral",
    "determinative": true,
    "phonetic": true,
    "ideogram": true,
    "period": "Old Kingdom onwards",
    "frequency": "very_common",
    "root": "r",
    "pos": ["noun", "phonetic", "preposition"],
    "gender": "masculine",
    "source": "Faulkner-Dict-p144; Gardiner-Grammar-§26",
    "notes": "Human mouth in profile. Phonetic /r/, preposition 'to/towards', noun 'mouth'."
  },
  {
    "id": 11,
    "english": ["bread", "loaf", "food"],
    "hieroglyph": "𓏏",
    "unicode": "U+133CF",
    "gardiner": "X1",
    "transliteration": "t",
    "mdc": "t",
    "type": "phonetic",
    "class": "uniliteral",
    "determinative": true,
    "phonetic": true,
    "ideogram": true,
    "period": "Old Kingdom onwards",
    "frequency": "very_common",
    "root": "t",
    "pos": ["noun", "phonetic"],
    "gender": "feminine",
    "source": "Faulkner-Dict-p294; Gardiner-Grammar-§26",
    "notes": "Bread loaf. Phonetic /t/, ideogram for bread/food. Feminine ending marker."
  },
  {
    "id": 12,
    "english": ["hand", "arm", "give", "action"],
    "hieroglyph": "𓂞",
    "unicode": "U+1309E",
    "gardiner": "D37",
    "transliteration": "d",
    "mdc": "d",
    "type": "phonetic",
    "class": "uniliteral",
    "determinative": true,
    "phonetic": true,
    "ideogram": false,
    "period": "Old Kingdom onwards",
    "frequency": "very_common",
    "root": "d",
    "pos": ["noun", "phonetic"],
    "gender": "feminine",
    "source": "Faulkner-Dict-p318; Gardiner-Grammar-§26",
    "notes": "Human hand/forearm. Phonetic /d/, determinative for hand actions."
  },
  {
    "id": 13,
    "english": ["sky", "heaven", "ceiling"],
    "hieroglyph": "𓊪",
    "unicode": "U+132AA",
    "gardiner": "N1",
    "transliteration": "pt",
    "mdc": "pt",
    "type": "ideogram",
    "class": "biliteral",
    "determinative": true,
    "phonetic": true,
    "ideogram": true,
    "period": "Old Kingdom onwards",
    "frequency": "common",
    "root": "pt",
    "pos": ["noun"],
    "gender": "feminine",
    "source": "Faulkner-Dict-p91; Gardiner-Grammar-§71",
    "notes": "Sky/heaven hieroglyph. Often appears in cosmological contexts."
  },
  {
    "id": 14,
    "english": ["earth", "land", "ground"],
    "hieroglyph": "𓇾",
    "unicode": "U+131FE",
    "gardiner": "N16",
    "transliteration": "tA",
    "mdc": "tA",
    "type": "ideogram",
    "class": "biliteral",
    "determinative": true,
    "phonetic": true,
    "ideogram": true,
    "period": "Old Kingdom onwards",
    "frequency": "very_common",
    "root": "tꜣ",
    "pos": ["noun"],
    "gender": "feminine",
    "source": "Faulkner-Dict-p290; Gardiner-Grammar-§71",
    "notes": "Flat piece of land. Standard word for earth/land/country."
  },
  {
    "id": 15,
    "english": ["love", "desire", "wish"],
    "hieroglyph": "𓌻",
    "unicode": "U+1333B",
    "gardiner": "Y3",
    "transliteration": "mr",
    "mdc": "mr",
    "type": "ideogram",
    "class": "biliteral",
    "determinative": false,
    "phonetic": true,
    "ideogram": true,
    "period": "Old Kingdom onwards",
    "frequency": "common",
    "root": "mr",
    "pos": ["verb", "noun"],
    "gender": "masculine",
    "source": "Faulkner-Dict-p108; Allen-Grammar-§15.4",
    "notes": "Writing palette. Root meaning 'to love/desire'. Common in personal names."
  },
  {
    "id": 16,
    "english": ["beautiful", "good", "perfect"],
    "hieroglyph": "𓄤",
    "unicode": "U+13124",
    "gardiner": "F35",
    "transliteration": "nfr",
    "mdc": "nfr",
    "type": "ideogram",
    "class": "triliteral",
    "determinative": false,
    "phonetic": true,
    "ideogram": true,
    "period": "Old Kingdom onwards",
    "frequency": "very_common",
    "root": "nfr",
    "pos": ["adjective", "verb"],
    "gender": "masculine",
    "source": "Faulkner-Dict-p129; Gardiner-Grammar-§57",
    "notes": "Heart and windpipe. Standard adjective for good/beautiful/perfect."
  },
  {
    "id": 17,
    "english": ["life", "to live", "alive"],
    "hieroglyph": "𓋹",
    "unicode": "U+132F9",
    "gardiner": "S34",
    "transliteration": "anx",
    "mdc": "anx",
    "type": "ideogram",
    "class": "triliteral",
    "determinative": false,
    "phonetic": true,
    "ideogram": true,
    "period": "Old Kingdom onwards",
    "frequency": "very_common",
    "root": "ꜥnḫ",
    "pos": ["noun", "verb"],
    "gender": "masculine",
    "source": "Faulkner-Dict-p35; Gardiner-Grammar-§71",
    "notes": "Ankh symbol. Primary word for life. Sacred symbol of eternal life."
  },
  {
    "id": 18,
    "english": ["strength", "power", "might"],
    "hieroglyph": "𓍢",
    "unicode": "U+13362",
    "gardiner": "S43",
    "transliteration": "wAs",
    "mdc": "wAs",
    "type": "ideogram",
    "class": "triliteral",
    "determinative": false,
    "phonetic": true,
    "ideogram": true,
    "period": "Old Kingdom onwards",
    "frequency": "common",
    "root": "wꜣs",
    "pos": ["noun"],
    "gender": "masculine",
    "source": "Faulkner-Dict-p56; Gardiner-Grammar-§71",
    "notes": "Was scepter. Symbol of divine power and dominion."
  },
  {
    "id": 19,
    "english": ["stability", "endurance", "permanence"],
    "hieroglyph": "𓊽",
    "unicode": "U+132BD",
    "gardiner": "R11",
    "transliteration": "Dd",
    "mdc": "Dd",
    "type": "ideogram",
    "class": "biliteral",
    "determinative": false,
    "phonetic": true,
    "ideogram": true,
    "period": "Old Kingdom onwards",
    "frequency": "common",
    "root": "ḏd",
    "pos": ["noun", "verb"],
    "gender": "masculine",
    "source": "Faulkner-Dict-p322; Gardiner-Grammar-§71",
    "notes": "Djed pillar. Symbol of stability and endurance of Osiris."
  },
  {
    "id": 20,
    "english": ["protection", "amulet", "safeguard"],
    "hieroglyph": "𓋴",
    "unicode": "U+132F4",
    "gardiner": "V17",
    "transliteration": "sA",
    "mdc": "sA",
    "type": "ideogram",
    "class": "biliteral",
    "determinative": false,
    "phonetic": true,
    "ideogram": true,
    "period": "Old Kingdom onwards",
    "frequency": "common",
    "root": "sꜣ",
    "pos": ["noun", "verb"],
    "gender": "masculine",
    "source": "Faulkner-Dict-p200; Gardiner-Grammar-§71",
    "notes": "Tyet knot. Protective amulet associated with Isis."
  },
  {
    "id": 21,
    "english": ["speak", "say", "tell", "utter"],
    "hieroglyph": "𓂞",
    "unicode": "U+1309E",
    "gardiner": "D19",
    "transliteration": "md",
    "mdc": "md",
    "type": "phonetic",
    "class": "biliteral",
    "determinative": false,
    "phonetic": true,
    "ideogram": false,
    "period": "Old Kingdom onwards",
    "frequency": "very_common",
    "root": "md",
    "pos": ["verb"],
    "gender": "neutral",
    "source": "Faulkner-Dict-p118; Gardiner-Grammar-§45",
    "notes": "Primary verb for speaking and verbal communication."
  },
  {
    "id": 22,
    "english": ["the", "this", "that"],
    "hieroglyph": "𓊪",
    "unicode": "U+132AA",
    "gardiner": "N1",
    "transliteration": "pt",
    "mdc": "pt",
    "type": "phonetic",
    "class": "biliteral",
    "determinative": false,
    "phonetic": true,
    "ideogram": false,
    "period": "Old Kingdom onwards",
    "frequency": "very_common",
    "root": "pt",
    "pos": ["article", "demonstrative"],
    "gender": "neutral",
    "source": "Faulkner-Dict-p90; Gardiner-Grammar-§34",
    "notes": "Demonstrative article and sky determinative."
  },
  {
    "id": 23,
    "english": ["give", "offer", "grant", "bestow"],
    "hieroglyph": "𓂞",
    "unicode": "U+1309E",
    "gardiner": "D37",
    "transliteration": "di",
    "mdc": "di",
    "type": "phonetic",
    "class": "biliteral",
    "determinative": false,
    "phonetic": true,
    "ideogram": false,
    "period": "Old Kingdom onwards",
    "frequency": "very_common",
    "root": "rdi",
    "pos": ["verb"],
    "gender": "neutral",
    "source": "Faulkner-Dict-p172; Gardiner-Grammar-§45",
    "notes": "Fundamental verb of giving and offering. Often used in temple contexts."
  },
  {
    "id": 24,
    "english": ["love", "beloved", "dear"],
    "hieroglyph": "𓌸",
    "unicode": "U+13338",
    "gardiner": "F34",
    "transliteration": "mr",
    "mdc": "mr",
    "type": "phonetic",
    "class": "biliteral",
    "determinative": false,
    "phonetic": true,
    "ideogram": false,
    "period": "Old Kingdom onwards",
    "frequency": "common",
    "root": "mr",
    "pos": ["verb", "adjective"],
    "gender": "neutral",
    "source": "Faulkner-Dict-p104; Gardiner-Grammar-§55",
    "notes": "Heart determinative for emotions. Primary verb for love and affection."
  },
  {
    "id": 25,
    "english": ["come", "arrive", "approach"],
    "hieroglyph": "𓇋",
    "unicode": "U+131CB",
    "gardiner": "M17",
    "transliteration": "i",
    "mdc": "i",
    "type": "phonetic",
    "class": "uniliteral",
    "determinative": false,
    "phonetic": true,
    "ideogram": false,
    "period": "Old Kingdom onwards",
    "frequency": "very_common",
    "root": "ii",
    "pos": ["verb", "phonetic"],
    "gender": "neutral",
    "source": "Faulkner-Dict-p20; Gardiner-Grammar-§26",
    "notes": "Reed leaf. Primary phonetic /i/ and common verb root."
  },
  {
    "id": 26,
    "english": ["great", "big", "large", "mighty"],
    "hieroglyph": "𓄿",
    "unicode": "U+1303F",
    "gardiner": "F12",
    "transliteration": "aA",
    "mdc": "aA",
    "type": "phonetic",
    "class": "biliteral",
    "determinative": false,
    "phonetic": true,
    "ideogram": false,
    "period": "Old Kingdom onwards",
    "frequency": "very_common",
    "root": "ꜥꜣ",
    "pos": ["adjective"],
    "gender": "neutral",
    "source": "Faulkner-Dict-p3; Gardiner-Grammar-§67",
    "notes": "Primary adjective for greatness and size. Often used with divine epithets."
  },
  {
    "id": 27,
    "english": ["in", "into", "within", "inside"],
    "hieroglyph": "𓌻",
    "unicode": "U+1333B",
    "gardiner": "N18",
    "transliteration": "m",
    "mdc": "m",
    "type": "phonetic",
    "class": "uniliteral",
    "determinative": false,
    "phonetic": true,
    "ideogram": false,
    "period": "Old Kingdom onwards",
    "frequency": "very_common",
    "root": "m",
    "pos": ["preposition", "phonetic"],
    "gender": "neutral",
    "source": "Faulkner-Dict-p100; Gardiner-Grammar-§26",
    "notes": "Primary preposition and phonetic /m/. Most frequent preposition in Egyptian."
  },
  {
    "id": 28,
    "english": ["is", "are", "be", "exist"],
    "hieroglyph": "𓊪",
    "unicode": "U+132AA",
    "gardiner": "Q3",
    "transliteration": "pw",
    "mdc": "pw",
    "type": "phonetic",
    "class": "biliteral",
    "determinative": false,
    "phonetic": true,
    "ideogram": false,
    "period": "Old Kingdom onwards",
    "frequency": "very_common",
    "root": "pw",
    "pos": ["verb", "copula"],
    "gender": "neutral",
    "source": "Faulkner-Dict-p86; Gardiner-Grammar-§47",
    "notes": "Copulative verb and demonstrative pronoun. Essential for nominal sentences."
  },
  {
    "id": 29,
    "english": ["beautiful", "good", "perfect", "fine"],
    "hieroglyph": "𓄤",
    "unicode": "U+13064",
    "gardiner": "F35",
    "transliteration": "nfr",
    "mdc": "nfr",
    "type": "phonetic",
    "class": "triliteral",
    "determinative": false,
    "phonetic": true,
    "ideogram": false,
    "period": "Old Kingdom onwards",
    "frequency": "very_common",
    "root": "nfr",
    "pos": ["adjective"],
    "gender": "neutral",
    "source": "Faulkner-Dict-p132; Gardiner-Grammar-§67",
    "notes": "Heart and windpipe. Primary adjective for beauty and goodness."
  },
  {
    "id": 30,
    "english": ["with", "together", "along"],
    "hieroglyph": "𓎛",
    "unicode": "U+1339B",
    "gardiner": "Aa1",
    "transliteration": "Hna",
    "mdc": "Hna",
    "type": "phonetic",
    "class": "triliteral",
    "determinative": false,
    "phonetic": true,
    "ideogram": false,
    "period": "Old Kingdom onwards",
    "frequency": "common",
    "root": "ḥnꜥ",
    "pos": ["preposition"],
    "gender": "neutral",
    "source": "Faulkner-Dict-p169; Gardiner-Grammar-§71",
    "notes": "Placenta symbol. Preposition indicating accompaniment and association."
  },
  {
    "id": 31,
    "english": ["I", "me", "my"],
    "hieroglyph": "𓇋",
    "unicode": "U+131CB",
    "gardiner": "M17",
    "transliteration": "i",
    "mdc": "i",
    "type": "phonetic",
    "class": "uniliteral",
    "determinative": false,
    "phonetic": true,
    "ideogram": false,
    "period": "Old Kingdom onwards",
    "frequency": "very_common",
    "root": "i",
    "pos": ["pronoun", "phonetic"],
    "gender": "neutral",
    "source": "Faulkner-Dict-p20; Gardiner-Grammar-§34",
    "notes": "First person pronoun and phonetic /i/. Reed leaf symbol."
  },
  {
    "id": 32,
    "english": ["you", "your", "thou"],
    "hieroglyph": "𓎡",
    "unicode": "U+133A1",
    "gardiner": "W11",
    "transliteration": "k",
    "mdc": "k",
    "type": "phonetic",
    "class": "uniliteral",
    "determinative": false,
    "phonetic": true,
    "ideogram": false,
    "period": "Old Kingdom onwards",
    "frequency": "very_common",
    "root": "k",
    "pos": ["pronoun", "phonetic"],
    "gender": "neutral",
    "source": "Faulkner-Dict-p286; Gardiner-Grammar-§34",
    "notes": "Second person pronoun and phonetic /k/. Basket with handle."
  },
  {
    "id": 33,
    "english": ["he", "him", "his", "it"],
    "hieroglyph": "𓆑",
    "unicode": "U+13191",
    "gardiner": "I9",
    "transliteration": "f",
    "mdc": "f",
    "type": "phonetic",
    "class": "uniliteral",
    "determinative": false,
    "phonetic": true,
    "ideogram": false,
    "period": "Old Kingdom onwards",
    "frequency": "very_common",
    "root": "f",
    "pos": ["pronoun", "phonetic"],
    "gender": "masculine",
    "source": "Faulkner-Dict-p93; Gardiner-Grammar-§34",
    "notes": "Third person masculine pronoun and phonetic /f/. Horned viper."
  },
  {
    "id": 34,
    "english": ["she", "her", "hers"],
    "hieroglyph": "𓋴",
    "unicode": "U+132F4",
    "gardiner": "S29",
    "transliteration": "s",
    "mdc": "s",
    "type": "phonetic",
    "class": "uniliteral",
    "determinative": false,
    "phonetic": true,
    "ideogram": false,
    "period": "Old Kingdom onwards",
    "frequency": "very_common",
    "root": "s",
    "pos": ["pronoun", "phonetic"],
    "gender": "feminine",
    "source": "Faulkner-Dict-p257; Gardiner-Grammar-§34",
    "notes": "Third person feminine pronoun and phonetic /s/. Folded cloth."
  },
  {
    "id": 35,
    "english": ["we", "us", "our"],
    "hieroglyph": "𓈖",
    "unicode": "U+13216",
    "gardiner": "N35",
    "transliteration": "n",
    "mdc": "n",
    "type": "phonetic",
    "class": "uniliteral",
    "determinative": false,
    "phonetic": true,
    "ideogram": false,
    "period": "Old Kingdom onwards",
    "frequency": "very_common",
    "root": "n",
    "pos": ["pronoun", "phonetic"],
    "gender": "neutral",
    "source": "Faulkner-Dict-p130; Gardiner-Grammar-§34",
    "notes": "First person plural pronoun and phonetic /n/. Water ripple."
  }
]
