{
  "script_phase": "Cuneiform Elamite",
  "metadata": {
    "version": "1.0",
    "last_updated": "2025-08-04",
    "period": "c. 1500-400 BCE",
    "status": "well_deciphered",
    "total_signs": "approximately 130-150",
    "adaptation_source": "Mesopotamian_cuneiform",
    "sources": [
      "Hinz & Koch: Elamisches Wörterbuch",
      "Stolper: Elamite Administrative Archives", 
      "Paper: Cuneiform Elamite Lexicon",
      "Vallat: Corpus des inscriptions royales"
    ]
  },
  "historical_context": {
    "periods": {
      "middle_elamite": {
        "dates": "c. 1500-1100 BCE",
        "characteristics": "early_adaptation_akkadian_influence",
        "major_texts": ["Untash-Napirisha_inscriptions"]
      },
      "neo_elamite": {
        "dates": "c. 1100-539 BCE", 
        "characteristics": "standardized_royal_inscriptions",
        "major_texts": ["Susa_royal_inscriptions"]
      },
      "achaemenid_elamite": {
        "dates": "c. 539-400 BCE",
        "characteristics": "administrative_trilingual_inscriptions",
        "major_texts": ["Persepolis_Fortification", "Behistun_inscription"]
      }
    }
  },
  "syllabary": {
    "vowels": {
      "a": {
        "cuneiform": "𒀀",
        "frequency": "very_high",
        "confidence": 1.0,
        "usage": "word_initial_medial_final"
      },
      "e": {
        "cuneiform": "𒂊",
        "frequency": "high",
        "confidence": 0.98,
        "usage": "primarily_medial_final"
      },
      "i": {
        "cuneiform": "𒄿",
        "frequency": "very_high", 
        "confidence": 1.0,
        "usage": "word_initial_medial_final"
      },
      "u": {
        "cuneiform": "𒌋",
        "frequency": "very_high",
        "confidence": 1.0,
        "usage": "word_initial_medial_final"
      }
    },
    "CV_syllables": {
      "ba": {"cuneiform": "𒁀", "frequency": "medium", "confidence": 0.95},
      "be": {"cuneiform": "𒁁", "frequency": "low", "confidence": 0.90},
      "bi": {"cuneiform": "𒁉", "frequency": "medium", "confidence": 0.95},
      "bu": {"cuneiform": "𒁍", "frequency": "medium", "confidence": 0.95},
      "da": {"cuneiform": "𒁕", "frequency": "high", "confidence": 0.98},
      "di": {"cuneiform": "𒁲", "frequency": "medium", "confidence": 0.95},
      "du": {"cuneiform": "𒁺", "frequency": "high", "confidence": 0.98},
      "ga": {"cuneiform": "𒂵", "frequency": "medium", "confidence": 0.95},
      "gi": {"cuneiform": "𒄀", "frequency": "medium", "confidence": 0.95},
      "gu": {"cuneiform": "𒄖", "frequency": "medium", "confidence": 0.95},
      "ha": {"cuneiform": "𒄩", "frequency": "high", "confidence": 0.98},
      "hi": {"cuneiform": "𒄭", "frequency": "medium", "confidence": 0.95},
      "hu": {"cuneiform": "𒄷", "frequency": "high", "confidence": 0.98},
      "ka": {"cuneiform": "𒅗", "frequency": "very_high", "confidence": 1.0},
      "ki": {"cuneiform": "𒆠", "frequency": "high", "confidence": 0.98},
      "ku": {"cuneiform": "𒆪", "frequency": "high", "confidence": 0.98},
      "la": {"cuneiform": "𒆷", "frequency": "medium", "confidence": 0.95},
      "li": {"cuneiform": "𒇷", "frequency": "medium", "confidence": 0.95},
      "lu": {"cuneiform": "𒇻", "frequency": "medium", "confidence": 0.95},
      "ma": {"cuneiform": "𒈠", "frequency": "high", "confidence": 0.98},
      "me": {"cuneiform": "𒈨", "frequency": "very_high", "confidence": 1.0},
      "mi": {"cuneiform": "𒈪", "frequency": "medium", "confidence": 0.95},
      "mu": {"cuneiform": "𒈬", "frequency": "very_high", "confidence": 1.0},
      "na": {"cuneiform": "𒈾", "frequency": "very_high", "confidence": 1.0},
      "ne": {"cuneiform": "𒉈", "frequency": "medium", "confidence": 0.95},
      "ni": {"cuneiform": "𒉌", "frequency": "high", "confidence": 0.98},
      "nu": {"cuneiform": "𒉡", "frequency": "medium", "confidence": 0.95},
      "pa": {"cuneiform": "𒉺", "frequency": "medium", "confidence": 0.95},
      "pe": {"cuneiform": "𒉿", "frequency": "low", "confidence": 0.90},
      "pi": {"cuneiform": "𒁉", "frequency": "medium", "confidence": 0.95},
      "pu": {"cuneiform": "𒁍", "frequency": "medium", "confidence": 0.95},
      "ra": {"cuneiform": "𒊏", "frequency": "high", "confidence": 0.98},
      "re": {"cuneiform": "𒊑", "frequency": "medium", "confidence": 0.95},
      "ri": {"cuneiform": "𒊑", "frequency": "high", "confidence": 0.98},
      "ru": {"cuneiform": "𒊒", "frequency": "medium", "confidence": 0.95},
      "sa": {"cuneiform": "𒊓", "frequency": "medium", "confidence": 0.95},
      "se": {"cuneiform": "𒊺", "frequency": "medium", "confidence": 0.95},
      "si": {"cuneiform": "𒋛", "frequency": "medium", "confidence": 0.95},
      "su": {"cuneiform": "𒋢", "frequency": "high", "confidence": 0.98},
      "ša": {"cuneiform": "𒊭", "frequency": "high", "confidence": 0.98},
      "še": {"cuneiform": "𒊺", "frequency": "medium", "confidence": 0.95},
      "ši": {"cuneiform": "𒅆", "frequency": "medium", "confidence": 0.95},
      "šu": {"cuneiform": "𒋗", "frequency": "very_high", "confidence": 1.0},
      "ta": {"cuneiform": "𒋫", "frequency": "high", "confidence": 0.98},
      "te": {"cuneiform": "𒋼", "frequency": "medium", "confidence": 0.95},
      "ti": {"cuneiform": "𒋾", "frequency": "high", "confidence": 0.98},
      "tu": {"cuneiform": "𒌅", "frequency": "medium", "confidence": 0.95},
      "wa": {"cuneiform": "𒉿", "frequency": "low", "confidence": 0.85},
      "we": {"cuneiform": "𒌋𒌋", "frequency": "rare", "confidence": 0.80},
      "wi": {"cuneiform": "𒉿𒄿", "frequency": "rare", "confidence": 0.80},
      "wu": {"cuneiform": "𒉿𒌋", "frequency": "rare", "confidence": 0.80},
      "ya": {"cuneiform": "𒅀", "frequency": "low", "confidence": 0.90},
      "ye": {"cuneiform": "𒂊𒂊", "frequency": "rare", "confidence": 0.75},
      "yi": {"cuneiform": "𒅀𒄿", "frequency": "rare", "confidence": 0.80},
      "yu": {"cuneiform": "𒅀𒌋", "frequency": "rare", "confidence": 0.80},
      "za": {"cuneiform": "𒍝", "frequency": "low", "confidence": 0.90},
      "ze": {"cuneiform": "𒍣", "frequency": "rare", "confidence": 0.85},
      "zi": {"cuneiform": "𒍣", "frequency": "low", "confidence": 0.90},
      "zu": {"cuneiform": "𒍪", "frequency": "low", "confidence": 0.90}
    }
  },
  "logograms": {
    "akkadian_borrowings": {
      "AN": {
        "cuneiform": "𒀭",
        "elamite_reading": "napir",
        "meaning": "god/divine_determinative",
        "confidence": 1.0,
        "usage": "before_divine_names"
      },
      "LUGAL": {
        "cuneiform": "𒈗",
        "elamite_reading": "šarru",
        "meaning": "king",
        "confidence": 0.98,
        "usage": "royal_titles"
      },
      "KUR": {
        "cuneiform": "𒆳",
        "elamite_reading": "hatamti",
        "meaning": "land/country",
        "confidence": 0.95,
        "usage": "geographic_terms"
      },
      "É": {
        "cuneiform": "𒂍",
        "elamite_reading": "šutruru",
        "meaning": "house/temple",
        "confidence": 0.92,
        "usage": "architectural_contexts"
      }
    },
    "elamite_specific": {
      "sunki": {
        "cuneiform": "𒋻𒆭",
        "meaning": "king_elamite_title",
        "confidence": 0.95,
        "usage": "native_royal_title"
      },
      "rišakka": {
        "cuneiform": "𒊑𒊭𒂵",
        "meaning": "great/chief",
        "confidence": 0.90,
        "usage": "epithets_and_titles"
      }
    }
  },
  "determinatives": {
    "divine": {
      "sign": "𒀭",
      "position": "before_divine_names",
      "confidence": 1.0
    },
    "personal_name": {
      "sign": "𒄿",
      "position": "before_personal_names",
      "confidence": 0.85,
      "notes": "less_systematic_than_akkadian"
    },
    "geographic": {
      "sign": "𒆳",
      "position": "before_place_names", 
      "confidence": 0.80,
      "notes": "borrowed_mesopotamian_convention"
    }
  },
  "writing_conventions": {
    "direction": "left_to_right",
    "line_arrangement": "horizontal_top_to_bottom",
    "word_separation": "spacing_or_vertical_strokes",
    "sign_orientation": "standard_cuneiform_orientation"
  },
  "dialectal_variations": {
    "achaemenid_period": {
      "characteristics": "simplified_sign_forms",
      "persian_influence": "some_old_persian_loanwords",
      "administrative_style": "formulaic_bureaucratic_language"
    }
  }
}
