{
  "noun_declensions": {
    "first_declension": {
      "description": "First declension nouns (α/η stems)",
      "patterns": {
        "feminine_eta": {
          "example": "σοφία",
          "stem_pattern": ".*η$|.*ια$",
          "endings": {
            "singular": {
              "nominative": "η",
              "genitive": "ης",
              "dative": "ῃ",
              "accusative": "ην",
              "vocative": "η"
            },
            "dual": {
              "nominative": "ᾱ",
              "genitive": "αιν",
              "dative": "αιν",
              "accusative": "ᾱ",
              "vocative": "ᾱ"
            },
            "plural": {
              "nominative": "αι",
              "genitive": "ων",
              "dative": "αις",
              "accusative": "ας",
              "vocative": "αι"
            }
          }
        },
        "feminine_alpha_long": {
          "example": "χώρα",
          "stem_pattern": ".*ρα$|.*α$",
          "endings": {
            "singular": {
              "nominative": "ᾱ",
              "genitive": "ᾱς",
              "dative": "ᾱ",
              "accusative": "ᾱν",
              "vocative": "ᾱ"
            },
            "dual": {
              "nominative": "ᾱ",
              "genitive": "αιν",
              "dative": "αιν", 
              "accusative": "ᾱ",
              "vocative": "ᾱ"
            },
            "plural": {
              "nominative": "αι",
              "genitive": "ων",
              "dative": "αις",
              "accusative": "ας",
              "vocative": "αι"
            }
          }
        },
        "masculine": {
          "example": "πολίτης",
          "stem_pattern": ".*της$",
          "endings": {
            "singular": {
              "nominative": "ης",
              "genitive": "ου",
              "dative": "ῃ",
              "accusative": "ην",
              "vocative": "α"
            },
            "dual": {
              "nominative": "ᾱ",
              "genitive": "αιν",
              "dative": "αιν",
              "accusative": "ᾱ",
              "vocative": "ᾱ"
            },
            "plural": {
              "nominative": "αι",
              "genitive": "ων",
              "dative": "αις",
              "accusative": "ας",
              "vocative": "αι"
            }
          }
        }
      }
    },
    "second_declension": {
      "description": "Second declension nouns (ο/ε stems)",
      "patterns": {
        "masculine_o": {
          "example": "λόγος",
          "stem_pattern": ".*ος$",
          "endings": {
            "singular": {
              "nominative": "ος",
              "genitive": "ου",
              "dative": "ῳ",
              "accusative": "ον",
              "vocative": "ε"
            },
            "dual": {
              "nominative": "ω",
              "genitive": "οιν",
              "dative": "οιν",
              "accusative": "ω",
              "vocative": "ω"
            },
            "plural": {
              "nominative": "οι",
              "genitive": "ων",
              "dative": "οις",
              "accusative": "ους",
              "vocative": "οι"
            }
          }
        },
        "neuter_o": {
          "example": "δῶρον",
          "stem_pattern": ".*ον$",
          "endings": {
            "singular": {
              "nominative": "ον",
              "genitive": "ου",
              "dative": "ῳ",
              "accusative": "ον",
              "vocative": "ον"
            },
            "dual": {
              "nominative": "ω",
              "genitive": "οιν",
              "dative": "οιν",
              "accusative": "ω",
              "vocative": "ω"
            },
            "plural": {
              "nominative": "α",
              "genitive": "ων",
              "dative": "οις",
              "accusative": "α",
              "vocative": "α"
            }
          }
        }
      }
    },
    "third_declension": {
      "description": "Third declension nouns (consonant and i/u stems)",
      "patterns": {
        "consonant_stem": {
          "example": "ἀνήρ",
          "stem_pattern": "variable",
          "endings": {
            "singular": {
              "nominative": "variable",
              "genitive": "ος",
              "dative": "ι",
              "accusative": "α",
              "vocative": "variable"
            },
            "dual": {
              "nominative": "ε",
              "genitive": "οιν",
              "dative": "οιν",
              "accusative": "ε",
              "vocative": "ε"
            },
            "plural": {
              "nominative": "ες",
              "genitive": "ων",
              "dative": "σι",
              "accusative": "ας",
              "vocative": "ες"
            }
          }
        },
        "neuter_consonant": {
          "example": "σῶμα",
          "stem_pattern": ".*μα$",
          "endings": {
            "singular": {
              "nominative": "variable",
              "genitive": "ος",
              "dative": "ι",
              "accusative": "variable",
              "vocative": "variable"
            },
            "dual": {
              "nominative": "ε",
              "genitive": "οιν",
              "dative": "οιν",
              "accusative": "ε",
              "vocative": "ε"
            },
            "plural": {
              "nominative": "α",
              "genitive": "ων",
              "dative": "σι",
              "accusative": "α",
              "vocative": "α"
            }
          }
        }
      }
    }
  },
  "adjective_declensions": {
    "first_second_adjectives": {
      "description": "Adjectives following 1st/2nd declension patterns",
      "example": "καλός",
      "patterns": {
        "masculine": {
          "endings": {
            "singular": {
              "nominative": "ος",
              "genitive": "ου", 
              "dative": "ῳ",
              "accusative": "ον",
              "vocative": "ε"
            },
            "plural": {
              "nominative": "οι",
              "genitive": "ων",
              "dative": "οις",
              "accusative": "ους",
              "vocative": "οι"
            }
          }
        },
        "feminine": {
          "endings": {
            "singular": {
              "nominative": "η",
              "genitive": "ης",
              "dative": "ῃ", 
              "accusative": "ην",
              "vocative": "η"
            },
            "plural": {
              "nominative": "αι",
              "genitive": "ων",
              "dative": "αις",
              "accusative": "ας",
              "vocative": "αι"
            }
          }
        },
        "neuter": {
          "endings": {
            "singular": {
              "nominative": "ον",
              "genitive": "ου",
              "dative": "ῳ",
              "accusative": "ον", 
              "vocative": "ον"
            },
            "plural": {
              "nominative": "α",
              "genitive": "ων",
              "dative": "οις",
              "accusative": "α",
              "vocative": "α"
            }
          }
        }
      }
    },
    "third_declension_adjectives": {
      "description": "Adjectives following 3rd declension patterns",
      "patterns": {
        "two_termination": {
          "example": "ἀληθής",
          "masculine_feminine": {
            "singular": {
              "nominative": "ης",
              "genitive": "ους",
              "dative": "ει",
              "accusative": "η", 
              "vocative": "ες"
            },
            "plural": {
              "nominative": "εις",
              "genitive": "ων",
              "dative": "εσι",
              "accusative": "εις",
              "vocative": "εις"
            }
          },
          "neuter": {
            "singular": {
              "nominative": "ες",
              "genitive": "ους", 
              "dative": "ει",
              "accusative": "ες",
              "vocative": "ες"
            },
            "plural": {
              "nominative": "η",
              "genitive": "ων",
              "dative": "εσι",
              "accusative": "η",
              "vocative": "η"
            }
          }
        }
      }
    }
  }
}
