{
  "semantic_fields": "Elamite Semantic Field Classification System",
  "metadata": {
    "version": "1.0", 
    "last_updated": "2025-08-04",
    "classification_basis": "attested_vocabulary_cultural_context",
    "sources": [
      "Hinz & Koch: Elamisches Wörterbuch",
      "Vallat: Semantic Studies in Elamite",
      "Administrative Archives Analysis",
      "Royal Inscription Vocabulary"
    ]
  },
  "classification_principles": {
    "field_definition": "semantic_domains_based_on_cultural_relevance",
    "hierarchical_structure": "major_fields_with_subcategories",
    "cross_cutting_features": "grammatical_and_semantic_properties",
    "diachronic_awareness": "vocabulary_change_over_time"
  },
  "major_semantic_fields": {
    "government_administration": {
      "field_code": "GOV",
      "cultural_importance": "central_to_elamite_texts",
      "subcategories": {
        "royal_titles": {
          "examples": ["šarru (king)", "sunki (elamite_king)", "rišakka (great)"],
          "confidence_range": "0.85-0.98",
          "attestation_frequency": "very_high"
        },
        "administrative_terms": {
          "examples": ["hatamti (land)", "šutruru (house/palace)", "marri (official)"],
          "confidence_range": "0.75-0.90", 
          "attestation_frequency": "high"
        },
        "legal_concepts": {
          "examples": ["šipak (document)", "kidin (protection)", "šak (law)"],
          "confidence_range": "0.60-0.85",
          "attestation_frequency": "medium"
        }
      }
    },
    "religion_mythology": {
      "field_code": "REL",
      "cultural_importance": "fundamental_to_elamite_worldview",
      "subcategories": {
        "divine_names": {
          "examples": ["Humban", "Inshushinak", "Napirisha", "Kiririsha"],
          "confidence_range": "0.90-0.99",
          "attestation_frequency": "very_high"
        },
        "religious_titles": {
          "examples": ["napir (god)", "šak (divine_power)", "siyan (lord)"],
          "confidence_range": "0.80-0.95",
          "attestation_frequency": "high"
        },
        "ritual_terms": {
          "examples": ["šip (offering)", "halpi (sacrifice)", "tettu (prayer)"],
          "confidence_range": "0.65-0.80",
          "attestation_frequency": "medium"
        },
        "mythological_concepts": {
          "examples": ["elam (underworld)", "anzar (curse)", "šilhak (blessing)"],
          "confidence_range": "0.50-0.75",
          "attestation_frequency": "low_medium"
        }
      }
    },
    "kinship_social_relations": {
      "field_code": "KIN",
      "cultural_importance": "social_organization",
      "subcategories": {
        "family_terms": {
          "examples": ["ruhu (son)", "šak (daughter)", "hanni (mother)", "puhu (father)"],
          "confidence_range": "0.70-0.90",
          "attestation_frequency": "medium_high"
        },
        "social_hierarchy": {
          "examples": ["hal (great)", "rišakka (chief)", "menna (small/young)"],
          "confidence_range": "0.65-0.85",
          "attestation_frequency": "medium"
        }
      }
    },
    "material_culture": {
      "field_code": "MAT",
      "cultural_importance": "daily_life_technology",
      "subcategories": {
        "architecture": {
          "examples": ["šutruru (house)", "temti (foundation)", "bita (wall)"],
          "confidence_range": "0.70-0.90",
          "attestation_frequency": "medium_high"
        },
        "tools_weapons": {
          "examples": ["šikip (sword)", "tukka (axe)", "arkka (bow)"],
          "confidence_range": "0.55-0.75",
          "attestation_frequency": "low_medium"
        },
        "textiles_clothing": {
          "examples": ["šupik (garment)", "lubuštu (clothing)", "tuk (fabric)"],
          "confidence_range": "0.50-0.70",
          "attestation_frequency": "low"
        },
        "vessels_containers": {
          "examples": ["šakip (cup)", "dur (pot)", "hatru (vessel)"],
          "confidence_range": "0.60-0.80",
          "attestation_frequency": "medium"
        }
      }
    },
    "geography_topography": {
      "field_code": "GEO",
      "cultural_importance": "territorial_identity",
      "subcategories": {
        "place_names": {
          "examples": ["Susa", "Anshan", "Hidalu", "Malyan"],
          "confidence_range": "0.90-0.99",
          "attestation_frequency": "very_high"
        },
        "geographic_features": {
          "examples": ["kam (mountain)", "nairi (river)", "dur (plain)", "tašš (forest)"],
          "confidence_range": "0.60-0.85",
          "attestation_frequency": "medium"
        },
        "political_geography": {
          "examples": ["hatamti (land/country)", "hal (territory)", "šušun (region)"],
          "confidence_range": "0.75-0.90",
          "attestation_frequency": "high"
        }
      }
    },
    "time_temporal_concepts": {
      "field_code": "TMP",
      "cultural_importance": "historical_consciousness",
      "subcategories": {
        "time_periods": {
          "examples": ["šatti (year)", "ittu (month)", "umu (day)"],
          "confidence_range": "0.80-0.95",
          "attestation_frequency": "high"
        },
        "historical_events": {
          "examples": ["šutešub (victory)", "nakku (defeat)", "šipir (campaign)"],
          "confidence_range": "0.65-0.80",
          "attestation_frequency": "medium"
        }
      }
    },
    "agriculture_economy": {
      "field_code": "AGR",
      "cultural_importance": "economic_foundation",
      "subcategories": {
        "crops_plants": {
          "examples": ["šeʾu (barley)", "šamašammu (sesame)", "karanu (wine)"],
          "confidence_range": "0.70-0.85",
          "attestation_frequency": "medium_high"
        },
        "animals": {
          "examples": ["alpu (ox)", "immeru (sheep)", "šahu (pig)", "sisû (horse)"],
          "confidence_range": "0.75-0.90",
          "attestation_frequency": "high"
        },
        "economic_terms": {
          "examples": ["šuklulu (payment)", "mandattu (tribute)", "šibšu (interest)"],
          "confidence_range": "0.60-0.80",
          "attestation_frequency": "medium"
        }
      }
    },
    "human_body_anatomy": {
      "field_code": "BOD",
      "cultural_importance": "basic_vocabulary",
      "subcategories": {
        "body_parts": {
          "examples": ["šaptu (lip)", "šēpu (foot)", "qātu (hand)", "līpu (heart)"],
          "confidence_range": "0.65-0.85",
          "attestation_frequency": "medium"
        },
        "bodily_functions": {
          "examples": ["napāšu (breathe)", "akālu (eat)", "šatû (drink)"],
          "confidence_range": "0.60-0.80",
          "attestation_frequency": "medium"
        }
      }
    },
    "abstract_concepts": {
      "field_code": "ABS",
      "cultural_importance": "intellectual_development",
      "subcategories": {
        "qualities_attributes": {
          "examples": ["dumqu (good)", "lemnu (bad)", "rapšu (wide)", "šūpû (excellent)"],
          "confidence_range": "0.55-0.75",
          "attestation_frequency": "medium"
        },
        "mental_states": {
          "examples": ["ḫasāsu (remember)", "šakānu (know)", "nadānu (give_attention)"],
          "confidence_range": "0.50-0.70",
          "attestation_frequency": "low_medium"
        }
      }
    }
  },
  "cross_cutting_categories": {
    "borrowing_status": {
      "native_elamite": {
        "characteristics": "complex_morphology_irregular_patterns",
        "examples": ["sunki", "hatamti", "napir"],
        "confidence_indicator": "higher_for_core_vocabulary"
      },
      "akkadian_loanwords": {
        "characteristics": "mesopotamian_cultural_concepts", 
        "examples": ["šarru", "bēlu", "ilû"],
        "confidence_indicator": "well_documented_parallels"
      },
      "old_persian_loanwords": {
        "characteristics": "achaemenid_period_administration",
        "examples": ["data (law)", "ganza (treasury)"],
        "confidence_indicator": "limited_to_late_period"
      }
    },
    "register_variation": {
      "royal_ceremonial": {
        "characteristics": "elaborate_epithets_archaic_forms",
        "vocabulary_bias": "religious_political_terms",
        "confidence_impact": "higher_for_formulaic_phrases"
      },
      "administrative_practical": {
        "characteristics": "abbreviated_forms_technical_terms",
        "vocabulary_bias": "economic_legal_terms",
        "confidence_impact": "variable_based_on_context"
      }
    },
    "diachronic_variation": {
      "middle_elamite": {
        "characteristics": "more_native_vocabulary",
        "period": "c. 1500-1100 BCE"
      },
      "neo_elamite": {
        "characteristics": "increased_akkadian_influence",
        "period": "c. 1100-539 BCE"
      },
      "achaemenid_elamite": {
        "characteristics": "persian_administrative_vocabulary",
        "period": "c. 539-400 BCE"
      }
    }
  },
  "semantic_analysis_methods": {
    "field_assignment_algorithm": {
      "step_1": "identify_core_meaning",
      "step_2": "check_cultural_context",
      "step_3": "assess_attestation_patterns",
      "step_4": "assign_primary_secondary_fields",
      "step_5": "calculate_confidence_score"
    },
    "polysemy_handling": {
      "multiple_meanings": "assign_to_multiple_fields",
      "contextual_disambiguation": "use_co_occurrence_patterns",
      "confidence_adjustment": "reduce_for_ambiguous_terms"
    },
    "unknown_vocabulary": {
      "field_prediction": "use_morphological_context_clues",
      "confidence_level": "very_low_for_unknown_terms",
      "research_priority": "focus_on_high_frequency_unknowns"
    }
  }
}
