{
  "phonological_reconstruction": "Elamite Phonological System Guidelines",
  "metadata": {
    "version": "1.0",
    "last_updated": "2025-08-04",
    "reconstruction_confidence": "moderate_due_to_script_limitations",
    "sources": [
      "Reiner: Elamite Phonology",
      "Paper: Reconstructing Elamite Sounds",
      "Khačikjan: Phonological Analysis",
      "Comparative Indo-Iranian Studies"
    ]
  },
  "phoneme_inventory": {
    "consonants": {
      "stops": {
        "voiceless": {
          "bilabial": {"phoneme": "/p/", "confidence": 0.90, "evidence": "cuneiform_p_series"},
          "dental": {"phoneme": "/t/", "confidence": 0.95, "evidence": "cuneiform_t_series"},
          "velar": {"phoneme": "/k/", "confidence": 0.95, "evidence": "cuneiform_k_series"}
        },
        "voiced": {
          "bilabial": {"phoneme": "/b/", "confidence": 0.85, "evidence": "cuneiform_b_series"},
          "dental": {"phoneme": "/d/", "confidence": 0.85, "evidence": "cuneiform_d_series"},
          "velar": {"phoneme": "/g/", "confidence": 0.80, "evidence": "cuneiform_g_series"}
        }
      },
      "fricatives": {
        "voiceless": {
          "dental": {"phoneme": "/s/", "confidence": 0.95, "evidence": "cuneiform_s_series"},
          "postalveolar": {"phoneme": "/ʃ/", "confidence": 0.90, "evidence": "cuneiform_š_series"}
        },
        "voiced": {
          "dental": {"phoneme": "/z/", "confidence": 0.75, "evidence": "cuneiform_z_series_limited"}
        }
      },
      "nasals": {
        "bilabial": {"phoneme": "/m/", "confidence": 0.95, "evidence": "cuneiform_m_series"},
        "dental": {"phoneme": "/n/", "confidence": 0.95, "evidence": "cuneiform_n_series"}
      },
      "liquids": {
        "lateral": {"phoneme": "/l/", "confidence": 0.90, "evidence": "cuneiform_l_series"},
        "rhotic": {"phoneme": "/r/", "confidence": 0.90, "evidence": "cuneiform_r_series"}
      },
      "glides": {
        "palatal": {"phoneme": "/j/", "confidence": 0.70, "evidence": "vowel_sequences"},
        "labial": {"phoneme": "/w/", "confidence": 0.65, "evidence": "limited_attestation"}
      },
      "laryngeal": {
        "glottal": {"phoneme": "/h/", "confidence": 0.85, "evidence": "cuneiform_h_series"}
      }
    },
    "vowels": {
      "short_vowels": {
        "low": {"phoneme": "/a/", "confidence": 0.98, "evidence": "cuneiform_a_series"},
        "high_front": {"phoneme": "/i/", "confidence": 0.95, "evidence": "cuneiform_i_series"},
        "high_back": {"phoneme": "/u/", "confidence": 0.95, "evidence": "cuneiform_u_series"},
        "mid_front": {"phoneme": "/e/", "confidence": 0.85, "evidence": "cuneiform_e_series"}
      },
      "long_vowels": {
        "status": "uncertain",
        "evidence": "possible_geminate_writing",
        "confidence": 0.40
      },
      "vowel_harmony": {
        "type": "partial_regressive",
        "patterns": ["a-class", "i-class"],
        "confidence": 0.70
      }
    }
  },
  "phonotactics": {
    "syllable_structure": {
      "permitted_types": ["V", "CV", "CVC"],
      "preferred_type": "CV",
      "constraints": {
        "onset_clusters": "generally_not_permitted",
        "coda_clusters": "not_permitted",
        "word_initial": "consonant_or_vowel",
        "word_final": "consonant_or_vowel"
      }
    },
    "consonant_clusters": {
      "within_syllable": "avoided",
      "across_syllables": "limited_types",
      "permitted_clusters": [
        {"cluster": "/st/", "position": "across_syllables", "confidence": 0.80},
        {"cluster": "/št/", "position": "across_syllables", "confidence": 0.75},
        {"cluster": "/mp/", "position": "across_syllables", "confidence": 0.70}
      ]
    },
    "vowel_sequences": {
      "hiatus_resolution": "vowel_deletion_or_glide_insertion",
      "permitted_sequences": ["ai", "au", "ia", "ua"],
      "avoided_sequences": ["identical_vowels"]
    }
  },
  "phonological_processes": {
    "assimilation": {
      "nasal_assimilation": {
        "process": "nasals_assimilate_to_following_stops",
        "examples": [
          {
            "underlying": "/an-pa/",
            "surface": "[ampa]",
            "confidence": 0.75
          }
        ]
      },
      "vowel_harmony": {
        "process": "suffix_vowels_harmonize_with_stem",
        "patterns": ["a-stems_take_a-suffixes", "i-stems_take_i-suffixes"],
        "regularity": "partial",
        "confidence": 0.70
      }
    },
    "deletion": {
      "vowel_deletion": {
        "context": "hiatus_resolution",
        "pattern": "V1_V2_to_V2",
        "examples": [
          {
            "underlying": "/šarru-a/",
            "surface": "[šarra]",
            "confidence": 0.80
          }
        ]
      }
    },
    "epenthesis": {
      "consonant_epenthesis": {
        "context": "vowel_hiatus",
        "epenthetic_sounds": ["/j/", "/w/"],
        "confidence": 0.60
      }
    }
  },
  "reconstruction_methods": {
    "cuneiform_evidence": {
      "syllabic_signs": "direct_phonetic_evidence",
      "sign_variants": "allophonic_variation",
      "spelling_alternations": "phonological_processes",
      "confidence_rating": 0.85
    },
    "comparative_evidence": {
      "akkadian_loanwords": "consonant_system_comparison",
      "old_persian_parallels": "limited_direct_comparison",
      "proto_iranian_substrate": "possible_areal_features",
      "confidence_rating": 0.60
    },
    "internal_reconstruction": {
      "morphological_alternations": "phonological_conditioning",
      "distributional_patterns": "phoneme_status_evidence",
      "historical_sound_changes": "diachronic_development",
      "confidence_rating": 0.70
    }
  },
  "diachronic_phonology": {
    "proto_elamite_to_linear": {
      "changes": "unknown_due_to_undeciphered_proto_elamite",
      "confidence": 0.20
    },
    "linear_to_cuneiform": {
      "consonant_system": "largely_preserved",
      "vowel_system": "possible_simplification",
      "phonotactics": "adaptation_to_cuneiform_constraints",
      "confidence": 0.75
    },
    "middle_to_neo_elamite": {
      "lenition": "possible_consonant_weakening",
      "vowel_reduction": "unstressed_vowel_changes",
      "confidence": 0.65
    },
    "achaemenid_period": {
      "persian_influence": "possible_new_phonemes",
      "administrative_register": "conservative_pronunciation",
      "confidence": 0.55
    }
  },
  "reconstruction_challenges": {
    "script_limitations": {
      "cuneiform_ambiguity": "CV_signs_hide_consonant_clusters",
      "vowel_length": "not_systematically_marked",
      "allophonic_variation": "not_reflected_in_writing"
    },
    "corpus_limitations": {
      "register_bias": "formal_administrative_language",
      "temporal_gaps": "missing_intermediate_stages",
      "geographic_variation": "dialectal_differences_unclear"
    },
    "comparative_limitations": {
      "language_isolation": "no_clear_genetic_relatives",
      "substrate_effects": "unknown_pre_elamite_influences",
      "contact_effects": "mesopotamian_iranian_influences"
    }
  },
  "practical_guidelines": {
    "transliteration_conventions": {
      "consonants": "use_ipa_where_possible",
      "vowels": "mark_length_uncertainty",
      "uncertain_phonemes": "use_parentheses_or_question_marks"
    },
    "confidence_levels": {
      "high_confidence": "cuneiform_directly_attested",
      "medium_confidence": "reconstructed_from_patterns",
      "low_confidence": "speculative_based_on_typology"
    },
    "notation_system": {
      "phonemic": "/phoneme/",
      "phonetic": "[phone]", 
      "uncertain": "(?)",
      "reconstructed": "*proto-form"
    }
  }
}
