{
  "morphological_patterns": "Elamite Word Formation and Analysis",
  "metadata": {
    "version": "1.0",
    "last_updated": "2025-08-04",
    "pattern_count": 0,
    "confidence_threshold": 0.6
  },
  "segmentation_rules": {
    "boundary_indicators": {
      "morpheme_breaks": ["-", "="],
      "syllable_breaks": ["."],
      "word_breaks": [" ", "_"]
    },
    "identification_patterns": {
      "roots": {
        "minimal_length": 1,
        "maximal_length": 4,
        "typical_structure": "CV(C)"
      },
      "affixes": {
        "prefixes": "rare_in_elamite",
        "suffixes": "productive",
        "infixes": "none_attested"
      }
    }
  },
  "affix_patterns": {
    "nominal_suffixes": {
      "case_markers": {
        "-me": {
          "type": "case",
          "function": "ergative",
          "allomorphs": ["-ma", "-me"],
          "conditioning": "phonological",
          "frequency": "high",
          "confidence": 0.95
        },
        "-na": {
          "type": "case", 
          "function": "genitive_locative",
          "allomorphs": ["-na", "-ra"],
          "conditioning": "unclear",
          "frequency": "high",
          "confidence": 0.89
        },
        "-ta": {
          "type": "case",
          "function": "ablative",
          "allomorphs": ["-ta"],
          "conditioning": "none",
          "frequency": "medium",
          "confidence": 0.91
        }
      },
      "number_markers": {
        "-p": {
          "type": "number",
          "function": "animate_plural",
          "allomorphs": ["-p", "-ip"],
          "conditioning": "animacy",
          "frequency": "medium",
          "confidence": 0.87
        },
        "-be": {
          "type": "number",
          "function": "inanimate_plural", 
          "allomorphs": ["-be", "-pe"],
          "conditioning": "animacy",
          "frequency": "medium",
          "confidence": 0.83
        }
      }
    },
    "verbal_suffixes": {
      "tense_aspect": {
        "-h": {
          "type": "tense",
          "function": "past_perfective",
          "allomorphs": ["-h", "-ah"],
          "conditioning": "vowel_harmony",
          "frequency": "high",
          "confidence": 0.92
        },
        "-š": {
          "type": "aspect",
          "function": "perfect_completed",
          "allomorphs": ["-š"],
          "conditioning": "none",
          "frequency": "medium",
          "confidence": 0.78
        }
      },
      "derivational": {
        "-ka": {
          "type": "derivation",
          "function": "causative",
          "allomorphs": ["-ka"],
          "conditioning": "none",
          "frequency": "low",
          "confidence": 0.84
        }
      }
    }
  },
  "word_formation_processes": {
    "compounding": {
      "noun_noun": {
        "pattern": "N1 + N2 → N",
        "examples": ["šarru + kam → 'royal land'"],
        "productivity": "limited",
        "head_position": "right"
      },
      "adjective_noun": {
        "pattern": "ADJ + N → N",
        "examples": ["hal + šarru → 'great king'"],
        "productivity": "medium",
        "head_position": "right"
      }
    },
    "derivation": {
      "zero_derivation": {
        "verb_to_noun": "common",
        "noun_to_verb": "rare"
      },
      "suffixal_derivation": {
        "agent_nouns": "-r",
        "abstract_nouns": "-ik"
      }
    }
  },
  "phonological_processes": {
    "sandhi_rules": {
      "vowel_deletion": {
        "context": "V1 + V2 → V2",
        "frequency": "common",
        "examples": ["šarru + a → šarra"]
      },
      "consonant_assimilation": {
        "context": "C1 + C2 → C2C2",
        "frequency": "uncommon",
        "examples": ["at + ka → akka"]
      }
    },
    "morphophonological_alternations": {
      "case_harmony": {
        "description": "case_markers_harmonize_with_stem",
        "pattern": "stem_vowel_influences_suffix_vowel"
      }
    }
  },
  "analysis_algorithms": {
    "morphological_parsing": {
      "steps": [
        "identify_root",
        "segment_affixes",
        "analyze_morphophonology",
        "assign_grammatical_functions",
        "calculate_confidence"
      ],
      "ambiguity_resolution": [
        "context_analysis",
        "frequency_weighting",
        "semantic_plausibility"
      ]
    },
    "confidence_calculation": {
      "factors": {
        "attestation_frequency": 0.3,
        "pattern_regularity": 0.25,
        "cross_linguistic_evidence": 0.2,
        "contextual_fit": 0.15,
        "expert_consensus": 0.1
      }
    }
  },
  "sample_analyses": [
    {
      "word": "šarru-me",
      "segmentation": "šarru-me",
      "morphemes": [
        {
          "form": "šarru",
          "type": "root",
          "category": "noun",
          "meaning": "king"
        },
        {
          "form": "-me",
          "type": "suffix",
          "category": "case_marker",
          "meaning": "ergative"
        }
      ],
      "analysis": "king-ERG",
      "translation": "the king (as subject)",
      "confidence": 0.96
    }
  ]
}
