{
  "grammar_system": "Elamite Linguistic Rules",
  "metadata": {
    "version": "1.0",
    "last_updated": "2025-08-04",
    "linguistic_family": "Language isolate",
    "primary_sources": [
      "Paper: Elamite Grammar by Stolper",
      "Khačikjan: Das elamische Lexikon",
      "Reiner: Elamite Grammar"
    ]
  },
  "phonology": {
    "consonants": ["p", "b", "t", "d", "k", "g", "s", "š", "z", "m", "n", "l", "r", "h"],
    "vowels": ["a", "i", "u", "e"],
    "syllable_structure": "CV, CVC",
    "phonological_processes": [
      "vowel_harmony",
      "consonant_assimilation"
    ]
  },
  "morphology": {
    "word_formation": {
      "agglutinative": true,
      "suffixing": true,
      "prefixing": false,
      "reduplication": "limited"
    },
    "nominal_morphology": {
      "case_system": {
        "alignment": "ergative_absolutive",
        "cases": {
          "absolutive": {
            "marker": "∅",
            "function": "subject_of_intransitive_object_of_transitive"
          },
          "ergative": {
            "marker": "-me/-ma",
            "function": "subject_of_transitive_verb"
          },
          "genitive": {
            "marker": "-na/-ra",
            "function": "possession_association"
          },
          "locative": {
            "marker": "-na",
            "function": "location_direction"
          },
          "ablative": {
            "marker": "-ta",
            "function": "source_origin"
          }
        }
      },
      "number": {
        "animate_plural": "-p",
        "inanimate_plural": "-be",
        "collective": "-ya"
      },
      "determiners": {
        "demonstrative": ["ak", "ik"],
        "definite": "context_dependent"
      }
    },
    "verbal_morphology": {
      "tense_aspect": {
        "past": "-h",
        "present": "∅",
        "perfect": "-š"
      },
      "voice": {
        "active": "∅",
        "causative": "-ka"
      },
      "agreement": {
        "subject_marking": "limited",
        "object_marking": "none"
      }
    }
  },
  "syntax": {
    "word_order": {
      "basic_order": "SOV",
      "variations": ["OSV_for_emphasis"],
      "modifier_order": "adjective_before_noun"
    },
    "clause_structure": {
      "simple_clause": "S(erg/abs) O(abs) V",
      "complex_clause": "subordinate_before_main",
      "questions": "interrogative_particles"
    },
    "postpositions": {
      "spatial": ["-na", "-ta", "-pe"],
      "temporal": ["-ne", "-šše"],
      "instrumental": ["-da"]
    }
  },
  "semantic_patterns": {
    "animacy_hierarchy": ["divine", "royal", "human", "animal", "inanimate"],
    "semantic_roles": {
      "agent": "ergative_case",
      "patient": "absolutive_case", 
      "experiencer": "varies_by_verb",
      "location": "locative_case"
    }
  },
  "discourse_patterns": {
    "text_types": {
      "royal_inscriptions": {
        "formulaic_openings": true,
        "titulature": "elaborate",
        "verb_forms": "ceremonial"
      },
      "administrative": {
        "abbreviated_forms": true,
        "numerical_expressions": "frequent",
        "standard_phrases": "common"
      },
      "legal": {
        "conditional_structures": "if_then_patterns",
        "penalty_clauses": "formulaic"
      }
    }
  },
  "diachronic_changes": {
    "proto_to_linear": {
      "script_evolution": "pictographic_to_syllabic",
      "linguistic_changes": "unknown_due_to_limited_decipherment"
    },
    "linear_to_cuneiform": {
      "script_adaptation": "mesopotamian_cuneiform_system",
      "borrowings": "increased_akkadian_loanwords"
    }
  }
}
