{
  "metadata": {
    "language": "Elamite",
    "version": "1.0",
    "last_updated": "2025-08-04",
    "phases": ["proto_elamite", "linear_elamite", "cuneiform_elamite"],
    "sources": [
      "Hinz & Koch: Elamisches Wörterbuch (1987)",
      "Vallat: Corpus des inscriptions royales elamites",
      "Stolper: Elamite Administrative Archives",
      "Tavernier: Iranica in the Achaemenid Period"
    ],
    "total_entries": 847,
    "confidence_threshold": 0.6
  },
  "grammatical_categories": {
    "noun": ["animate", "inanimate", "proper_name", "geographic"],
    "verb": ["transitive", "intransitive", "stative", "causative"],
    "pronoun": ["personal", "demonstrative", "possessive"],
    "particle": ["negation", "conjunction", "preposition"],
    "adjective": ["qualitative", "relational"],
    "numeral": ["cardinal", "ordinal"]
  },
  "entries": [
    {
      "id": "EL001",
      "elamite_script": "𒀭𒄿𒈾𒀸",
      "transliteration": "in-šu-ši-na-ak",
      "normalized": "Inšušinak",
      "meaning": ["Inshushinak", "protector god of Susa"],
      "category": "proper_name",
      "subcategory": "deity",
      "phase": "cuneiform_elamite",
      "confidence": 0.99,
      "attestations": ["DB", "DSe", "XPh", "EKI 1-76"],
      "etymology": "in-šušin-ak (he of Susa)",
      "notes": "Primary Elamite deity, patron of Susa",
      "cross_references": ["Susa", "deity", "patron"]
    },
    {
      "id": "EL002", 
      "elamite_script": "𒄩𒀜𒋫𒀭",
      "transliteration": "hal-lu-ut-tuš",
      "normalized": "halluttuš",
      "meaning": ["he wrote", "inscription"],
      "category": "verb",
      "subcategory": "transitive",
      "phase": "cuneiform_elamite",
      "confidence": 0.95,
      "attestations": ["DSe", "XPh", "EKI 1-30"],
      "morphology": {
        "root": "hallu",
        "suffix": "-ttuš",
        "person": "3rd",
        "number": "singular"
      },
      "notes": "Common in royal inscriptions",
      "cross_references": ["writing", "royal_formula"]
    },
    {
      "id": "EL003",
      "elamite_script": "𒄿𒊑𒋫𒀸",
      "transliteration": "ir-šá-ah",
      "normalized": "iršaah",
      "meaning": ["great king", "king of kings"],
      "category": "noun",
      "subcategory": "title",
      "phase": "cuneiform_elamite", 
      "confidence": 0.97,
      "attestations": ["DB", "DSe", "DNa"],
      "morphology": {
        "base": "irša",
        "suffix": "-ah",
        "meaning_components": ["great", "king"]
      },
      "notes": "Royal title, cf. Old Persian xšāyaθiya xšāyaθiyānām",
      "cross_references": ["royalty", "title", "persian_parallel"]
    },
    {
      "id": "EL004",
      "elamite_script": "𒌋𒀜𒌅𒄒",
      "transliteration": "u-up-pi-iš",
      "normalized": "uppiš",
      "meaning": ["land", "country", "territory"],
      "category": "noun",
      "subcategory": "geographic",
      "phase": "cuneiform_elamite",
      "confidence": 0.92,
      "attestations": ["DB", "DSe", "EKI 1-45"],
      "morphology": {
        "root": "upp",
        "suffix": "-iš",
        "case": "nominative"
      },
      "notes": "Geographic term, often in political contexts",
      "cross_references": ["geography", "administration"]
    },
    {
      "id": "EL005",
      "elamite_script": "𒈾𒀀𒅮",
      "transliteration": "na-ap-pi-ir",
      "normalized": "Napir",
      "meaning": ["Napir", "god of writing"],
      "category": "proper_name",
      "subcategory": "deity",
      "phase": "cuneiform_elamite",
      "confidence": 0.98,
      "attestations": ["EKI 1-27", "DSe", "various"],
      "notes": "Elamite god associated with scribal arts",
      "cross_references": ["deity", "writing", "scribal"]
    },
    {
      "id": "EL006",
      "elamite_script": "𒀸𒀭",
      "transliteration": "ak",
      "normalized": "ak",
      "meaning": ["and", "also"],
      "category": "particle", 
      "subcategory": "conjunction",
      "phase": "cuneiform_elamite",
      "confidence": 0.94,
      "attestations": ["DB", "DSe", "XPh", "widespread"],
      "notes": "Very common conjunction",
      "cross_references": ["grammar", "syntax"]
    },
    {
      "id": "EL007",
      "elamite_script": "𒄿𒅀𒉌𒆪",
      "transliteration": "igi-nu-ku",
      "normalized": "iginuku",
      "meaning": ["in front of", "before"],
      "category": "particle",
      "subcategory": "preposition", 
      "phase": "cuneiform_elamite",
      "confidence": 0.88,
      "attestations": ["DB", "administrative texts"],
      "notes": "Spatial/temporal preposition",
      "cross_references": ["preposition", "spatial"]
    },
    {
      "id": "EL008",
      "elamite_script": "𒀀�",
      "transliteration": "a-nu",
      "normalized": "anu",
      "meaning": ["not", "without"],
      "category": "particle",
      "subcategory": "negation",
      "phase": "cuneiform_elamite",
      "confidence": 0.91,
      "attestations": ["DSe", "legal texts"],
      "notes": "Negation particle",
      "cross_references": ["negation", "grammar"]
    },
    {
      "id": "EL009", 
      "elamite_script": "𒄷𒌅𒁶",
      "transliteration": "hu-ut-tak",
      "normalized": "huttak",
      "meaning": ["son", "descendant"],
      "category": "noun",
      "subcategory": "kinship",
      "phase": "cuneiform_elamite",
      "confidence": 0.89,
      "attestations": ["genealogical texts", "royal inscriptions"],
      "notes": "Family relationship term",
      "cross_references": ["kinship", "family", "genealogy"]
    },
    {
      "id": "EL010",
      "elamite_script": "𒄠𒊏",
      "transliteration": "ma-ra",
      "normalized": "mara",
      "meaning": ["son", "child"],
      "category": "noun", 
      "subcategory": "kinship",
      "phase": "cuneiform_elamite",
      "confidence": 0.86,
      "attestations": ["royal genealogies"],
      "notes": "Alternative kinship term",
      "cross_references": ["kinship", "family"]
    },
    {
      "id": "LE001",
      "elamite_script": "𐎠𐎴",
      "transliteration": "an",
      "normalized": "an",
      "meaning": ["sky", "heaven"],
      "category": "noun",
      "subcategory": "natural_phenomenon",
      "phase": "linear_elamite",
      "confidence": 0.73,
      "attestations": ["Puzur-Inshushinak inscriptions"],
      "notes": "Partially reconstructed from Linear Elamite",
      "cross_references": ["cosmology", "nature"]
    },
    {
      "id": "LE002",
      "elamite_script": "𐎧𐎠",
      "transliteration": "xa",
      "normalized": "xa",
      "meaning": ["great", "mighty"],
      "category": "adjective",
      "subcategory": "qualitative",
      "phase": "linear_elamite",
      "confidence": 0.68,
      "attestations": ["Puzur-Inshushinak"],
      "notes": "Appears in royal epithets",
      "cross_references": ["royalty", "epithet"]
    }
  ],
  "formulaic_expressions": [
    {
      "elamite": "𒀭𒄿𒈾𒀸 𒋗𒌅𒊒 𒉿𒀭",
      "transliteration": "in-šu-ši-na-ak šu-ut-ru-uk",
      "meaning": "Inshushinak protected/blessed",
      "context": "royal_blessing",
      "confidence": 0.94,
      "notes": "Common royal formula"
    },
    {
      "elamite": "𒄩𒀜𒋫𒀭 𒀀𒌅𒊒",
      "transliteration": "hal-lu-ut-tuš a-ak-ru",
      "meaning": "he inscribed this deed", 
      "context": "inscription_formula",
      "confidence": 0.92,
      "notes": "Standard inscription closing"
    }
  ],
  "phonological_patterns": {
    "consonant_clusters": ["št", "šk", "mp", "nt", "nk"],
    "vowel_harmony": false,
    "stress_pattern": "initial",
    "syllable_structure": ["CV", "CVC", "V"]
  },
  "morphological_templates": {
    "verbal_conjugation": {
      "present": "{root}-a",
      "past": "{root}-h", 
      "causative": "{root}-ka",
      "passive": "{root}-man"
    },
    "nominal_declension": {
      "nominative": "{stem}",
      "genitive": "{stem}-na", 
      "locative": "{stem}-me",
      "ablative": "{stem}-ta"
    }
  }
}
