{
  "morphological_analysis": "Elamite Morphological Analysis Patterns",
  "metadata": {
    "version": "1.0",
    "last_updated": "2025-08-04",
    "morphological_type": "agglutinative_suffixing",
    "sources": [
      "Hinz & Koch: Elamisches Wörterbuch",
      "Paper: Elamite Morphological Structure",
      "Khačikjan: Elamite Morphology",
      "Stolper: Morphological Analysis Methods"
    ]
  },
  "word_structure": {
    "basic_template": "ROOT + (DERIVATIONAL) + (INFLECTIONAL)",
    "maximal_template": "ROOT + DERIV1 + DERIV2 + INFL1 + INFL2 + INFL3",
    "constraints": {
      "root_obligatory": true,
      "affix_order_fixed": true,
      "morpheme_boundaries_clear": true
    }
  },
  "nominal_morphology": {
    "case_suffixes": {
      "ergative": {
        "forms": ["-me", "-ma", "-mi"],
        "conditioning": "vowel_harmony",
        "position": "final",
        "productivity": "high",
        "confidence": 0.95,
        "examples": [
          {
            "word": "šarru-me",
            "analysis": "king-ERG",
            "meaning": "by the king",
            "attestation": "DB"
          }
        ]
      },
      "genitive": {
        "forms": ["-na", "-ra", "-rra"],
        "conditioning": "phonological_unknown",
        "position": "final",
        "productivity": "high",
        "confidence": 0.90,
        "examples": [
          {
            "word": "hatamti-na",
            "analysis": "land-GEN",
            "meaning": "of the land",
            "attestation": "DSe"
          }
        ]
      },
      "locative": {
        "forms": ["-na"],
        "conditioning": "context_dependent",
        "position": "final",
        "productivity": "medium",
        "confidence": 0.87,
        "ambiguity": "homophonous_with_genitive"
      },
      "ablative": {
        "forms": ["-ta"],
        "conditioning": "none",
        "position": "final",
        "productivity": "medium",
        "confidence": 0.91
      }
    },
    "number_suffixes": {
      "animate_plural": {
        "forms": ["-p", "-ip"],
        "conditioning": "animacy_stem_phonology",
        "position": "before_case",
        "productivity": "medium",
        "confidence": 0.85,
        "examples": [
          {
            "word": "šarru-p-me",
            "analysis": "king-PL-ERG",
            "meaning": "by the kings",
            "confidence": 0.80
          }
        ]
      },
      "inanimate_plural": {
        "forms": ["-be", "-pe"],
        "conditioning": "animacy_stem_phonology",
        "position": "before_case",
        "productivity": "medium",
        "confidence": 0.83
      },
      "collective": {
        "forms": ["-ya"],
        "conditioning": "semantic",
        "position": "before_case",
        "productivity": "low",
        "confidence": 0.70
      }
    },
    "derivational_suffixes": {
      "agent_nominalizer": {
        "forms": ["-r", "-ir"],
        "function": "creates_agent_nouns",
        "productivity": "medium",
        "examples": [
          {
            "word": "hal-ir",
            "analysis": "see-AGENT",
            "meaning": "seer, observer",
            "confidence": 0.75
          }
        ]
      },
      "abstract_nominalizer": {
        "forms": ["-ik", "-uk"],
        "function": "creates_abstract_nouns",
        "productivity": "low",
        "confidence": 0.68
      },
      "diminutive": {
        "forms": ["-kka"],
        "function": "creates_diminutives",
        "productivity": "very_low",
        "confidence": 0.60
      }
    }
  },
  "verbal_morphology": {
    "tense_aspect_suffixes": {
      "past": {
        "forms": ["-h", "-ah", "-š"],
        "conditioning": "stem_phonology",
        "position": "final",
        "productivity": "high",
        "confidence": 0.92,
        "examples": [
          {
            "word": "aga-h",
            "analysis": "come-PAST",
            "meaning": "came",
            "attestation": "DB"
          }
        ]
      },
      "present": {
        "forms": ["∅", "-a"],
        "conditioning": "stem_type",
        "position": "final",
        "productivity": "high",
        "confidence": 0.88
      },
      "perfect": {
        "forms": ["-š", "-išš"],
        "conditioning": "unclear",
        "position": "final",
        "productivity": "medium",
        "confidence": 0.75
      }
    },
    "voice_suffixes": {
      "causative": {
        "forms": ["-ka", "-uka"],
        "function": "makes_verb_causative",
        "position": "before_tense",
        "productivity": "medium",
        "confidence": 0.84,
        "examples": [
          {
            "word": "aga-ka-h",
            "analysis": "come-CAUS-PAST",
            "meaning": "made come, brought",
            "confidence": 0.78
          }
        ]
      },
      "passive": {
        "forms": ["possible_zero_or_particle"],
        "function": "unclear_passive_formation",
        "confidence": 0.40
      }
    },
    "subject_agreement": {
      "limited_marking": true,
      "person_markers": {
        "first_person": "possible_-n",
        "third_person": "possible_-š",
        "confidence": 0.50
      }
    }
  },
  "postpositional_system": {
    "spatial_postpositions": {
      "-na": {
        "meanings": ["at", "in", "to"],
        "case_government": "absolutive",
        "productivity": "high",
        "confidence": 0.90
      },
      "-ta": {
        "meanings": ["from", "out_of"],
        "case_government": "absolutive",
        "productivity": "high",
        "confidence": 0.88
      },
      "-pe": {
        "meanings": ["on", "upon"],
        "case_government": "absolutive",
        "productivity": "medium",
        "confidence": 0.75
      },
      "-da": {
        "meanings": ["with", "by_means_of"],
        "case_government": "absolutive",
        "productivity": "medium",
        "confidence": 0.80
      }
    },
    "temporal_postpositions": {
      "-ne": {
        "meanings": ["at_time", "during"],
        "case_government": "absolutive",
        "productivity": "low",
        "confidence": 0.70
      },
      "-šše": {
        "meanings": ["until", "up_to"],
        "case_government": "absolutive",
        "productivity": "low",
        "confidence": 0.65
      }
    }
  },
  "analysis_rules": {
    "segmentation_algorithm": {
      "step_1": "identify_root_boundaries",
      "step_2": "recognize_derivational_suffixes",
      "step_3": "identify_inflectional_suffixes",
      "step_4": "check_morphophonological_rules",
      "step_5": "assign_grammatical_functions"
    },
    "morphophonological_processes": {
      "vowel_harmony": {
        "description": "suffixes_harmonize_with_stem_vowels",
        "patterns": ["a-class_suffixes", "i-class_suffixes"],
        "regularity": "partial",
        "confidence": 0.70
      },
      "consonant_assimilation": {
        "description": "consonant_clusters_simplify",
        "patterns": ["gemination", "deletion"],
        "regularity": "occasional",
        "confidence": 0.65
      },
      "vowel_deletion": {
        "description": "vowels_delete_in_hiatus",
        "patterns": ["V1_V2_to_V2"],
        "regularity": "common",
        "confidence": 0.80
      }
    },
    "ambiguity_resolution": {
      "homophonous_suffixes": {
        "genitive_locative_na": {
          "resolution_strategy": "syntactic_context",
          "confidence_impact": -0.15
        },
        "past_perfect_š": {
          "resolution_strategy": "aspectual_context",
          "confidence_impact": -0.10
        }
      },
      "zero_morphemes": {
        "absolutive_case": {
          "identification": "default_case_assignment",
          "confidence": 0.95
        },
        "present_tense": {
          "identification": "absence_of_tense_markers",
          "confidence": 0.85
        }
      }
    }
  },
  "productivity_patterns": {
    "highly_productive": [
      "case_suffixes",
      "basic_tense_markers"
    ],
    "moderately_productive": [
      "number_suffixes",
      "causative_suffix",
      "spatial_postpositions"
    ],
    "low_productivity": [
      "derivational_suffixes",
      "temporal_postpositions",
      "agreement_markers"
    ]
  },
  "diachronic_changes": {
    "middle_to_neo_elamite": {
      "suffix_simplification": "reduction_of_allomorphs",
      "paradigm_regularization": "leveling_of_irregular_forms"
    },
    "neo_to_achaemenid": {
      "persian_influence": "possible_new_morphological_patterns",
      "administrative_formulaization": "fixed_phrase_morphology"
    }
  }
}
