{
  "lexicon": "Elamite-English Dictionary",
  "metadata": {
    "version": "1.0",
    "last_updated": "2025-08-04",
    "total_entries": 0,
    "confidence_threshold": 0.5,
    "sources": [
      "Hinz & Koch: Elamisches Wörterbuch",
      "Vallat: Corpus des inscriptions royales elamites",
      "Stolper & Tavernier: Elamite Studies"
    ]
  },
  "entry_structure": {
    "required_fields": [
      "id",
      "elamite_form",
      "transliteration",
      "english_translation",
      "part_of_speech",
      "script_phase",
      "confidence"
    ],
    "optional_fields": [
      "alternate_forms",
      "etymology",
      "semantic_field",
      "attestations",
      "grammatical_info",
      "cultural_context",
      "related_terms",
      "notes"
    ]
  },
  "classification_system": {
    "parts_of_speech": [
      "noun",
      "verb",
      "adjective", 
      "pronoun",
      "numeral",
      "particle",
      "conjunction",
      "postposition",
      "interjection",
      "proper_noun",
      "divine_name",
      "royal_title"
    ],
    "semantic_fields": [
      "anatomy",
      "animals",
      "architecture",
      "clothing",
      "colors",
      "family",
      "food",
      "geography",
      "government",
      "materials",
      "nature",
      "numbers",
      "religion",
      "time",
      "tools",
      "warfare"
    ],
    "grammatical_categories": {
      "noun_classes": ["animate", "inanimate"],
      "verbal_aspects": ["perfective", "imperfective"],
      "case_functions": ["ergative", "absolutive", "genitive", "locative", "ablative"]
    }
  },
  "sample_entries": [
    {
      "id": "LEX001",
      "elamite_form": "𒈗",
      "transliteration": "šarru",
      "english_translation": "king",
      "part_of_speech": "noun",
      "script_phase": "cuneiform_elamite",
      "confidence": 0.97,
      "alternate_forms": ["𒈗𒌋"],
      "etymology": "borrowed from Akkadian ŠARRU",
      "semantic_field": "government",
      "attestations": ["DB", "DSe", "XPh"],
      "grammatical_info": {
        "noun_class": "animate",
        "typical_case_marking": "ergative_when_subject"
      },
      "cultural_context": "Royal titles and administrative texts",
      "related_terms": ["šarri (genitive)", "šarru-me (ergative)"],
      "notes": "Common in royal inscriptions, adapted cuneiform usage"
    }
  ]
}
