{
  "elamite_syntax": "Comprehensive Elamite Syntactic Rules",
  "metadata": {
    "version": "1.0",
    "last_updated": "2025-08-04",
    "linguistic_type": "ergative_absolutive_alignment",
    "sources": [
      "Reiner: Elamite Grammar",
      "Stolper: Elamite Syntax Studies", 
      "Khačikjan: Elamite Language Structure",
      "Paper: Ergative Patterns in Elamite"
    ]
  },
  "case_system": {
    "alignment_type": "ergative_absolutive",
    "core_cases": {
      "absolutive": {
        "marker": "∅ (zero)",
        "functions": [
          "subject_of_intransitive_verb",
          "direct_object_of_transitive_verb"
        ],
        "examples": [
          {
            "elamite": "šarru ku-š-še",
            "gloss": "king.ABS go-PAST-3SG",
            "translation": "the king went",
            "confidence": 0.92
          },
          {
            "elamite": "sunki-me šarru hal-da",
            "gloss": "king-ERG king.ABS see-PAST",
            "translation": "the king saw the king",
            "confidence": 0.88
          }
        ]
      },
      "ergative": {
        "marker": "-me/-ma",
        "allomorphs": ["-me", "-ma", "-mi"],
        "functions": ["subject_of_transitive_verb"],
        "conditioning": "phonological_vowel_harmony",
        "examples": [
          {
            "elamite": "sunki-me hatamti hal-da",
            "gloss": "king-ERG land.ABS see-PAST", 
            "translation": "the king saw the land",
            "confidence": 0.95
          }
        ]
      },
      "genitive": {
        "marker": "-na/-ra",
        "allomorphs": ["-na", "-ra", "-rra"],
        "functions": [
          "possession",
          "association",
          "partitive_relation"
        ],
        "examples": [
          {
            "elamite": "šarru-na šutruru",
            "gloss": "king-GEN house",
            "translation": "the king's house",
            "confidence": 0.90
          }
        ]
      },
      "locative": {
        "marker": "-na",
        "functions": [
          "location_at",
          "direction_to",
          "temporal_location"
        ],
        "examples": [
          {
            "elamite": "Susa-na šarru",
            "gloss": "Susa-LOC king",
            "translation": "the king in/at Susa",
            "confidence": 0.87
          }
        ]
      },
      "ablative": {
        "marker": "-ta",
        "functions": [
          "source_from",
          "agent_in_passive",
          "causal_relation"
        ],
        "examples": [
          {
            "elamite": "hatamti-ta aga-h",
            "gloss": "land-ABL come-PAST",
            "translation": "came from the land",
            "confidence": 0.85
          }
        ]
      }
    },
    "case_stacking": {
      "allowed": true,
      "examples": [
        {
          "elamite": "šarru-na-me",
          "analysis": "king-GEN-ERG",
          "meaning": "by the king's (agent)",
          "confidence": 0.70
        }
      ]
    }
  },
  "word_order": {
    "basic_order": "SOV",
    "flexibility": {
      "topic_fronting": {
        "pattern": "TOPIC S O V",
        "examples": [
          {
            "elamite": "hatamti ak sunki-me hal-da",
            "gloss": "land.ABS this king-ERG see-PAST",
            "translation": "this land, the king saw",
            "confidence": 0.80
          }
        ]
      },
      "focus_movement": {
        "pattern": "O S V (object focus)",
        "examples": [
          {
            "elamite": "šutruru sunki-me tašš-a",
            "gloss": "house.ABS king-ERG build-PAST",
            "translation": "a HOUSE the king built",
            "confidence": 0.75
          }
        ]
      }
    },
    "constituent_order": {
      "noun_phrase": {
        "determiner_noun": "DET N",
        "adjective_noun": "ADJ N",
        "genitive_noun": "GEN N",
        "examples": [
          {
            "elamite": "ak rišakka šarru",
            "gloss": "this great king",
            "translation": "this great king",
            "confidence": 0.88
          }
        ]
      },
      "verb_phrase": {
        "auxiliary_main": "AUX MAIN",
        "modal_main": "MOD MAIN",
        "negation_verb": "NEG V"
      }
    }
  },
  "agreement_patterns": {
    "verbal_agreement": {
      "subject_agreement": "limited_overt_marking",
      "object_agreement": "none",
      "animacy_effects": {
        "animate_subjects": "may_trigger_special_marking",
        "inanimate_subjects": "default_patterns"
      }
    },
    "nominal_agreement": {
      "adjective_noun": "no_systematic_agreement",
      "determiner_noun": "possible_number_agreement"
    }
  },
  "clause_types": {
    "declarative": {
      "word_order": "SOV",
      "intonation": "falling",
      "special_markers": "none"
    },
    "interrogative": {
      "yes_no_questions": {
        "marker": "interrogative_particle",
        "position": "clause_final",
        "examples": [
          {
            "elamite": "šarru aga-h -ma",
            "gloss": "king come-PAST -Q",
            "translation": "did the king come?",
            "confidence": 0.60
          }
        ]
      },
      "wh_questions": {
        "wh_fronting": true,
        "wh_in_situ": false,
        "examples": [
          {
            "elamite": "minki šarru hal-da",
            "gloss": "what.ABS king.ERG see-PAST",
            "translation": "what did the king see?",
            "confidence": 0.65
          }
        ]
      }
    },
    "imperative": {
      "form": "bare_verb_stem",
      "politeness": "particle_additions",
      "examples": [
        {
          "elamite": "aga",
          "gloss": "come",
          "translation": "come!",
          "confidence": 0.85
        }
      ]
    }
  },
  "complex_sentences": {
    "coordination": {
      "conjunction": {
        "marker": "u (and)",
        "position": "between_conjuncts",
        "examples": [
          {
            "elamite": "šarru u sunki aga-h",
            "gloss": "king and king come-PAST",
            "translation": "the king and the king came",
            "confidence": 0.80
          }
        ]
      }
    },
    "subordination": {
      "relative_clauses": {
        "head_final": true,
        "relativizer": "ak/ik",
        "examples": [
          {
            "elamite": "šarru ak aga-h sunki",
            "gloss": "king REL come-PAST king",
            "translation": "the king who came",
            "confidence": 0.70
          }
        ]
      },
      "complement_clauses": {
        "verb_final": true,
        "complementizer": "possible_zero_marking"
      },
      "adverbial_clauses": {
        "temporal": {
          "marker": "temporal_postpositions",
          "position": "before_main_clause"
        },
        "conditional": {
          "marker": "conditional_particles",
          "protasis_apodosis": "PROT APOD order"
        }
      }
    }
  },
  "negation": {
    "standard_negation": {
      "marker": "na/an",
      "position": "pre_verbal",
      "scope": "entire_predicate",
      "examples": [
        {
          "elamite": "šarru na aga-h",
          "gloss": "king NEG come-PAST",
          "translation": "the king did not come",
          "confidence": 0.85
        }
      ]
    },
    "constituent_negation": {
      "marker": "na + constituent",
      "scope": "specific_constituent"
    }
  },
  "information_structure": {
    "topic": {
      "position": "clause_initial",
      "marking": "left_dislocation"
    },
    "focus": {
      "position": "immediately_pre_verbal",
      "marking": "prosodic_stress"
    },
    "given_new": {
      "given_information": "tends_to_be_pronominal",
      "new_information": "tends_to_be_lexical"
    }
  },
  "discourse_markers": {
    "topic_shift": "particle_systems",
    "continuation": "connective_particles",
    "contrast": "adversative_particles"
  }
}
