{
  "script": "Elamite",
  "metadata": {
    "version": "1.0",
    "last_updated": "2025-08-04",
    "sources": [
      "Hinz & Koch: Elamisches Wörterbuch",
      "Vallat: Corpus des inscriptions royales elamites",
      "Stolper & Tavernier: Elamite Studies",
      "Khačikjan: Das elamische Pantheon"
    ]
  },
  "script_phases": {
    "proto_elamite": {
      "period": "c. 3200-2900 BCE",
      "characteristics": "Pictographic, largely undeciphered",
      "locations": ["Susa", "Tepe Yahya"]
    },
    "linear_elamite": {
      "period": "c. 2300-1850 BCE", 
      "characteristics": "Syllabic script, partially deciphered",
      "locations": ["Susa", "Persepolis"]
    },
    "cuneiform_elamite": {
      "period": "c. 1500-400 BCE",
      "characteristics": "Adapted Mesopotamian cuneiform",
      "locations": ["Susa", "Persepolis", "Anshan"]
    }
  },
  "glyphs": [
    {
      "id": "CE001",
      "character": "𒀀",
      "transliteration": "a",
      "meaning": ["water", "to go"],
      "type": "syllabic",
      "phase": "cuneiform_elamite",
      "frequency": "high",
      "attestations": ["DB", "DSe", "XPh"],
      "confidence": 0.95,
      "notes": "Common syllable, appears in royal names"
    },
    {
      "id": "CE002", 
      "character": "𒀭",
      "transliteration": "an",
      "meaning": ["god", "sky", "An (deity)"],
      "type": "logogram",
      "phase": "cuneiform_elamite",
      "frequency": "high",
      "attestations": ["DB", "DSe", "DNa"],
      "confidence": 0.98,
      "notes": "Divine determinative, from Akkadian AN"
    },
    {
      "id": "CE003",
      "character": "𒈗",
      "transliteration": "šar",
      "meaning": ["king", "3600"],
      "type": "logogram", 
      "phase": "cuneiform_elamite",
      "frequency": "high",
      "attestations": ["DB", "DSe", "XPh"],
      "confidence": 0.97,
      "notes": "Royal title, borrowed from Akkadian ŠARRU"
    },
    {
      "id": "CE004",
      "character": "𒄿",
      "transliteration": "i",
      "meaning": ["to go", "oil"],
      "type": "syllabic",
      "phase": "cuneiform_elamite", 
      "frequency": "high",
      "attestations": ["DB", "DSe", "DNa"],
      "confidence": 0.94,
      "notes": "Common vowel, verbal root"
    },
    {
      "id": "CE005",
      "character": "𒌋",
      "transliteration": "u",
      "meaning": ["and", "or"],
      "type": "syllabic",
      "phase": "cuneiform_elamite",
      "frequency": "very_high", 
      "attestations": ["DB", "DSe", "XPh", "DNa"],
      "confidence": 0.99,
      "notes": "Conjunction, extremely frequent"
    },
    {
      "id": "CE006",
      "character": "𒈾",
      "transliteration": "na",
      "meaning": ["not", "stone"],
      "type": "syllabic",
      "phase": "cuneiform_elamite",
      "frequency": "high",
      "attestations": ["DB", "DSe"],
      "confidence": 0.93,
      "notes": "Negation particle, nominal root"
    },
    {
      "id": "CE007",
      "character": "𒋗",
      "transliteration": "šu",
      "meaning": ["hand", "he/his"],
      "type": "syllabic",
      "phase": "cuneiform_elamite",
      "frequency": "high",
      "attestations": ["DB", "DSe", "XPh"],
      "confidence": 0.96,
      "notes": "Possessive pronoun, body part"
    },
    {
      "id": "CE008",
      "character": "𒅴",
      "transliteration": "kam",
      "meaning": ["land", "country"],
      "type": "logogram",
      "phase": "cuneiform_elamite",
      "frequency": "medium",
      "attestations": ["DB", "DSe"],
      "confidence": 0.89,
      "notes": "Geographic term, cf. Akkadian KURRU"
    },
    {
      "id": "LE001",
      "character": "𐎀",
      "transliteration": "ha",
      "meaning": ["great", "chief"],
      "type": "syllabic",
      "phase": "linear_elamite",
      "frequency": "medium",
      "attestations": ["Puzur-Inshushinak"],
      "confidence": 0.75,
      "notes": "Appears in royal titles"
    },
    {
      "id": "LE002",
      "character": "𐎁",
      "transliteration": "pi",
      "meaning": ["mouth", "word"],
      "type": "syllabic",
      "phase": "linear_elamite", 
      "frequency": "medium",
      "attestations": ["Puzur-Inshushinak"],
      "confidence": 0.72,
      "notes": "Body part, communication"
    },
    {
      "id": "LE003",
      "character": "𐎂",
      "transliteration": "ku",
      "meaning": ["to place", "foundation"],
      "type": "syllabic",
      "phase": "linear_elamite",
      "frequency": "low",
      "attestations": ["Puzur-Inshushinak"],
      "confidence": 0.68,
      "notes": "Verbal root, architectural term"
    },
    {
      "id": "CE009",
      "character": "𒈬",
      "transliteration": "mu",
      "meaning": ["name", "year"],
      "type": "syllabic",
      "phase": "cuneiform_elamite",
      "frequency": "high",
      "attestations": ["DB", "DSe", "XPh"],
      "confidence": 0.95,
      "notes": "Common in dating formulas and proper names"
    },
    {
      "id": "CE010",
      "character": "𒆪",
      "transliteration": "ku",
      "meaning": ["to place", "base"],
      "type": "syllabic",
      "phase": "cuneiform_elamite",
      "frequency": "medium",
      "attestations": ["DB", "DSe"],
      "confidence": 0.91,
      "notes": "Verbal root, appears in construction contexts"
    },
    {
      "id": "CE011",
      "character": "𒈗𒋡",
      "transliteration": "šar-ri",
      "meaning": ["of the king", "royal"],
      "type": "compound",
      "phase": "cuneiform_elamite",
      "frequency": "high",
      "attestations": ["DB", "DSe", "XPh", "DNa"],
      "confidence": 0.98,
      "notes": "Genitive construction, royal epithets"
    },
    {
      "id": "CE012",
      "character": "𒀭𒈹",
      "transliteration": "d.hu-ban",
      "meaning": ["Humban (god)", "divine Humban"],
      "type": "divine_name",
      "phase": "cuneiform_elamite",
      "frequency": "high",
      "attestations": ["DB", "DSe"],
      "confidence": 0.99,
      "notes": "Principal Elamite deity, divine determinative + name"
    },
    {
      "id": "PE001",
      "character": "⏸",
      "transliteration": "[[UNDECIPHERED]]",
      "meaning": ["unknown"],
      "type": "pictographic",
      "phase": "proto_elamite",
      "frequency": "unknown",
      "attestations": ["Susa tablets"],
      "confidence": 0.0,
      "notes": "Representative undeciphered sign"
    }
  ],
  "morphological_markers": {
    "case_markers": {
      "-me": {
        "function": "agentive",
        "description": "Marks ergative subject in transitive clauses"
      },
      "-na": {
        "function": "locative", 
        "description": "Indicates location or direction"
      },
      "-ta": {
        "function": "ablative",
        "description": "Indicates source or origin"
      }
    },
    "verbal_affixes": {
      "-ka": {
        "function": "causative",
        "description": "Makes verb causative"
      },
      "-h": {
        "function": "past",
        "description": "Past tense marker"
      }
    },
    "nominal_affixes": {
      "-p": {
        "function": "plural",
        "description": "Plural marker for animates"
      },
      "-be": {
        "function": "plural",
        "description": "Plural marker for inanimates"
      }
    }
  },
  "attestation_sources": {
    "DB": "Darius Bisitun inscription",
    "DSe": "Darius Susa inscription", 
    "XPh": "Xerxes Persepolis inscription",
    "DNa": "Darius Naqsh-e Rustam inscription"
  }
}
