{
  "evolution_mappings": "Elamite Script Diachronic Development",
  "metadata": {
    "version": "1.0",
    "last_updated": "2025-08-04",
    "time_span": "c. 3200-400 BCE",
    "confidence_note": "many_connections_hypothetical_due_to_limited_decipherment"
  },
  "evolution_principles": {
    "general_trends": {
      "pictographic_to_abstract": "gradual_loss_of_iconic_resemblance",
      "complexity_reduction": "simplification_for_different_media",
      "standardization": "increased_consistency_over_time",
      "medium_adaptation": "clay_to_stone_to_clay_adaptations"
    },
    "technological_factors": {
      "writing_implements": {
        "proto_elamite": "reed_stylus_on_clay",
        "linear_elamite": "chisel_on_stone",
        "cuneiform_elamite": "wedge_stylus_on_clay"
      },
      "medium_constraints": {
        "proto_elamite": "curved_lines_possible",
        "linear_elamite": "straight_lines_preferred",
        "cuneiform_elamite": "wedge_combinations_only"
      }
    }
  },
  "documented_continuities": {
    "numerical_systems": {
      "unit_marker": {
        "proto_elamite": "●",
        "linear_elamite": "𐎠", 
        "cuneiform_elamite": "𒐕",
        "confidence": 0.85,
        "notes": "basic_counting_unit_preserved"
      },
      "decimal_system": {
        "proto_elamite": "◐ (10)",
        "linear_elamite": "𐎁 (10?)",
        "cuneiform_elamite": "𒌋𒌋 (10)",
        "confidence": 0.70,
        "notes": "decimal_structure_likely_continuous"
      }
    },
    "divine_concepts": {
      "divine_determinative": {
        "proto_elamite": "unknown_but_probable",
        "linear_elamite": "specific_divine_markers",
        "cuneiform_elamite": "𒀭 (AN determinative)",
        "confidence": 0.60,
        "notes": "concept_continuous_forms_adapted"
      }
    }
  },
  "hypothetical_connections": {
    "basic_syllables": {
      "a_sound": {
        "proto_elamite": "unknown",
        "linear_elamite": "𐎠",
        "cuneiform_elamite": "𒀀",
        "confidence": 0.40,
        "notes": "most_basic_vowel_likely_preserved"
      },
      "ka_syllable": {
        "proto_elamite": "possible_geometric_form",
        "linear_elamite": "𐎣",
        "cuneiform_elamite": "𒅗",
        "confidence": 0.50,
        "notes": "important_syllable_in_royal_contexts"
      },
      "na_syllable": {
        "proto_elamite": "unknown",
        "linear_elamite": "𐎦",
        "cuneiform_elamite": "𒈾",
        "confidence": 0.45,
        "notes": "frequent_in_all_phases"
      }
    },
    "administrative_terms": {
      "authority_concept": {
        "proto_elamite": "administrative_signs",
        "linear_elamite": "royal_titles",
        "cuneiform_elamite": "šarru/sunki",
        "confidence": 0.35,
        "notes": "concept_evolution_rather_than_form"
      }
    }
  },
  "script_breaks": {
    "proto_to_linear": {
      "time_gap": "c. 600_years",
      "geographic_continuity": "Susa_region",
      "cultural_context": "Akkadian_period_influence", 
      "transformation_type": "medium_driven_linearization",
      "evidence_level": "limited_due_to_proto_elamite_undecipherment"
    },
    "linear_to_cuneiform": {
      "time_gap": "c. 350_years",
      "geographic_continuity": "Susa_and_highland_sites",
      "cultural_context": "Mesopotamian_political_integration",
      "transformation_type": "complete_script_replacement",
      "evidence_level": "well_documented_adaptation_process"
    }
  },
  "evolution_patterns": {
    "sign_simplification": {
      "complexity_reduction": {
        "proto_elamite": "complex_pictographic_composites",
        "linear_elamite": "geometric_simplified_forms",
        "cuneiform_elamite": "wedge_stroke_combinations"
      },
      "variant_elimination": {
        "proto_elamite": "multiple_forms_same_concept",
        "linear_elamite": "reduced_variants",
        "cuneiform_elamite": "standardized_mesopotamian_forms"
      }
    },
    "functional_evolution": {
      "logographic_to_syllabic": {
        "proto_elamite": "primarily_logographic_with_syllabic",
        "linear_elamite": "increased_syllabic_usage",
        "cuneiform_elamite": "mixed_logo_syllabic_system"
      },
      "administrative_to_monumental": {
        "proto_elamite": "accounting_administrative",
        "linear_elamite": "royal_monumental_inscriptions",
        "cuneiform_elamite": "both_administrative_and_monumental"
      }
    }
  },
  "phonological_continuity": {
    "consonant_inventory": {
      "stops": "p_t_k_maintained_across_phases",
      "fricatives": "s_š_preserved",
      "liquids": "l_r_continuous",
      "nasals": "m_n_stable"
    },
    "vowel_system": {
      "basic_vowels": "a_i_u_core_system",
      "vowel_length": "unknown_in_early_phases",
      "vowel_harmony": "possible_throughout"
    }
  },
  "cultural_transmission": {
    "scribal_traditions": {
      "institutional_continuity": "temple_palace_schools",
      "geographic_centers": "Susa_as_consistent_center",
      "elite_knowledge": "restricted_literacy_maintenance"
    },
    "external_influences": {
      "mesopotamian_impact": "increasing_throughout_periods",
      "iranian_substrate": "possible_underlying_continuity",
      "political_pressures": "script_choice_driven_by_power"
    }
  },
  "research_limitations": {
    "proto_elamite_barrier": "limited_decipherment_prevents_detailed_comparison",
    "temporal_gaps": "missing_intermediate_forms",
    "sample_size": "small_corpus_each_phase",
    "preservation_bias": "different_materials_different_survival"
  },
  "future_research_directions": {
    "proto_elamite_progress": "improved_decipherment_needed",
    "intermediate_discoveries": "potential_transitional_texts",
    "comparative_analysis": "better_mesopotamian_elamite_comparison",
    "digital_methods": "computational_pattern_recognition"
  }
}
