[
  {
    "english": "god",
    "glagolitic": "ⰱⱁⰳⱏ",
    "translit": "bogŭ",
    "notes": "Attested in Codex Zographensis; from Proto-Slavic *bogъ"
  },
  {
    "english": "lord",
    "glagolitic": "ⰳⱁⱄⱂⱁⰴⱏ",
    "translit": "gospodĭ",
    "notes": "Master, lord; from gospod- 'master'"
  },
  {
    "english": "word",
    "glagolitic": "ⱄⰾⱁⰲⱁ",
    "translit": "slovo",
    "notes": "Word, speech; root of Slavic language names"
  },
  {
    "english": "christ",
    "glagolitic": "ⱈⱃⰻⱄⱅⱁⱄⱏ",
    "translit": "xristosŭ",
    "notes": "Christ, the anointed one; Greek loanword"
  },
  {
    "english": "jesus",
    "glagolitic": "ⰻⰹⱄⱆⱄⱏ",
    "translit": "iisusŭ",
    "notes": "Jesus; Greek/Hebrew loanword via Greek"
  },
  {
    "english": "father",
    "glagolitic": "ⱁⱅⱏⱌⱏ",
    "translit": "otĭčĭ",
    "notes": "Father; from Proto-Slavic *otьcь"
  },
  {
    "english": "son",
    "glagolitic": "ⱄⱏⱀⱏ",
    "translit": "synŭ",
    "notes": "Son; from Proto-Slavic *synъ"
  },
  {
    "english": "spirit",
    "glagolitic": "ⰴⱆⱈⱏ",
    "translit": "duxŭ",
    "notes": "Spirit, breath; from Proto-Slavic *duxъ"
  },
  {
    "english": "holy",
    "glagolitic": "ⱄⰲⱑⱅⱏ",
    "translit": "svętŭ",
    "notes": "Holy, sacred; from Proto-Slavic *svętъ"
  },
  {
    "english": "church",
    "glagolitic": "ⱌⱃⱏⰽⱏⰲⱏ",
    "translit": "črĭky",
    "notes": "Church; from Greek κυριακόν"
  },
  {
    "english": "people",
    "glagolitic": "ⰽⱓⰴⰻⰵ",
    "translit": "ljudie",
    "notes": "People, folk; from Proto-Slavic *ljudьje"
  },
  {
    "english": "man",
    "glagolitic": "ⰰⰴⰰⰿⱏ",
    "translit": "adamŭ",
    "notes": "Adam, first man; Hebrew loanword"
  },
  {
    "english": "woman",
    "glagolitic": "ⰶⰵⰿⰰ",
    "translit": "žena",
    "notes": "Woman, wife; from Proto-Slavic *žena"
  },
  {
    "english": "earth",
    "glagolitic": "ⰸⰵⰿⰾⱓ",
    "translit": "zemlja",
    "notes": "Earth, land; from Proto-Slavic *zemlja"
  },
  {
    "english": "heaven",
    "glagolitic": "ⰿⰵⰱⱁ",
    "translit": "nebo",
    "notes": "Heaven, sky; from Proto-Slavic *nebo"
  },
  {
    "english": "water",
    "glagolitic": "ⰲⱁⰴⰰ",
    "translit": "voda",
    "notes": "Water; from Proto-Slavic *voda"
  },
  {
    "english": "fire",
    "glagolitic": "ⱁⰳⱏⱀⱏ",
    "translit": "ognĭ",
    "notes": "Fire; from Proto-Slavic *ognь"
  },
  {
    "english": "light",
    "glagolitic": "ⱄⰲⱑⱅⱏ",
    "translit": "světŭ",
    "notes": "Light; from Proto-Slavic *světъ"
  },
  {
    "english": "darkness",
    "glagolitic": "ⱅⱏⰿⰰ",
    "translit": "tĭma",
    "notes": "Darkness; from Proto-Slavic *tьma"
  },
  {
    "english": "life",
    "glagolitic": "ⰶⰻⰲⱁⱅⱏ",
    "translit": "životŭ",
    "notes": "Life; from Proto-Slavic *životъ"
  },
  {
    "english": "death",
    "glagolitic": "ⱄⱏⰿⱃⱏⱅⱏ",
    "translit": "sĭmrĭtĭ",
    "notes": "Death; from Proto-Slavic *sъmьrtь"
  },
  {
    "english": "truth",
    "glagolitic": "ⰻⱄⱅⰻⰿⰰ",
    "translit": "istina",
    "notes": "Truth; from Proto-Slavic *istina"
  },
  {
    "english": "love",
    "glagolitic": "ⰾⱓⰱⱏⰲⱏ",
    "translit": "ljuby",
    "notes": "Love; from Proto-Slavic *ljubъ"
  },
  {
    "english": "peace",
    "glagolitic": "ⰼⰻⱃⱏ",
    "translit": "mirŭ",
    "notes": "Peace, world; from Proto-Slavic *mirъ"
  },
  {
    "english": "king",
    "glagolitic": "ⱌⱑⱄⰰⱃⱏ",
    "translit": "cěsarĭ",
    "notes": "Emperor, caesar; from Latin caesar"
  },
  {
    "english": "house",
    "glagolitic": "ⰴⱁⰿⱏ",
    "translit": "domŭ",
    "notes": "House, home; from Proto-Slavic *domъ"
  },
  {
    "english": "bread",
    "glagolitic": "ⱈⰾⱑⰱⱏ",
    "translit": "xlěbŭ",
    "notes": "Bread; from Proto-Slavic *xlěbъ"
  },
  {
    "english": "wine",
    "glagolitic": "ⰲⰻⰿⱁ",
    "translit": "vino",
    "notes": "Wine; from Proto-Slavic *vino"
  },
  {
    "english": "book",
    "glagolitic": "ⰱⱆⰽⱏⰲⱏ",
    "translit": "buky",
    "notes": "Book, letters; from Proto-Slavic *buky"
  },
  {
    "english": "to be",
    "glagolitic": "ⰱⱏⱅⰻ",
    "translit": "byti",
    "notes": "To be, exist; infinitive from Proto-Slavic *byti"
  },
  {
    "english": "to have",
    "glagolitic": "ⰻⰿⱑⱅⰻ",
    "translit": "iměti",
    "notes": "To have, possess; from Proto-Slavic *jьměti"
  },
  {
    "english": "to give",
    "glagolitic": "ⰴⰰⱅⰻ",
    "translit": "dati",
    "notes": "To give; from Proto-Slavic *dati"
  },
  {
    "english": "to take",
    "glagolitic": "ⰻⰿⰰⱅⰻ",
    "translit": "imati",
    "notes": "To take, seize; from Proto-Slavic *jьmati"
  },
  {
    "english": "to know",
    "glagolitic": "ⰲⱑⰴⱑⱅⰻ",
    "translit": "věděti",
    "notes": "To know; from Proto-Slavic *věděti"
  },
  {
    "english": "to see",
    "glagolitic": "ⰲⰻⰴⱑⱅⰻ",
    "translit": "viděti",
    "notes": "To see; from Proto-Slavic *viděti"
  },
  {
    "english": "to hear",
    "glagolitic": "ⱄⰾⱏⱈⰰⱅⰻ",
    "translit": "slyšati",
    "notes": "To hear; from Proto-Slavic *slyšati"
  },
  {
    "english": "to speak",
    "glagolitic": "ⰳⰾⰰⰳⱁⰾⰰⱅⰻ",
    "translit": "glagolati",
    "notes": "To speak; from Proto-Slavic *golgolati"
  },
  {
    "english": "to go",
    "glagolitic": "ⰻⱅⰻ",
    "translit": "iti",
    "notes": "To go; from Proto-Slavic *jьti"
  },
  {
    "english": "to come",
    "glagolitic": "ⱂⱃⰻⱅⰻ",
    "translit": "priti",
    "notes": "To come; from *pri- + *jьti"
  },
  {
    "english": "good",
    "glagolitic": "ⰴⱁⰱⱃⱏ",
    "translit": "dobrŭ",
    "notes": "Good; from Proto-Slavic *dobrъ"
  },
  {
    "english": "bad",
    "glagolitic": "ⰸⰾⱏ",
    "translit": "zĭlŭ",
    "notes": "Bad, evil; from Proto-Slavic *zъlъ"
  },
  {
    "english": "great",
    "glagolitic": "ⰲⰵⰾⰻⰺⱏ",
    "translit": "velikŭ",
    "notes": "Great, large; from Proto-Slavic *velikъ"
  },
  {
    "english": "small",
    "glagolitic": "ⰼⰰⰾⱏ",
    "translit": "malŭ",
    "notes": "Small; from Proto-Slavic *malъ"
  },
  {
    "english": "new",
    "glagolitic": "ⰿⱁⰲⱏ",
    "translit": "novŭ",
    "notes": "New; from Proto-Slavic *novъ"
  },
  {
    "english": "old",
    "glagolitic": "ⱄⱅⰰⱃⱏ",
    "translit": "starŭ",
    "notes": "Old; from Proto-Slavic *starъ"
  },
  {
    "english": "white",
    "glagolitic": "ⰱⱑⰾⱏ",
    "translit": "bělŭ",
    "notes": "White; from Proto-Slavic *bělъ"
  },
  {
    "english": "black",
    "glagolitic": "ⱍⱃⱏⰿⱏ",
    "translit": "črĭnŭ",
    "notes": "Black; from Proto-Slavic *čьrnъ"
  },
  {
    "english": "one",
    "glagolitic": "ⰵⰴⰻⰿⱏ",
    "translit": "jedinŭ",
    "notes": "One; from Proto-Slavic *edinъ"
  },
  {
    "english": "two",
    "glagolitic": "ⰴⱏⰲⰰ",
    "translit": "dŭva",
    "notes": "Two; from Proto-Slavic *dъva"
  },
  {
    "english": "three",
    "glagolitic": "ⱅⱃⰻⰵ",
    "translit": "trie",
    "notes": "Three; from Proto-Slavic *trьje"
  },
  {
    "english": "four",
    "glagolitic": "ⱍⰵⱅⱏⱃⰻ",
    "translit": "četyri",
    "notes": "Four; from Proto-Slavic *četyre"
  },
  {
    "english": "five",
    "glagolitic": "ⱂⱑⱅⱏ",
    "translit": "pętĭ",
    "notes": "Five; from Proto-Slavic *pętь"
  },
  {
    "english": "six",
    "glagolitic": "ⱎⰵⱄⱅⱏ",
    "translit": "šestĭ",
    "notes": "Six; from Proto-Slavic *šestь"
  },
  {
    "english": "seven",
    "glagolitic": "ⱄⰵⰴⰿⱏ",
    "translit": "sedmĭ",
    "notes": "Seven; from Proto-Slavic *sedmь"
  },
  {
    "english": "eight",
    "glagolitic": "ⱁⱄⰿⱏ",
    "translit": "osmĭ",
    "notes": "Eight; from Proto-Slavic *osmь"
  },
  {
    "english": "nine",
    "glagolitic": "ⰴⰵⰲⱑⱅⱏ",
    "translit": "devętĭ",
    "notes": "Nine; from Proto-Slavic *devętь"
  },
  {
    "english": "ten",
    "glagolitic": "ⰴⰵⱄⱑⱅⱏ",
    "translit": "desętĭ",
    "notes": "Ten; from Proto-Slavic *desętь"
  },
  {
    "english": "today",
    "glagolitic": "ⰴⱏⰿⱏⱄⱏ",
    "translit": "dĭnĭsĭ",
    "notes": "Today; from *dĭnь + *sь"
  },
  {
    "english": "tomorrow",
    "glagolitic": "ⱆⱅⱃⱁ",
    "translit": "jutro",
    "notes": "Tomorrow, morning; from Proto-Slavic *jutro"
  },
  {
    "english": "yesterday",
    "glagolitic": "ⰲⱍⰵⱃⰰ",
    "translit": "včera",
    "notes": "Yesterday; from Proto-Slavic *včera"
  },
  {
    "english": "night",
    "glagolitic": "ⰿⱁⱍⱏ",
    "translit": "noštĭ",
    "notes": "Night; from Proto-Slavic *noktь"
  },
  {
    "english": "day",
    "glagolitic": "ⰴⱏⰿⱏ",
    "translit": "dĭnĭ",
    "notes": "Day; from Proto-Slavic *dьnь"
  },
  {
    "english": "year",
    "glagolitic": "ⰾⱑⱅⱁ",
    "translit": "lěto",
    "notes": "Year, summer; from Proto-Slavic *lěto"
  },
  {
    "english": "time",
    "glagolitic": "ⰲⱃⱑⰿⱑ",
    "translit": "vrěmę",
    "notes": "Time; from Proto-Slavic *vermę"
  },
  {
    "english": "hand",
    "glagolitic": "ⱃⱆⰽⰰ",
    "translit": "rǫka",
    "notes": "Hand, arm; from Proto-Slavic *rǫka"
  },
  {
    "english": "foot",
    "glagolitic": "ⰿⱁⰳⰰ",
    "translit": "noga",
    "notes": "Foot, leg; from Proto-Slavic *noga"
  },
  {
    "english": "head",
    "glagolitic": "ⰳⰾⰰⰲⰰ",
    "translit": "glava",
    "notes": "Head; from Proto-Slavic *golva"
  },
  {
    "english": "heart",
    "glagolitic": "ⱄⱃⱏⰴⱌⰵ",
    "translit": "srĭdce",
    "notes": "Heart; from Proto-Slavic *sьrdьce"
  },
  {
    "english": "soul",
    "glagolitic": "ⰴⱆⱎⰰ",
    "translit": "duša",
    "notes": "Soul; from Proto-Slavic *duša"
  },
  {
    "english": "body",
    "glagolitic": "ⱅⱑⰾⱁ",
    "translit": "tělo",
    "notes": "Body; from Proto-Slavic *tělo"
  },
  {
    "english": "eye",
    "glagolitic": "ⱁⰽⱁ",
    "translit": "oko",
    "notes": "Eye; from Proto-Slavic *oko"
  },
  {
    "english": "mouth",
    "glagolitic": "ⱆⱄⱅⰰ",
    "translit": "usta",
    "notes": "Mouth, lips; from Proto-Slavic *usta"
  },
  {
    "english": "prayer",
    "glagolitic": "ⰼⱁⰾⰻⱅⰲⰰ",
    "translit": "molitva",
    "notes": "Prayer; from moliti + -tva"
  },
  {
    "english": "angel",
    "glagolitic": "ⰰⰳⰳⰵⰾⱏ",
    "translit": "aggelŭ",
    "notes": "Angel; Greek loanword ἄγγελος"
  },
  {
    "english": "devil",
    "glagolitic": "ⰴⰻⰰⰲⱁⰾⱏ",
    "translit": "diavolŭ",
    "notes": "Devil; Greek loanword διάβολος"
  },
  {
    "english": "sin",
    "glagolitic": "ⰳⱃⱑⱈⱏ",
    "translit": "grěxŭ",
    "notes": "Sin; from Proto-Slavic *grěxъ"
  },
  {
    "english": "salvation",
    "glagolitic": "ⱄⱂⰰⱄⰵⰿⰻⰵ",
    "translit": "spasenie",
    "notes": "Salvation; from spasiti + -enie"
  },
  {
    "english": "apostle",
    "glagolitic": "ⰰⱂⱁⱄⱅⱁⰾⱏ",
    "translit": "apostolŭ",
    "notes": "Apostle; Greek loanword ἀπόστολος"
  },
  {
    "english": "prophet",
    "glagolitic": "ⱂⱃⱁⱃⱁⰽⱏ",
    "translit": "prorokŭ",
    "notes": "Prophet; Greek loanword προφήτης"
  },
  {
    "english": "bishop",
    "glagolitic": "ⱑⱂⰻⱄⰽⱆⱂⱏ",
    "translit": "episkopu",
    "notes": "Bishop; Greek loanword ἐπίσκοπος"
  },
  {
    "english": "priest",
    "glagolitic": "ⱂⱁⱂⱏ",
    "translit": "popŭ",
    "notes": "Priest; from Greek πάππας"
  },
  {
    "english": "mother",
    "glagolitic": "ⰿⰰⱅⰻ",
    "translit": "mati",
    "notes": "Mother; from Proto-Slavic *mati"
  },
  {
    "english": "brother",
    "glagolitic": "ⰱⱃⰰⱅⱃⱏ",
    "translit": "bratrŭ",
    "notes": "Brother; from Proto-Slavic *bratrъ"
  },
  {
    "english": "sister",
    "glagolitic": "ⱄⰵⱄⱅⱃⰰ",
    "translit": "sestra",
    "notes": "Sister; from Proto-Slavic *sestra"
  },
  {
    "english": "child",
    "glagolitic": "ⰴⰻⱅⱑ",
    "translit": "ditę",
    "notes": "Child; from Proto-Slavic *dětę"
  },
  {
    "english": "I",
    "glagolitic": "ⰰⰸⱏ",
    "translit": "azŭ",
    "notes": "I, first person pronoun; from Proto-Slavic *azъ"
  },
  {
    "english": "you",
    "glagolitic": "ⱅⱏ",
    "translit": "ty",
    "notes": "You (singular); from Proto-Slavic *ty"
  },
  {
    "english": "he",
    "glagolitic": "ⱁⰿⱏ",
    "translit": "onŭ",
    "notes": "He; from Proto-Slavic *onъ"
  },
  {
    "english": "she",
    "glagolitic": "ⱁⰿⰰ",
    "translit": "ona",
    "notes": "She; from Proto-Slavic *ona"
  },
  {
    "english": "we",
    "glagolitic": "ⰿⱏ",
    "translit": "my",
    "notes": "We; from Proto-Slavic *my"
  },
  {
    "english": "and",
    "glagolitic": "ⰻ",
    "translit": "i",
    "notes": "And; from Proto-Slavic *i"
  },
  {
    "english": "but",
    "glagolitic": "ⰰ",
    "translit": "a",
    "notes": "But; from Proto-Slavic *a"
  },
  {
    "english": "not",
    "glagolitic": "ⰿⰵ",
    "translit": "ne",
    "notes": "Not; negation particle from Proto-Slavic *ne"
  },
  {
    "english": "in",
    "glagolitic": "ⰲⱏ",
    "translit": "vŭ",
    "notes": "In, into; preposition from Proto-Slavic *vъ"
  },
  {
    "english": "on",
    "glagolitic": "ⰿⰰ",
    "translit": "na",
    "notes": "On, onto; preposition from Proto-Slavic *na"
  },
  {
    "english": "from",
    "glagolitic": "ⱁⱅⱏ",
    "translit": "otŭ",
    "notes": "From; preposition from Proto-Slavic *otъ"
  },
  {
    "english": "with",
    "glagolitic": "ⱄⱏ",
    "translit": "sŭ",
    "notes": "With; preposition from Proto-Slavic *sъ"
  },
  {
    "english": "for",
    "glagolitic": "ⰸⰰ",
    "translit": "za",
    "notes": "For, behind; preposition from Proto-Slavic *za"
  },
  {
    "english": "all",
    "glagolitic": "ⰲⱄⰵ",
    "translit": "vĭse",
    "notes": "All; from Proto-Slavic *vьsь"
  },
  {
    "english": "this",
    "glagolitic": "ⱄⰵ",
    "translit": "se",
    "notes": "This; demonstrative pronoun"
  },
  {
    "english": "that",
    "glagolitic": "ⱅⱁ",
    "translit": "to",
    "notes": "That; demonstrative pronoun"
  },
  {
    "english": "who",
    "glagolitic": "ⰽⱏⱅⱁ",
    "translit": "kŭto",
    "notes": "Who; interrogative pronoun"
  },
  {
    "english": "what",
    "glagolitic": "ⱍⱏⱅⱁ",
    "translit": "čĭto",
    "notes": "What; interrogative pronoun"
  },
  {
    "english": "where",
    "glagolitic": "ⰽⱆⰴⰵ",
    "translit": "kŭde",
    "notes": "Where; interrogative adverb"
  },
  {
    "english": "when",
    "glagolitic": "ⰽⱏⰳⰴⰰ",
    "translit": "kŭgda",
    "notes": "When; interrogative adverb"
  },
  {
    "english": "how",
    "glagolitic": "ⰽⰰⰽⱁ",
    "translit": "kako",
    "notes": "How; interrogative adverb"
  },
  {
    "english": "why",
    "glagolitic": "ⱂⱁⱍⱏⱅⱁ",
    "translit": "počĭto",
    "notes": "Why; interrogative adverb"
  }
]
