glyph_id,unicode,phoneme,translit,proto_form,semitic_root,english_gloss,attestation_site,archaeological_context,notes,confidence_score,scholarly_consensus
G01,𐤀,ʾ,',ox_head,ʾ-L-P,ox/cattle,Serabit_el_Khadim,Sinai_345,Pictographic ox head - aleph ancestor,0.95,High - Albright/Cross confirmed
G02,𐤁,b,b,house,B-Y-T,house/family,Serabit_el_Khadim,Sinai_357,House plan - beth ancestor,0.90,High - Multiple attestations
G03,𐤂,g,g,throw_stick,G-M-L,camel/carry,Wadi_el_Hol,WH_1,Boomerang shape - gimel ancestor,0.85,Medium-High - Darnell confirmed
G04,𐤃,d,d,fish,D-G,fish,Serabit_el_Khadim,Sinai_345,Triangular fish - daleth ancestor,0.90,High - Clear pictographic form
G05,𐤄,h,h,window,H-L-L,window/opening,Serabit_el_Khadim,Sinai_357,Lattice window - he ancestor,0.80,Medium-High - Sass interpretation
G06,𐤅,w,w,hook,W-W,hook/peg,Serabit_el_Khadim,Sinai_375a,Hook or nail - waw ancestor,0.85,Medium-High - Hamilton confirmed
G07,𐤆,z,z,weapon,Z-Y-N,weapon/arm,Wadi_el_Hol,WH_2,Weapon or tool - zayin ancestor,0.75,Medium - Debated interpretation
G08,𐤇,ḥ,H,courtyard,Ḥ-Ṣ-R,courtyard/enclosure,Serabit_el_Khadim,Sinai_345,Enclosed area - heth ancestor,0.80,Medium-High - Rectangular enclosure
G09,𐤈,ṭ,T,cord,Ṭ-W-H,good/pure,Serabit_el_Khadim,Sinai_357,Twisted cord - teth ancestor,0.70,Medium - Cross/Rainey disputed
G10,𐤉,y,y,hand,Y-D,hand/work,Serabit_el_Khadim,Sinai_375a,Arm and hand - yodh ancestor,0.90,High - Clear hand pictograph
G11,𐤊,k,k,palm,K-P,palm/hollow,Wadi_el_Hol,WH_1,Cupped hand - kaph ancestor,0.85,Medium-High - Darnell confirmed
G12,𐤋,l,l,goad,L-M-D,teach/goad,Serabit_el_Khadim,Sinai_345,Shepherd's crook - lamedh ancestor,0.90,High - Multiple clear attestations
G13,𐤌,m,m,water,M-Y-M,water,Serabit_el_Khadim,Sinai_357,Wavy water lines - mem ancestor,0.95,High - Universally accepted
G14,𐤍,n,n,snake,N-Ḥ-Š,snake/divine,Serabit_el_Khadim,Sinai_375a,Serpent form - nun ancestor,0.85,Medium-High - Sass/Hamilton agree
G15,𐤎,s,s,support,S-M-K,support/lean,Wadi_el_Hol,WH_2,Prop or pillar - samekh ancestor,0.60,Medium - Limited attestation
G16,𐤏,ʿ,E,eye,ʿ-Y-N,eye/see,Serabit_el_Khadim,Sinai_345,Circle with dot - ayin ancestor,0.95,High - Clear eye pictograph
G17,𐤐,p,p,mouth,P-H,mouth/speak,Serabit_el_Khadim,Sinai_357,Corner or mouth - pe ancestor,0.80,Medium-High - Angular mouth form
G18,𐤑,ṣ,S,plant,Ṣ-M-Ḥ,plant/grow,Serabit_el_Khadim,Sinai_375a,Flowering plant - tsadhe ancestor,0.75,Medium - Plant interpretation debated
G19,𐤒,q,q,monkey,Q-P,monkey/nimble,Wadi_el_Hol,WH_1,Monkey head - qoph ancestor,0.70,Medium - Darnell interpretation
G20,𐤓,r,r,head,R-ʾ-Š,head/chief,Serabit_el_Khadim,Sinai_345,Human head profile - resh ancestor,0.90,High - Clear head profile
G21,𐤔,š,š,tooth,Š-N,tooth/sharp,Serabit_el_Khadim,Sinai_357,W-shaped tooth - shin ancestor,0.85,Medium-High - Tooth form accepted
G22,𐤕,t,t,mark,T-W,mark/sign,Serabit_el_Khadim,Sinai_375a,Cross or mark - taw ancestor,0.90,High - Simple cross mark
G23,𐤖,ḏ,d,door,D-L-T,door/opening,Wadi_el_Hol,WH_2,Door or gate - voiced daleth,0.45,Low - Speculative phoneme
G24,𐤗,ṯ,t,serpent,Ṯ-ʿ-B-N,serpent/twisting,Serabit_el_Khadim,Sinai_345,Coiled snake - voiceless teth,0.40,Low - Reconstructed variant
G25,𐤘,ġ,g,twisted,Ġ-R-R,twisted/rolled,Serabit_el_Khadim,Sinai_357,Spiral form - voiced gimel,0.35,Low - Theoretical reconstruction
G26,𐤙,ḫ,x,fence,Ḫ-Ṣ-R,fence/enclose,Wadi_el_Hol,WH_1,Crossed fence - fricative heth,0.50,Medium-Low - Debated phoneme
G27,𐤚,ḍ,D,side,Ḍ-L-ʿ,side/rib,Serabit_el_Khadim,Sinai_375a,Side view - emphatic daleth,0.40,Low - Reconstructed emphatic
G28,𐤛,ẓ,Z,shade,Ẓ-L-L,shade/shadow,Serabit_el_Khadim,Sinai_345,Shadow mark - emphatic tsadhe,0.35,Low - Speculative form
G29,𐤜,ś,s,rejoice,Ś-M-Ḥ,rejoice/glad,Wadi_el_Hol,WH_2,Upright mark - lateral sibilant,0.30,Low - Theoretical lateral
G30,𐤝,ṱ,T,bowl,Ṱ-B-ʿ,bowl/sink,Serabit_el_Khadim,Sinai_357,Curved bowl - lateral emphatic,0.25,Very Low - Highly speculative
V01,𐤀,ʾ,'_var,ox_head_rotated,ʾ-L-P,ox/cattle,Serabit_el_Khadim,Sinai_353,Rotated aleph variant,0.80,Medium-High - Attested rotation
V02,𐤁,b,b_var,house_simplified,B-Y-T,house/family,Wadi_el_Hol,WH_1,Simplified house plan,0.75,Medium - Darnell documented
V03,𐤃,d,d_var,fish_curved,D-G,fish,Serabit_el_Khadim,Sinai_375b,Curved fish form,0.70,Medium - Shape variant
V04,𐤄,h,h_var,window_hatched,H-L-L,window/opening,Serabit_el_Khadim,Sinai_363,Hatched window variant,0.65,Medium - Cross hatching
V05,𐤉,y,y_var,hand_extended,Y-D,hand/work,Wadi_el_Hol,WH_2,Extended arm form,0.72,Medium - Arm extension variant
A01,𐤞,ġ,g2,corner,Ġ-W-Y,corner/angle,Serabit_el_Khadim,Sinai_349,Angular corner form,0.55,Medium-Low - Sass documented
A02,𐤟,ḥ2,H2,fence,Ḥ-Y-Ṭ,wall/fence,Wadi_el_Hol,WH_inscr_2,Fence/barrier pictograph,0.60,Medium - Darnell 2005
A03,𐤠,k2,k2,cup,K-W-S,cup/vessel,Serabit_el_Khadim,Sinai_375c,Cup or bowl shape,0.50,Medium-Low - Hamilton interpretation
A04,𐤡,l2,l2,staff,L-Q-Ḥ,take/staff,Serabit_el_Khadim,Sinai_351,Staff or rod variant,0.58,Medium-Low - Alternative lamedh
A05,𐤢,m2,m2,owl,M-W-T,death/owl,Wadi_el_Hol,WH_inscr_1,Owl pictograph,0.45,Low - Speculative identification
A06,𐤣,n2,n2,fish,N-W-N,fish/swim,Serabit_el_Khadim,Sinai_365,Fish variant form,0.52,Medium-Low - Cross referenced
A07,𐤤,ʿ2,E2,spring,ʿ-Y-N,spring/well,Serabit_el_Khadim,Sinai_377,Water spring symbol,0.48,Low - Water interpretation
A08,𐤥,r2,r2,bow,R-M-H,shoot/bow,Wadi_el_Hol,WH_inscr_3,Bow weapon form,0.42,Low - Weapon pictograph
P01,𐤀,ʾ,'_inv,ox_inverted,ʾ-L-P,ox/cattle,Serabit_el_Khadim,Sinai_360,Inverted aleph position,0.68,Medium - Positional variant
P02,𐤌,m,m_vert,water_vertical,M-Y-M,water,Serabit_el_Khadim,Sinai_346,Vertical water lines,0.72,Medium - Vertical orientation
P03,𐤍,n,n_coil,snake_coiled,N-Ḥ-Š,snake/divine,Wadi_el_Hol,WH_4,Coiled serpent form,0.65,Medium - Snake coil variant
P04,𐤋,l,l_hook,goad_hooked,L-M-D,teach/goad,Serabit_el_Khadim,Sinai_354,Hooked staff form,0.70,Medium - Staff hook variant
P05,𐤕,t,t_x,cross_mark,T-W,mark/sign,Serabit_el_Khadim,Sinai_374,X-shaped cross mark,0.75,Medium - Cross variant
F01,𐤦,uncertain,?,unknown,?,unknown,Serabit_el_Khadim,Sinai_356,Fragmentary glyph,0.20,Very Low - Damaged inscription
F02,𐤧,uncertain,?,unknown,?,unknown,Wadi_el_Hol,WH_fragment,Partial pictograph,0.15,Very Low - Fragment only
F03,𐤨,uncertain,?,unknown,?,unknown,Serabit_el_Khadim,Sinai_378,Unclear symbol,0.18,Very Low - Weathered stone
