{
  "sentence_patterns": {
    "basic_copula": {
      "pattern": "SUBJECT + εἰμί + PREDICATE",
      "structure": "{article} {noun} {copula} {adjective/noun}",
      "examples": [
        {
          "greek": "ὁ ἀνὴρ σοφός ἐστιν",
          "english": "the man is wise",
          "components": {
            "subject": "ὁ ἀνήρ",
            "copula": "ἐστιν",
            "predicate": "σοφός"
          }
        },
        {
          "greek": "ἡ γυνὴ καλή ἐστιν",
          "english": "the woman is beautiful",
          "components": {
            "subject": "ἡ γυνή",
            "copula": "ἐστιν",
            "predicate": "καλή"
          }
        }
      ]
    },
    "transitive_verb": {
      "pattern": "SUBJECT + TRANSITIVE_VERB + OBJECT",
      "structure": "{article} {noun_nom} {verb} {article} {noun_acc}",
      "examples": [
        {
          "greek": "ὁ ἀνὴρ λέγει τὸν λόγον",
          "english": "the man speaks the word",
          "components": {
            "subject": "ὁ ἀνήρ",
            "verb": "λέγει",
            "object": "τὸν λόγον"
          }
        },
        {
          "greek": "ἡ γυνὴ ὁρᾷ τὸν θεόν",
          "english": "the woman sees the god",
          "components": {
            "subject": "ἡ γυνή",
            "verb": "ὁρᾷ",
            "object": "τὸν θεόν"
          }
        }
      ]
    },
    "genitive_possession": {
      "pattern": "POSSESSOR_GEN + POSSESSED_NOM",
      "structure": "{article_gen} {noun_gen} {article_nom} {noun_nom}",
      "examples": [
        {
          "greek": "τοῦ ἀνδρὸς ἡ σοφία",
          "english": "the man's wisdom",
          "components": {
            "possessor": "τοῦ ἀνδρός",
            "possessed": "ἡ σοφία"
          }
        },
        {
          "greek": "τῆς πόλεως οἱ νόμοι",
          "english": "the city's laws",
          "components": {
            "possessor": "τῆς πόλεως",
            "possessed": "οἱ νόμοι"
          }
        }
      ]
    },
    "prepositional_phrase": {
      "pattern": "PREPOSITION + NOUN_CASE",
      "structure": "{preposition} {article} {noun}",
      "examples": [
        {
          "greek": "ἐν τῇ πόλει",
          "english": "in the city",
          "components": {
            "preposition": "ἐν",
            "object": "τῇ πόλει",
            "case": "dative"
          }
        },
        {
          "greek": "εἰς τὴν πόλιν",
          "english": "into the city",
          "components": {
            "preposition": "εἰς",
            "object": "τὴν πόλιν",
            "case": "accusative"
          }
        },
        {
          "greek": "ἐκ τῆς πόλεως",
          "english": "out of the city",
          "components": {
            "preposition": "ἐκ",
            "object": "τῆς πόλεως",
            "case": "genitive"
          }
        }
      ]
    },
    "attributive_adjective": {
      "pattern": "ARTICLE + ADJECTIVE + NOUN",
      "structure": "{article} {adjective} {noun}",
      "examples": [
        {
          "greek": "ὁ σοφὸς ἀνήρ",
          "english": "the wise man",
          "components": {
            "article": "ὁ",
            "adjective": "σοφός",
            "noun": "ἀνήρ"
          }
        },
        {
          "greek": "ἡ καλὴ γυνή",
          "english": "the beautiful woman",
          "components": {
            "article": "ἡ",
            "adjective": "καλή",
            "noun": "γυνή"
          }
        }
      ]
    },
    "coordination": {
      "pattern": "ELEMENT1 + καί + ELEMENT2",
      "structure": "{element1} καί {element2}",
      "examples": [
        {
          "greek": "ὁ ἀνὴρ καὶ ἡ γυνή",
          "english": "the man and the woman",
          "components": {
            "element1": "ὁ ἀνήρ",
            "coordinator": "καί",
            "element2": "ἡ γυνή"
          }
        },
        {
          "greek": "σοφὸς καὶ δίκαιος",
          "english": "wise and just",
          "components": {
            "element1": "σοφός",
            "coordinator": "καί",
            "element2": "δίκαιος"
          }
        }
      ]
    },
    "negation": {
      "pattern": "οὐ/μή + VERB",
      "structure": "{negation} {verb}",
      "examples": [
        {
          "greek": "οὐ λέγω",
          "english": "I do not speak",
          "components": {
            "negation": "οὐ",
            "verb": "λέγω"
          },
          "notes": "οὐ with indicative"
        },
        {
          "greek": "μὴ λέγε",
          "english": "do not speak!",
          "components": {
            "negation": "μή",
            "verb": "λέγε"
          },
          "notes": "μή with imperative"
        }
      ]
    },
    "indirect_object": {
      "pattern": "SUBJECT + VERB + INDIRECT_OBJ_DAT + DIRECT_OBJ_ACC",
      "structure": "{subject} {verb} {dative_noun} {accusative_noun}",
      "examples": [
        {
          "greek": "ὁ διδάσκαλος λέγει τῷ παιδὶ τὸν λόγον",
          "english": "the teacher tells the child the story",
          "components": {
            "subject": "ὁ διδάσκαλος",
            "verb": "λέγει",
            "indirect_object": "τῷ παιδί",
            "direct_object": "τὸν λόγον"
          }
        }
      ]
    }
  },
  "word_order_patterns": {
    "standard_order": {
      "description": "Standard Greek word order tendencies",
      "patterns": [
        {
          "type": "SOV",
          "description": "Subject-Object-Verb (most common)",
          "example": "ὁ ἀνὴρ τὸν λόγον λέγει"
        },
        {
          "type": "SVO",
          "description": "Subject-Verb-Object (emphasis on verb)",
          "example": "ὁ ἀνὴρ λέγει τὸν λόγον"
        },
        {
          "type": "VSO",
          "description": "Verb-Subject-Object (narrative)",
          "example": "λέγει ὁ ἀνὴρ τὸν λόγον"
        }
      ]
    },
    "article_noun_order": {
      "description": "Article and noun/adjective positioning",
      "patterns": [
        {
          "type": "attributive_position",
          "structure": "ὁ + adjective + noun",
          "example": "ὁ σοφὸς ἀνήρ",
          "meaning": "attributive (the wise man)"
        },
        {
          "type": "predicate_position",
          "structure": "ὁ + noun + adjective",
          "example": "ὁ ἀνὴρ σοφός",
          "meaning": "predicate (the man [is] wise)"
        }
      ]
    }
  },
  "morphological_patterns": {
    "noun_declensions": {
      "first_declension": {
        "type": "feminine_alpha",
        "paradigm": "σοφία",
        "endings": {
          "singular": {
            "nominative": "-α/-η",
            "genitive": "-ας/-ης",
            "dative": "-ᾱ/-ῃ",
            "accusative": "-αν/-ην"
          },
          "plural": {
            "nominative": "-αι",
            "genitive": "-ων",
            "dative": "-αις",
            "accusative": "-ας"
          }
        }
      },
      "second_declension": {
        "type": "masculine_omicron",
        "paradigm": "λόγος",
        "endings": {
          "singular": {
            "nominative": "-ος",
            "genitive": "-ου",
            "dative": "-ῳ",
            "accusative": "-ον"
          },
          "plural": {
            "nominative": "-οι",
            "genitive": "-ων",
            "dative": "-οις",
            "accusative": "-ους"
          }
        }
      },
      "third_declension": {
        "type": "consonant_stems",
        "paradigm": "ἀνήρ",
        "endings": {
          "singular": {
            "nominative": "-(various)",
            "genitive": "-ος",
            "dative": "-ι",
            "accusative": "-α/-ν"
          },
          "plural": {
            "nominative": "-ες",
            "genitive": "-ων",
            "dative": "-σι(ν)",
            "accusative": "-ας/-ες"
          }
        }
      }
    },
    "verb_conjugations": {
      "present_active_indicative": {
        "paradigm": "λέγω",
        "endings": {
          "singular": {
            "1st": "-ω",
            "2nd": "-εις",
            "3rd": "-ει"
          },
          "plural": {
            "1st": "-ομεν",
            "2nd": "-ετε",
            "3rd": "-ουσι(ν)"
          }
        }
      },
      "imperfect_active_indicative": {
        "paradigm": "ἔλεγον",
        "endings": {
          "singular": {
            "1st": "ἐ-...-ον",
            "2nd": "ἐ-...-ες",
            "3rd": "ἐ-...-ε(ν)"
          },
          "plural": {
            "1st": "ἐ-...-ομεν",
            "2nd": "ἐ-...-ετε",
            "3rd": "ἐ-...-ον"
          }
        }
      }
    },
    "adjective_patterns": {
      "two_termination": {
        "description": "Two-ending adjectives (masc/fem, neut)",
        "paradigm": "ἀδικος",
        "forms": {
          "masculine_feminine": "ἄδικος",
          "neuter": "ἄδικον"
        }
      },
      "three_termination": {
        "description": "Three-ending adjectives",
        "paradigm": "ἀγαθός",
        "forms": {
          "masculine": "ἀγαθός",
          "feminine": "ἀγαθή",
          "neuter": "ἀγαθόν"
        }
      }
    }
  },
  "syntactic_rules": {
    "agreement_rules": {
      "noun_adjective_agreement": {
        "rule": "Adjectives agree with nouns in gender, number, and case",
        "examples": [
          {
            "correct": "ὁ σοφὸς ἀνήρ",
            "incorrect": "ὁ σοφὴ ἀνήρ",
            "explanation": "masculine singular nominative agreement"
          }
        ]
      },
      "subject_verb_agreement": {
        "rule": "Verbs agree with subjects in person and number",
        "examples": [
          {
            "correct": "οἱ ἄνδρες λέγουσιν",
            "incorrect": "οἱ ἄνδρες λέγει",
            "explanation": "plural subject requires plural verb"
          }
        ]
      }
    },
    "case_usage": {
      "nominative": {
        "function": "Subject of sentence, predicate nominative",
        "examples": ["ὁ ἀνὴρ σοφός ἐστιν"]
      },
      "genitive": {
        "function": "Possession, partitive, with certain prepositions",
        "examples": ["τοῦ ἀνδρὸς ἡ σοφία", "ἐκ τῆς πόλεως"]
      },
      "dative": {
        "function": "Indirect object, means, with certain prepositions",
        "examples": ["τῷ ἀνδρὶ λέγω", "ἐν τῇ πόλει"]
      },
      "accusative": {
        "function": "Direct object, extent, with certain prepositions",
        "examples": ["τὸν λόγον λέγω", "εἰς τὴν πόλιν"]
      }
    }
  },
  "idiomatic_constructions": {
    "genitive_absolute": {
      "description": "Independent participial construction",
      "structure": "NOUN_GEN + PARTICIPLE_GEN",
      "examples": [
        {
          "greek": "τοῦ ἀνδρὸς λέγοντος",
          "english": "while the man was speaking",
          "literal": "the man speaking"
        }
      ]
    },
    "accusative_of_respect": {
      "description": "Accusative specifying in what respect",
      "examples": [
        {
          "greek": "καλὸς τὸ εἶδος",
          "english": "beautiful in form",
          "literal": "beautiful the form"
        }
      ]
    },
    "dative_of_means": {
      "description": "Dative expressing means or instrument",
      "examples": [
        {
          "greek": "λόγῳ πείθω",
          "english": "I persuade by speech",
          "literal": "by speech I persuade"
        }
      ]
    }
  },
  "particle_usage": {
    "postpositive_particles": {
      "description": "Particles that cannot begin a sentence",
      "particles": {
        "δέ": {
          "meaning": "but, and",
          "position": "second position",
          "examples": ["ὁ δὲ ἀνὴρ λέγει"]
        },
        "γάρ": {
          "meaning": "for, because",
          "position": "second position",
          "examples": ["σοφὸς γάρ ἐστι"]
        },
        "οὖν": {
          "meaning": "therefore",
          "position": "second position",
          "examples": ["λέγω οὖν ταῦτα"]
        }
      }
    }
  }
}
