{
  "ideogram_categories": {
    "personnel": {
      "description": "Human figures and occupational roles",
      "signs": {
        "*18": {
          "glyph_id": "LB80",
          "unicode": "U+1004F",
          "meaning": "man/male person",
          "semantic_field": "gender",
          "usage_context": "personnel records, census data",
          "attestations": {
            "pylos": "frequent",
            "knossos": "frequent"
          }
        },
        "*19": {
          "glyph_id": "LB81", 
          "unicode": "U+10050",
          "meaning": "woman/female person",
          "semantic_field": "gender",
          "usage_context": "personnel records, worker lists",
          "attestations": {
            "pylos": "frequent",
            "knossos": "frequent"
          }
        }
      }
    },
    "livestock": {
      "description": "Domestic animals and their products",
      "signs": {
        "*100": {
          "glyph_id": "LB82",
          "unicode": "U+10051", 
          "meaning": "ox/cattle (general)",
          "semantic_field": "bovines",
          "usage_context": "livestock inventories",
          "attestations": {
            "pylos": "frequent",
            "knossos": "frequent"
          }
        },
        "*101": {
          "glyph_id": "LB83",
          "unicode": "U+10052",
          "meaning": "bull/male cattle", 
          "semantic_field": "bovines",
          "usage_context": "animal sacrifice records",
          "attestations": {
            "pylos": "common",
            "knossos": "common"
          }
        },
        "*102": {
          "glyph_id": "LB84",
          "unicode": "U+10053",
          "meaning": "cow/female cattle",
          "semantic_field": "bovines", 
          "usage_context": "breeding stock records",
          "attestations": {
            "pylos": "common",
            "knossos": "common"
          }
        },
        "*103": {
          "glyph_id": "LB85",
          "unicode": "U+10054",
          "meaning": "sheep (general)",
          "semantic_field": "ovines",
          "usage_context": "wool production, sacrifice",
          "attestations": {
            "pylos": "frequent",
            "knossos": "frequent"
          }
        },
        "*104": {
          "glyph_id": "LB86",
          "unicode": "U+10055", 
          "meaning": "ram/male sheep",
          "semantic_field": "ovines",
          "usage_context": "breeding records",
          "attestations": {
            "pylos": "common",
            "knossos": "common"
          }
        },
        "*105": {
          "glyph_id": "LB87",
          "unicode": "U+10056",
          "meaning": "ewe/female sheep",
          "semantic_field": "ovines",
          "usage_context": "flock management",
          "attestations": {
            "pylos": "frequent", 
            "knossos": "frequent"
          }
        },
        "*106": {
          "glyph_id": "LB88",
          "unicode": "U+10057",
          "meaning": "goat (general)",
          "semantic_field": "caprines",
          "usage_context": "livestock inventories",
          "attestations": {
            "pylos": "common",
            "knossos": "common"
          }
        },
        "*107": {
          "glyph_id": "LB89",
          "unicode": "U+10058",
          "meaning": "he-goat/male goat",
          "semantic_field": "caprines",
          "usage_context": "breeding records",
          "attestations": {
            "pylos": "common",
            "knossos": "common"
          }
        },
        "*108": {
          "glyph_id": "LB90",
          "unicode": "U+10059",
          "meaning": "she-goat/female goat",
          "semantic_field": "caprines", 
          "usage_context": "milk production records",
          "attestations": {
            "pylos": "common",
            "knossos": "common"
          }
        },
        "*109": {
          "glyph_id": "LB91",
          "unicode": "U+1005A",
          "meaning": "pig/swine (general)",
          "semantic_field": "suines",
          "usage_context": "meat production",
          "attestations": {
            "pylos": "common",
            "knossos": "common"
          }
        },
        "*110": {
          "glyph_id": "LB92",
          "unicode": "U+1005B", 
          "meaning": "boar/male pig",
          "semantic_field": "suines",
          "usage_context": "breeding records",
          "attestations": {
            "pylos": "rare",
            "knossos": "common"
          }
        },
        "*111": {
          "glyph_id": "LB93",
          "unicode": "U+1005C",
          "meaning": "sow/female pig", 
          "semantic_field": "suines",
          "usage_context": "breeding records",
          "attestations": {
            "pylos": "rare",
            "knossos": "common"
          }
        }
      }
    },
    "commodities": {
      "description": "Food products and agricultural goods",
      "signs": {
        "*120": {
          "glyph_id": "LB94",
          "unicode": "U+1005D",
          "meaning": "wheat/grain",
          "semantic_field": "cereals",
          "usage_context": "ration records, tax collection",
          "measurement_units": ["dry measures"],
          "attestations": {
            "pylos": "frequent",
            "knossos": "frequent"
          }
        },
        "*121": {
          "glyph_id": "LB95", 
          "unicode": "U+1005E",
          "meaning": "barley",
          "semantic_field": "cereals",
          "usage_context": "rations, brewing",
          "measurement_units": ["dry measures"],
          "attestations": {
            "pylos": "frequent",
            "knossos": "frequent"
          }
        },
        "*122": {
          "glyph_id": "LB96",
          "unicode": "U+1005F", 
          "meaning": "olive/olive oil",
          "semantic_field": "tree products",
          "usage_context": "oil production records",
          "measurement_units": ["liquid measures"],
          "attestations": {
            "pylos": "common",
            "knossos": "common"
          }
        },
        "*123": {
          "glyph_id": "LB97",
          "unicode": "U+10060",
          "meaning": "spice/condiment",
          "semantic_field": "seasonings", 
          "usage_context": "luxury goods, cooking",
          "measurement_units": ["small dry measures"],
          "attestations": {
            "pylos": "common",
            "knossos": "common"
          }
        },
        "*130": {
          "glyph_id": "LB98",
          "unicode": "U+10061",
          "meaning": "oil (olive oil)",
          "semantic_field": "liquids",
          "usage_context": "religious offerings, rations",
          "measurement_units": ["liquid measures"],
          "attestations": {
            "pylos": "frequent",
            "knossos": "frequent"
          }
        },
        "*131": {
          "glyph_id": "LB99",
          "unicode": "U+10062",
          "meaning": "wine",
          "semantic_field": "alcoholic beverages",
          "usage_context": "religious ceremonies, feasts",
          "measurement_units": ["liquid measures"],
          "attestations": {
            "pylos": "frequent",
            "knossos": "frequent"
          }
        },
        "*180": {
          "glyph_id": "LB117",
          "unicode": "U+10074",
          "meaning": "fig",
          "semantic_field": "fruits",
          "usage_context": "dried fruit rations",
          "measurement_units": ["dry measures"],
          "attestations": {
            "pylos": "common",
            "knossos": "common"
          }
        },
        "*181": {
          "glyph_id": "LB118",
          "unicode": "U+10075", 
          "meaning": "cereal grain (general)",
          "semantic_field": "cereals",
          "usage_context": "mixed grain rations",
          "measurement_units": ["dry measures"],
          "attestations": {
            "pylos": "common",
            "knossos": "common"
          }
        },
        "*182": {
          "glyph_id": "LB119",
          "unicode": "U+10076",
          "meaning": "honey",
          "semantic_field": "sweeteners",
          "usage_context": "religious offerings",
          "measurement_units": ["liquid measures"],
          "attestations": {
            "pylos": "rare",
            "knossos": "common"
          }
        }
      }
    },
    "materials": {
      "description": "Raw materials and manufactured goods",
      "signs": {
        "*140": {
          "glyph_id": "LB100",
          "unicode": "U+10063",
          "meaning": "bronze/copper",
          "semantic_field": "metals", 
          "usage_context": "metalworking, tools, weapons",
          "measurement_units": ["weight measures"],
          "attestations": {
            "pylos": "frequent",
            "knossos": "frequent"
          }
        },
        "*141": {
          "glyph_id": "LB101",
          "unicode": "U+10064",
          "meaning": "gold",
          "semantic_field": "precious metals",
          "usage_context": "luxury items, jewelry",
          "measurement_units": ["weight measures"],
          "attestations": {
            "pylos": "common", 
            "knossos": "common"
          }
        },
        "*142": {
          "glyph_id": "LB102",
          "unicode": "U+10065",
          "meaning": "silver",
          "semantic_field": "precious metals",
          "usage_context": "vessels, jewelry",
          "measurement_units": ["weight measures"], 
          "attestations": {
            "pylos": "common",
            "knossos": "rare"
          }
        },
        "*150": {
          "glyph_id": "LB103",
          "unicode": "U+10066",
          "meaning": "horn/ivory",
          "semantic_field": "animal products",
          "usage_context": "decorative items, tools",
          "measurement_units": ["piece count"],
          "attestations": {
            "pylos": "rare",
            "knossos": "common"
          }
        },
        "*151": {
          "glyph_id": "LB104",
          "unicode": "U+10067",
          "meaning": "hide/leather",
          "semantic_field": "animal products", 
          "usage_context": "armor, containers",
          "measurement_units": ["piece count"],
          "attestations": {
            "pylos": "common",
            "knossos": "common"
          }
        },
        "*152": {
          "glyph_id": "LB105",
          "unicode": "U+10068",
          "meaning": "wool",
          "semantic_field": "textile materials",
          "usage_context": "textile production",
          "measurement_units": ["weight measures"],
          "attestations": {
            "pylos": "frequent",
            "knossos": "frequent"
          }
        },
        "*153": {
          "glyph_id": "LB106",
          "unicode": "U+10069",
          "meaning": "cloth/textile",
          "semantic_field": "textiles",
          "usage_context": "finished goods",
          "measurement_units": ["piece count"],
          "attestations": {
            "pylos": "frequent",
            "knossos": "frequent"
          }
        },
        "*154": {
          "glyph_id": "LB107",
          "unicode": "U+1006A", 
          "meaning": "garment/clothing",
          "semantic_field": "textiles",
          "usage_context": "finished clothing items",
          "measurement_units": ["piece count"],
          "attestations": {
            "pylos": "common",
            "knossos": "common"
          }
        },
        "*155": {
          "glyph_id": "LB108",
          "unicode": "U+1006B",
          "meaning": "armor/corselet", 
          "semantic_field": "military equipment",
          "usage_context": "warrior equipment",
          "measurement_units": ["piece count"],
          "attestations": {
            "pylos": "rare",
            "knossos": "common"
          }
        }
      }
    },
    "vessels": {
      "description": "Containers and pottery",
      "signs": {
        "*160": {
          "glyph_id": "LB109",
          "unicode": "U+1006C",
          "meaning": "vessel (general pottery)",
          "semantic_field": "containers",
          "usage_context": "storage, serving",
          "measurement_units": ["piece count"],
          "attestations": {
            "pylos": "frequent",
            "knossos": "frequent"
          }
        },
        "*161": {
          "glyph_id": "LB110", 
          "unicode": "U+1006D",
          "meaning": "tripod/tripod cauldron",
          "semantic_field": "ritual vessels",
          "usage_context": "cooking, religious ceremonies",
          "measurement_units": ["piece count"],
          "attestations": {
            "pylos": "common",
            "knossos": "common"
          }
        },
        "*162": {
          "glyph_id": "LB111",
          "unicode": "U+1006E",
          "meaning": "cup/drinking vessel",
          "semantic_field": "drinking vessels", 
          "usage_context": "feasting, ceremonies",
          "measurement_units": ["piece count"],
          "attestations": {
            "pylos": "common",
            "knossos": "common"
          }
        }
      }
    },
    "transport": {
      "description": "Vehicles and related equipment",
      "signs": {
        "*170": {
          "glyph_id": "LB112",
          "unicode": "U+1006F",
          "meaning": "chariot/wheeled vehicle",
          "semantic_field": "vehicles",
          "usage_context": "military equipment, transport",
          "measurement_units": ["piece count"],
          "attestations": {
            "pylos": "common",
            "knossos": "common"
          }
        },
        "*171": {
          "glyph_id": "LB113",
          "unicode": "U+10070",
          "meaning": "wheel",
          "semantic_field": "vehicle parts",
          "usage_context": "chariot maintenance",
          "measurement_units": ["piece count"],
          "attestations": {
            "pylos": "common", 
            "knossos": "common"
          }
        },
        "*172": {
          "glyph_id": "LB114",
          "unicode": "U+10071",
          "meaning": "horse (general)",
          "semantic_field": "draft animals",
          "usage_context": "chariot teams, cavalry",
          "measurement_units": ["piece count"],
          "attestations": {
            "pylos": "common",
            "knossos": "common"
          }
        },
        "*173": {
          "glyph_id": "LB115",
          "unicode": "U+10072",
          "meaning": "mare/female horse", 
          "semantic_field": "draft animals",
          "usage_context": "breeding records",
          "measurement_units": ["piece count"],
          "attestations": {
            "pylos": "rare",
            "knossos": "common"
          }
        },
        "*174": {
          "glyph_id": "LB116",
          "unicode": "U+10073",
          "meaning": "stallion/male horse",
          "semantic_field": "draft animals",
          "usage_context": "breeding records", 
          "measurement_units": ["piece count"],
          "attestations": {
            "pylos": "rare",
            "knossos": "rare"
          }
        }
      }
    },
    "administrative": {
      "description": "Administrative and accounting symbols",
      "signs": {
        "*190": {
          "glyph_id": "LB120",
          "unicode": "U+10077",
          "meaning": "missing/deficit",
          "semantic_field": "accounting",
          "usage_context": "inventory shortfalls",
          "measurement_units": ["various"],
          "attestations": {
            "pylos": "common",
            "knossos": "common"
          }
        }
      }
    }
  },
  "measurement_systems": {
    "dry_measures": {
      "description": "Used for grains, fruits, and other dry goods",
      "units": ["unit", "tenth", "kor"]
    },
    "liquid_measures": {
      "description": "Used for oil, wine, and other liquids", 
      "units": ["unit", "log", "kor"]
    },
    "weight_measures": {
      "description": "Used for metals and valuable materials",
      "units": ["unit", "mina", "talent"]
    },
    "piece_count": {
      "description": "Simple counting of discrete objects",
      "units": ["unit", "ten", "hundred", "thousand"]
    }
  },
  "contextual_usage": {
    "religious_contexts": ["offerings", "temple inventories", "ritual equipment"],
    "administrative_contexts": ["tax records", "personnel lists", "land tenure"],
    "economic_contexts": ["trade goods", "rations", "craft production"],
    "military_contexts": ["weapons", "armor", "chariots", "personnel"]
  }
}
