{
  "idiomatic_expressions": {
    "common_phrases": [
      {
        "id": "greeting_001",
        "greek": "χαῖρε",
        "literal_translation": "rejoice",
        "idiomatic_translation": "hello/farewell",
        "usage_context": "greeting",
        "frequency": "very_high",
        "examples": [
          {
            "source": "Plato",
            "work": "Phaedrus",
            "greek_context": "χαῖρε, ὦ Φαῖδρε",
            "english_context": "Hello, Phaedrus"
          }
        ],
        "grammatical_notes": "imperative of χαίρω, used as greeting"
      },
      {
        "id": "greeting_002",
        "greek": "χαίρειν λέγω",
        "literal_translation": "I say to rejoice",
        "idiomatic_translation": "I greet/bid farewell",
        "usage_context": "formal greeting",
        "frequency": "high",
        "examples": [
          {
            "source": "Xenophon",
            "work": "Anabasis",
            "greek_context": "χαίρειν λέγω τοῖς φίλοις",
            "english_context": "I greet my friends"
          }
        ],
        "grammatical_notes": "formal epistolary greeting"
      },
      {
        "id": "oath_001",
        "greek": "νὴ Δία",
        "literal_translation": "by Zeus",
        "idiomatic_translation": "yes indeed/certainly",
        "usage_context": "affirmation",
        "frequency": "very_high",
        "examples": [
          {
            "source": "Aristophanes",
            "work": "Clouds",
            "greek_context": "νὴ Δία, ἀληθῆ λέγεις",
            "english_context": "By Zeus, you speak the truth"
          }
        ],
        "grammatical_notes": "oath formula with accusative"
      },
      {
        "id": "oath_002",
        "greek": "μὰ Δία",
        "literal_translation": "by Zeus (negative)",
        "idiomatic_translation": "no indeed/certainly not",
        "usage_context": "negative affirmation",
        "frequency": "high",
        "examples": [
          {
            "source": "Plato",
            "work": "Republic",
            "greek_context": "μὰ Δία, οὐκ ἔοικεν",
            "english_context": "No by Zeus, it doesn't seem so"
          }
        ],
        "grammatical_notes": "negative oath formula"
      },
      {
        "id": "temporal_001",
        "greek": "ἅμα τῇ ἕῳ",
        "literal_translation": "together with the dawn",
        "idiomatic_translation": "at daybreak",
        "usage_context": "temporal expression",
        "frequency": "medium",
        "examples": [
          {
            "source": "Herodotus",
            "work": "Histories",
            "greek_context": "ἅμα τῇ ἕῳ ἐπορεύοντο",
            "english_context": "They marched at daybreak"
          }
        ],
        "grammatical_notes": "temporal dative with ἅμα"
      },
      {
        "id": "spatial_001",
        "greek": "κατὰ γῆν καὶ κατὰ θάλατταν",
        "literal_translation": "by land and by sea",
        "idiomatic_translation": "everywhere/comprehensively",
        "usage_context": "spatial totality",
        "frequency": "medium",
        "examples": [
          {
            "source": "Thucydides",
            "work": "History",
            "greek_context": "ἐπολέμουν κατὰ γῆν καὶ κατὰ θάλατταν",
            "english_context": "They waged war by land and sea"
          }
        ],
        "grammatical_notes": "distributive use of κατά with accusative"
      },
      {
        "id": "philosophical_001",
        "greek": "γνῶθι σεαυτόν",
        "literal_translation": "know yourself",
        "idiomatic_translation": "know thyself",
        "usage_context": "philosophical maxim",
        "frequency": "high",
        "examples": [
          {
            "source": "Delphic Oracle",
            "work": "Temple inscription",
            "greek_context": "γνῶθι σεαυτόν",
            "english_context": "Know thyself"
          }
        ],
        "grammatical_notes": "aorist imperative with reflexive pronoun"
      },
      {
        "id": "philosophical_002",
        "greek": "μηδὲν ἄγαν",
        "literal_translation": "nothing too much",
        "idiomatic_translation": "moderation in all things",
        "usage_context": "philosophical maxim",
        "frequency": "medium",
        "examples": [
          {
            "source": "Delphic Oracle",
            "work": "Temple inscription",
            "greek_context": "μηδὲν ἄγαν",
            "english_context": "Nothing in excess"
          }
        ],
        "grammatical_notes": "negative with accusative of respect"
      }
    ],
    "syntactic_idioms": [
      {
        "id": "synth_001",
        "pattern": "τί δέ;",
        "literal_translation": "what but?",
        "idiomatic_translation": "what then?/and what about?",
        "usage_context": "transition in dialogue",
        "frequency": "very_high",
        "examples": [
          {
            "source": "Plato",
            "work": "Phaedo",
            "greek_context": "τί δέ; οὐ καλόν ἐστι;",
            "english_context": "And what then? Is it not beautiful?"
          }
        ],
        "grammatical_notes": "interrogative with postpositive δέ"
      },
      {
        "id": "synth_002",
        "pattern": "τί μήν;",
        "literal_translation": "what indeed?",
        "idiomatic_translation": "of course/certainly",
        "usage_context": "emphatic agreement",
        "frequency": "high",
        "examples": [
          {
            "source": "Sophocles",
            "work": "Oedipus Rex",
            "greek_context": "— βούλει τοῦτο; — τί μήν;",
            "english_context": "Do you want this? — Of course!"
          }
        ],
        "grammatical_notes": "rhetorical question with μήν particle"
      },
      {
        "id": "synth_003",
        "pattern": "οὐ μόνον... ἀλλὰ καί",
        "literal_translation": "not only... but also",
        "idiomatic_translation": "not only... but also",
        "usage_context": "emphasis and addition",
        "frequency": "high",
        "examples": [
          {
            "source": "Isocrates",
            "work": "Panegyricus",
            "greek_context": "οὐ μόνον σοφός ἐστιν ἀλλὰ καὶ δίκαιος",
            "english_context": "He is not only wise but also just"
          }
        ],
        "grammatical_notes": "correlative construction"
      },
      {
        "id": "synth_004",
        "pattern": "εἰ δὲ μή",
        "literal_translation": "if but not",
        "idiomatic_translation": "otherwise/if not",
        "usage_context": "conditional alternative",
        "frequency": "very_high",
        "examples": [
          {
            "source": "Demosthenes",
            "work": "Olynthiacs",
            "greek_context": "βοηθεῖτε· εἰ δὲ μή, ἀπολούμεθα",
            "english_context": "Help us; otherwise, we perish"
          }
        ],
        "grammatical_notes": "elliptical conditional with δέ"
      }
    ],
    "proverbial_expressions": [
      {
        "id": "prov_001",
        "greek": "γλαῦκ᾽ Ἀθήναζε",
        "literal_translation": "owls to Athens",
        "idiomatic_translation": "coals to Newcastle",
        "usage_context": "futile action",
        "frequency": "medium",
        "examples": [
          {
            "source": "Aristophanes",
            "work": "Birds",
            "greek_context": "γλαῦκας Ἀθήναζε κομίζειν",
            "english_context": "to carry owls to Athens"
          }
        ],
        "grammatical_notes": "accusative of direction with -δε"
      },
      {
        "id": "prov_002",
        "greek": "χαλεπὰ τὰ καλά",
        "literal_translation": "difficult the beautiful things",
        "idiomatic_translation": "beautiful things are difficult",
        "usage_context": "achievement requires effort",
        "frequency": "medium",
        "examples": [
          {
            "source": "Plato",
            "work": "Republic",
            "greek_context": "χαλεπὰ γάρ, ὡς φασι, τὰ καλά",
            "english_context": "For difficult, as they say, are beautiful things"
          }
        ],
        "grammatical_notes": "predicate adjective with articular subject"
      },
      {
        "id": "prov_003",
        "greek": "ἓν οἶδα ὅτι οὐδὲν οἶδα",
        "literal_translation": "one thing I know that nothing I know",
        "idiomatic_translation": "I know that I know nothing",
        "usage_context": "philosophical humility",
        "frequency": "high",
        "examples": [
          {
            "source": "Plato",
            "work": "Apology",
            "greek_context": "ἓν οἶδα ὅτι οὐδὲν οἶδα",
            "english_context": "I know one thing: that I know nothing"
          }
        ],
        "grammatical_notes": "ὅτι clause with accusative and infinitive sense"
      }
    ],
    "religious_formulae": [
      {
        "id": "relig_001",
        "greek": "θεοῖς φίλον",
        "literal_translation": "dear to the gods",
        "idiomatic_translation": "god willing/if the gods wish",
        "usage_context": "pious qualification",
        "frequency": "medium",
        "examples": [
          {
            "source": "Homer",
            "work": "Odyssey",
            "greek_context": "θεοῖς φίλον, εἰς οἶκον ἐλεύσομαι",
            "english_context": "God willing, I shall come home"
          }
        ],
        "grammatical_notes": "neuter adjective as adverbial expression"
      },
      {
        "id": "relig_002",
        "greek": "σὺν θεῷ",
        "literal_translation": "with god",
        "idiomatic_translation": "with god's help/god willing",
        "usage_context": "pious undertaking",
        "frequency": "medium",
        "examples": [
          {
            "source": "Xenophon",
            "work": "Cyropaedia",
            "greek_context": "σὺν θεῷ πορευσόμεθα",
            "english_context": "We shall march with god's help"
          }
        ],
        "grammatical_notes": "instrumental dative with σύν"
      }
    ],
    "curse_formulae": [
      {
        "id": "curse_001",
        "greek": "ἐς κόρακας",
        "literal_translation": "to the ravens",
        "idiomatic_translation": "go to hell/be damned",
        "usage_context": "curse/dismissal",
        "frequency": "medium",
        "examples": [
          {
            "source": "Aristophanes",
            "work": "Peace",
            "greek_context": "ἐς κόρακας βάδιζε",
            "english_context": "Go to the ravens!"
          }
        ],
        "grammatical_notes": "εἰς with accusative, euphemistic curse"
      },
      {
        "id": "curse_002",
        "greek": "κακῶς ἀπόλοιο",
        "literal_translation": "may you perish badly",
        "idiomatic_translation": "curse you/may you die wretchedly",
        "usage_context": "strong curse",
        "frequency": "low",
        "examples": [
          {
            "source": "Aristophanes",
            "work": "Knights",
            "greek_context": "κακῶς ἀπόλοιο, μιαρέ",
            "english_context": "Curse you, wretch!"
          }
        ],
        "grammatical_notes": "optative of wish with adverb"
      }
    ],
    "military_expressions": [
      {
        "id": "milit_001",
        "greek": "ἢ τὰν ἢ ἐπὶ τᾶς",
        "literal_translation": "either it or on it",
        "idiomatic_translation": "with your shield or on it",
        "usage_context": "Spartan military motto",
        "frequency": "low",
        "examples": [
          {
            "source": "Plutarch",
            "work": "Moralia",
            "greek_context": "ἢ τὰν ἢ ἐπὶ τᾶς",
            "english_context": "Either with your shield or on it"
          }
        ],
        "grammatical_notes": "Doric dialect, elliptical construction"
      },
      {
        "id": "milit_002",
        "greek": "ἀνὰ κράτος",
        "literal_translation": "according to strength",
        "idiomatic_translation": "with all one's might/at full speed",
        "usage_context": "intensive action",
        "frequency": "medium",
        "examples": [
          {
            "source": "Homer",
            "work": "Iliad",
            "greek_context": "ἀνὰ κράτος φεύγουσιν",
            "english_context": "They flee at full speed"
          }
        ],
        "grammatical_notes": "distributive ἀνά with accusative"
      }
    ]
  },
  "collocation_patterns": {
    "verb_noun_collocations": [
      {
        "pattern": "λόγον λέγειν",
        "meaning": "to give a speech",
        "frequency": "very_high",
        "examples": [
          "λόγον λέγει περὶ δικαιοσύνης",
          "λόγους λέγουσι τοῖς πολίταις"
        ]
      },
      {
        "pattern": "μάχην μάχεσθαι",
        "meaning": "to fight a battle",
        "frequency": "high",
        "examples": [
          "μάχην μάχονται πρὸς τοὺς πολεμίους",
          "μεγάλην μάχην ἐμαχέσαντο"
        ]
      },
      {
        "pattern": "βίον βιοῦν",
        "meaning": "to live a life",
        "frequency": "high",
        "examples": [
          "καλὸν βίον βιοῖ",
          "δίκαιον βίον ἐβίωσε"
        ]
      }
    ],
    "adjective_noun_collocations": [
      {
        "pattern": "καλὸς κἀγαθός",
        "meaning": "noble and good (gentleman)",
        "frequency": "high",
        "examples": [
          "ἀνὴρ καλὸς κἀγαθός",
          "οἱ καλοὶ κἀγαθοί"
        ]
      },
      {
        "pattern": "μέγας βασιλεύς",
        "meaning": "the Great King (of Persia)",
        "frequency": "medium",
        "examples": [
          "παρὰ μέγαν βασιλέα",
          "τοῦ μεγάλου βασιλέως"
        ]
      }
    ],
    "prepositional_phrases": [
      {
        "pattern": "ἐν νῷ ἔχειν",
        "meaning": "to have in mind/intend",
        "frequency": "high",
        "examples": [
          "ἐν νῷ ἔχω τοῦτο ποιεῖν",
          "τί ἐν νῷ ἔχεις;"
        ]
      },
      {
        "pattern": "εἰς ἅπαν ἐλθεῖν",
        "meaning": "to come to everything/be in great danger",
        "frequency": "medium",
        "examples": [
          "εἰς ἅπαν ἦλθον κινδύνου",
          "εἰς πᾶν ἀφῖκται κακόν"
        ]
      }
    ]
  },
  "semantic_fields": {
    "philosophical_terminology": [
      "ἀρετή", "σοφία", "δικαιοσύνη", "ἀλήθεια", "καλόν", "ἀγαθόν",
      "εὐδαιμονία", "φρόνησις", "ἐπιστήμη", "δόξα", "εἶδος", "οὐσία"
    ],
    "political_terminology": [
      "πόλις", "πολίτης", "δημοκρατία", "ἀριστοκρατία", "τυραννίς",
      "ἐκκλησία", "βουλή", "ἄρχων", "στρατηγός", "νόμος"
    ],
    "military_terminology": [
      "στρατός", "στρατιώτης", "ὅπλον", "ἀσπίς", "δόρυ", "μάχη",
      "πόλεμος", "νίκη", "ἥττα", "φάλαγξ", "τάξις"
    ],
    "religious_terminology": [
      "θεός", "θεά", "ἱερόν", "ἱερεύς", "θυσία", "εὐχή", "ὅρκος",
      "μαντεία", "ἱερά", "ἁγνός", "καθαρός", "μίασμα"
    ]
  },
  "discourse_markers": {
    "transition_words": [
      {
        "word": "δέ",
        "function": "continuation, contrast",
        "position": "postpositive",
        "examples": ["ὁ δὲ ἀνὴρ λέγει", "ταῦτα δὲ εἶπε"]
      },
      {
        "word": "γάρ",
        "function": "explanation, causation",
        "position": "postpositive",
        "examples": ["σοφὸς γάρ ἐστι", "τοῦτο γὰρ καλόν"]
      },
      {
        "word": "οὖν",
        "function": "conclusion, inference",
        "position": "postpositive",
        "examples": ["λέγω οὖν ταῦτα", "τί οὖν χρή;"]
      },
      {
        "word": "μέντοι",
        "function": "emphasis, concession",
        "position": "postpositive",
        "examples": ["καλὸν μέντοι", "οὐ μέντοι πάντες"]
      }
    ],
    "emphatic_particles": [
      {
        "word": "γε",
        "function": "emphasis, limitation",
        "examples": ["οὗτός γε", "νῦν γε"]
      },
      {
        "word": "δή",
        "function": "emphasis, obviousness",
        "examples": ["τοῦτο δή", "νῦν δή"]
      },
      {
        "word": "που",
        "function": "indefiniteness, approximation",
        "examples": ["εἴκοσι που", "ὅπου"]
      }
    ]
  }
}
