{
  "$schema": "http://json-schema.org/draft-07/schema#",
  "title": "Khuzdul Lexicon Entry",
  "description": "Schema for canonical Khuzdul lexicon entries based on Tolkien sources",
  "type": "object",
  "required": ["token", "gloss", "pos", "source", "quality"],
  "properties": {
    "token": {
      "type": "string",
      "description": "The Khuzdul word or phrase as attested in source",
      "pattern": "^[a-zA-Zâêîôûäëïöüáéíóú\\-']+$"
    },
    "gloss": {
      "type": "string",
      "description": "English translation or meaning"
    },
    "pos": {
      "type": "string",
      "enum": ["noun", "verb", "adjective", "pronoun", "preposition", "interjection", "phrase", "unknown"],
      "description": "Part of speech classification"
    },    "root": {
      "type": "string",
      "description": "Consonantal root (mono-, bi-, tri-, or quad-literal), e.g. 'L', 'B-R-K', 'K-H-L-D'",
      "pattern": "^[A-Z](-[A-Z]){0,3}$"
    },
    "plural": {
      "type": "string",
      "description": "Plural form if attested, may be identical to singular"
    },
    "construct": {
      "type": "string",
      "description": "Construct state form for possessive/genitive usage"
    },
    "source": {
      "type": "string",
      "description": "Canonical source citation (e.g. 'LOTR-AppF', 'PE-17', 'VT-42')"
    },
    "source_page": {
      "type": "string",
      "description": "Specific page or section reference within source"
    },
    "quality": {
      "type": "string",
      "enum": ["primary", "secondary", "reconstructed"],
      "description": "Source quality: primary (direct Tolkien), secondary (edited notes), reconstructed (linguistic inference)"
    },
    "notes": {
      "type": "string",
      "description": "Additional linguistic or contextual information"
    },
    "context": {
      "type": "string",
      "description": "Original context where the word appears (e.g. battle-cry, place-name)"
    },
    "phonetic": {
      "type": "string",
      "description": "IPA transcription if available"
    },
    "morphology": {
      "type": "object",
      "description": "Morphological analysis",
      "properties": {
        "template": {
          "type": "string",
          "description": "Vowel pattern template (e.g. 'CaCuC')"
        },
        "inflections": {
          "type": "array",
          "items": {
            "type": "object",
            "properties": {
              "form": {"type": "string"},
              "function": {"type": "string"},
              "attested": {"type": "boolean"}
            }
          }
        }
      }
    },
    "attestations": {
      "type": "array",
      "description": "All known attestations of this token",
      "items": {
        "type": "object",
        "required": ["source", "form"],
        "properties": {
          "source": {"type": "string"},
          "form": {"type": "string"},
          "context": {"type": "string"},
          "confidence": {
            "type": "string",
            "enum": ["certain", "probable", "uncertain"]
          }
        }
      }
    },
    "related": {
      "type": "array",
      "description": "Related words sharing same root",
      "items": {"type": "string"}
    },
    "last_updated": {
      "type": "string",
      "format": "date",
      "description": "ISO date of last modification"
    }
  }
}
