{
  "metadata": {
    "version": "1.0.0",
    "created": "2025-07-12",
    "author": "Lackadaisical Security 2025 – https://lackadaisical-security.com",
    "source": "Zoëga - A Concise Dictionary of Old Norse",
    "license": "CC-BY-NC-SA 4.0",
    "description": "Old Norse lexicon with morphological information"
  },
  "lexicon": {
    "maðr": {
      "lemma": "maðr",
      "pos": "noun",
      "gender": "masculine",
      "declension": "strong",
      "definition": "man, person",
      "certainty": "attested",
      "inflections": {
        "singular": {
          "nominative": "maðr",
          "accusative": "mann",
          "dative": "manni",
          "genitive": "manns"
        },
        "plural": {
          "nominative": "menn",
          "accusative": "menn",
          "dative": "mönnum",
          "genitive": "manna"
        }
      }
    },
    "kona": {
      "lemma": "kona",
      "pos": "noun",
      "gender": "feminine",
      "declension": "weak",
      "definition": "woman, wife",
      "certainty": "attested",
      "inflections": {
        "singular": {
          "nominative": "kona",
          "accusative": "konu",
          "dative": "konu",
          "genitive": "konu"
        },
        "plural": {
          "nominative": "konur",
          "accusative": "konur",
          "dative": "konum",
          "genitive": "kvenna"
        }
      }
    },
    "vera": {
      "lemma": "vera",
      "pos": "verb",
      "class": "strong",
      "definition": "to be",
      "certainty": "attested",
      "inflections": {
        "present": {
          "1sg": "em",
          "2sg": "ert",
          "3sg": "er",
          "1pl": "erum",
          "2pl": "eruð",
          "3pl": "eru"
        },
        "past": {
          "1sg": "var",
          "2sg": "vart",
          "3sg": "var",
          "1pl": "várum",
          "2pl": "váruð",
          "3pl": "váru"
        }
      }
    },
    "góðr": {
      "lemma": "góðr",
      "pos": "adjective",
      "definition": "good",
      "certainty": "attested",
      "inflections": {
        "strong": {
          "masculine": {
            "singular": {
              "nominative": "góðr",
              "accusative": "góðan",
              "dative": "góðum",
              "genitive": "góðs"
            },
            "plural": {
              "nominative": "góðir",
              "accusative": "góða",
              "dative": "góðum",
              "genitive": "góðra"
            }
          },
          "feminine": {
            "singular": {
              "nominative": "góð",
              "accusative": "góða",
              "dative": "góðri",
              "genitive": "góðrar"
            },
            "plural": {
              "nominative": "góðar",
              "accusative": "góðar",
              "dative": "góðum",
              "genitive": "góðra"
            }
          },
          "neuter": {
            "singular": {
              "nominative": "gott",
              "accusative": "gott",
              "dative": "góðu",
              "genitive": "góðs"
            },
            "plural": {
              "nominative": "góð",
              "accusative": "góð",
              "dative": "góðum",
              "genitive": "góðra"
            }
          }
        }
      }
    },
    "hinn": {
      "lemma": "hinn",
      "pos": "determiner",
      "definition": "the (definite article)",
      "certainty": "attested"
    },
    "einn": {
      "lemma": "einn",
      "pos": "numeral",
      "definition": "one, a",
      "certainty": "attested"
    },
    "ok": {
      "lemma": "ok",
      "pos": "conjunction",
      "definition": "and",
      "certainty": "attested"
    },
    "en": {
      "lemma": "en",
      "pos": "conjunction",
      "definition": "but",
      "certainty": "attested"
    },
    "ek": {
      "lemma": "ek",
      "pos": "pronoun",
      "definition": "I",
      "certainty": "attested"
    },
    "þú": {
      "lemma": "þú",
      "pos": "pronoun",
      "definition": "you (singular)",
      "certainty": "attested"
    }
  },
  "english_mappings": {
    "man": ["maðr"],
    "person": ["maðr"],
    "woman": ["kona"],
    "wife": ["kona"],
    "be": ["vera"],
    "is": ["vera"],
    "are": ["vera"],
    "was": ["vera"],
    "were": ["vera"],
    "good": ["góðr"],
    "well": ["góðr"],
    "the": ["hinn"],
    "a": ["einn"],
    "an": ["einn"],
    "and": ["ok"],
    "but": ["en"],
    "or": ["eða"],
    "not": ["eigi"],
    "no": ["nei"],
    "yes": ["já"],
    "I": ["ek"],
    "you": ["þú"],
    "he": ["hann"],
    "she": ["hon"],
    "it": ["þat"],
    "we": ["vér"],
    "they": ["þeir"],
    "this": ["þessi"],
    "that": ["sá"],
    "all": ["allr"],
    "some": ["sumr"],
    "many": ["margr"],
    "few": ["fár"],
    "one": ["einn"],
    "two": ["tveir"],
    "three": ["þrír"],
    "here": ["hér"],
    "there": ["þar"],
    "where": ["hvar"],
    "when": ["þá"],
    "how": ["hvernig"],
    "what": ["hvat"],
    "who": ["hvé"],
    "why": ["hví"]
  }
}
