glyph_id,unicode,translit,value_type,english_gloss,example_usage,notes,pylos_attestations,knossos_attestations
LB01,U+10000,a,syllable,—,a-mi-ni-so (Amnissos),vowel /a/,frequent,frequent
LB02,U+10001,e,syllable,—,e-ke-ra-wo (Ekhelawonn),vowel /e/,common,common
LB03,U+10002,i,syllable,—,i-je-re-ja (hiereia),vowel /i/,common,common
LB04,U+10003,o,syllable,—,o-da-ke-we-ta,vowel /o/,frequent,frequent
LB05,U+10004,u,syllable,—,u-po-jo (hupoios),vowel /u/,common,common
LB06,U+10005,da,syllable,—,da-mo (damos),consonant+vowel /da/,frequent,common
LB07,U+10006,de,syllable,—,de-me-te (Demeter),consonant+vowel /de/,rare,common
LB08,U+10007,di,syllable,—,di-wi-ja (Diwia),consonant+vowel /di/,common,common
LB09,U+10008,do,syllable,—,do-so-mo (dosmos),consonant+vowel /do/,common,common
LB10,U+10009,du,syllable,—,du-ma (duma),consonant+vowel /du/,rare,common
LB11,U+1000A,ja,syllable,—,ja-pe-me-na,consonant+vowel /ja/,common,common
LB13,U+1000C,jo,syllable,—,jo-i-je-si,consonant+vowel /jo/,rare,common
LB14,U+1000D,ju,syllable,—,ju-ka-ta,consonant+vowel /ju/,rare,rare
LB15,U+1000E,ka,syllable,—,ka-ra-do-ro (khalandros),consonant+vowel /ka/,frequent,frequent
LB16,U+1000F,ke,syllable,—,ke-ra-me-u (kerameus),consonant+vowel /ke/,frequent,frequent
LB17,U+10010,ki,syllable,—,ki-ri-ta (Kylita),consonant+vowel /ki/,common,common
LB18,U+10011,ko,syllable,—,ko-no-so (Knossos),consonant+vowel /ko/,frequent,frequent
LB19,U+10012,ku,syllable,—,ku-ru-so (khrusos),consonant+vowel /ku/,common,common
LB20,U+10013,ma,syllable,—,ma-te-re (mater),consonant+vowel /ma/,frequent,frequent
LB21,U+10014,me,syllable,—,me-no (menos),consonant+vowel /me/,frequent,frequent
LB22,U+10015,mi,syllable,—,mi-ka-ta,consonant+vowel /mi/,common,common
LB23,U+10016,mo,syllable,—,mo-ro-qa (moloikwa),consonant+vowel /mo/,common,common
LB24,U+10017,mu,syllable,—,mu-ka-na,consonant+vowel /mu/,rare,common
LB25,U+10018,na,syllable,—,na-wi-jo (nawios),consonant+vowel /na/,frequent,frequent
LB26,U+10019,ne,syllable,—,ne-wo (newos),consonant+vowel /ne/,common,frequent
LB27,U+1001A,ni,syllable,—,ni-ka-te-ro,consonant+vowel /ni/,frequent,common
LB28,U+1001B,no,syllable,—,no-pe-re-a,consonant+vowel /no/,common,frequent
LB29,U+1001C,nu,syllable,—,nu-wa-ja,consonant+vowel /nu/,rare,common
LB30,U+1001D,pa,syllable,—,pa-i-to (Phaistos),consonant+vowel /pa/,frequent,frequent
LB31,U+1001E,pe,syllable,—,pe-ma (pema),consonant+vowel /pe/,frequent,common
LB32,U+1001F,pi,syllable,—,pi-*82 (pikhros),consonant+vowel /pi/,common,common
LB33,U+10020,po,syllable,—,po-ti-ni-ja (Potnia),consonant+vowel /po/,frequent,frequent
LB34,U+10021,pu,syllable,—,pu-ro (Pylos),consonant+vowel /pu/,frequent,common
LB37,U+10024,qa,syllable,—,qa-si-re-u (gwasileus),consonant+vowel /qwa/,common,common
LB38,U+10025,qe,syllable,—,qe-te-o (gweteos),consonant+vowel /qwe/,common,common
LB39,U+10026,qi,syllable,—,qi-si-pe-e (gwisiphee),consonant+vowel /qwi/,rare,common
LB40,U+10027,qo,syllable,—,qo-u-ko-ro,consonant+vowel /qwo/,common,rare
LB41,U+10028,ra,syllable,—,ra-ke-da-mo,consonant+vowel /ra/,frequent,frequent
LB42,U+10029,re,syllable,—,re-u-ko-to-ro (leukotoros),consonant+vowel /re/,frequent,frequent
LB43,U+1002A,ri,syllable,—,ri-me-ne (limenes),consonant+vowel /ri/,common,common
LB44,U+1002B,ro,syllable,—,ro-u-so (lousois),consonant+vowel /ro/,frequent,frequent
LB45,U+1002C,ru,syllable,—,ru-ki-to (Lyktos),consonant+vowel /ru/,common,common
LB46,U+1002D,sa,syllable,—,sa-ra-pe-da,consonant+vowel /sa/,common,common
LB47,U+1002E,se,syllable,—,se-to-i-ja,consonant+vowel /se/,common,common
LB48,U+1002F,si,syllable,—,si-to (sitos),consonant+vowel /si/,common,common
LB49,U+10030,so,syllable,—,so-we-no,consonant+vowel /so/,common,common
LB50,U+10031,su,syllable,—,su-ki-ri-ta,consonant+vowel /su/,rare,common
LB51,U+10032,ta,syllable,—,ta-ra-si-ja (Thalassia),consonant+vowel /ta/,frequent,frequent
LB52,U+10033,te,syllable,—,te-me-no (temenos),consonant+vowel /te/,frequent,frequent
LB53,U+10034,ti,syllable,—,ti-mi-to (Timintos),consonant+vowel /ti/,common,common
LB54,U+10035,to,syllable,—,to-so (tosos),consonant+vowel /to/,frequent,frequent
LB55,U+10036,tu,syllable,—,tu-ka-te,consonant+vowel /tu/,rare,common
LB56,U+10037,wa,syllable,—,wa-na-ka (wanaks),consonant+vowel /wa/,frequent,frequent
LB57,U+10038,we,syllable,—,we-ka-ta,consonant+vowel /we/,common,common
LB58,U+10039,wi,syllable,—,wi-ri-ni-jo,consonant+vowel /wi/,common,common
LB59,U+1003A,wo,syllabel,—,wo-i-ko-de (woikonde),consonant+vowel /wo/,common,common
LB60,U+1003B,za,syllable,—,za-ku-si-jo,consonant+vowel /za/,rare,common
LB61,U+1003C,ze,syllable,—,ze-u-ke-si,consonant+vowel /ze/,rare,rare
LB62,U+1003D,zo,syllable,—,zo-wa,consonant+vowel /zo/,rare,rare
LB65,U+10040,ju,syllable,—,ju-pa-na,consonant+vowel /ju/,rare,rare
LB67,U+10042,*22,syllable,—,*22-ti,unknown phonetic value,rare,rare
LB68,U+10043,*34,syllable,—,*34-te,unknown phonetic value,rare,rare
LB69,U+10044,*47,syllable,—,*47-a-na,unknown phonetic value,rare,rare
LB70,U+10045,*49,syllable,—,*49-ke-u,unknown phonetic value,rare,rare
LB71,U+10046,*56,syllable,—,*56-ko-we,unknown phonetic value,rare,rare
LB72,U+10047,*65,syllable,—,*65-na,unknown phonetic value,rare,rare
LB73,U+10048,*79,syllable,—,*79-tu-ru-pte-ri-ja,unknown phonetic value,rare,rare
LB74,U+10049,*82,syllable,—,*82 (spice ideogram),unknown phonetic value,common,common
LB75,U+1004A,*83,syllable,—,*83-ke-ja,unknown phonetic value,rare,rare
LB76,U+1004B,*86,syllable,—,*86,unknown phonetic value,rare,rare
LB77,U+1004C,*89,syllable,—,*89,unknown phonetic value,rare,rare
LB78,U+1004D,nwa,syllable,—,nwa,consonant cluster /nwa/,rare,rare
LB79,U+1004E,pu2,syllable,—,pu2-ke-qa-da,alternate /pu/ sound,rare,common
LB80,U+1004F,*18,ideogram,man,*18 + numeral,logographic: male person,frequent,frequent
LB81,U+10050,*19,ideogram,woman,*19 + numeral,logographic: female person,frequent,frequent
LB82,U+10051,*100,ideogram,ox,"*100 + VIR, numeral",logographic: cattle,frequent,frequent
LB83,U+10052,*101,ideogram,bull,*101 + numeral,logographic: male cattle,common,common
LB84,U+10053,*102,ideogram,cow,*102 + numeral,logographic: female cattle,common,common
LB85,U+10054,*103,ideogram,sheep,*103 + numeral,logographic: sheep,frequent,frequent
LB86,U+10055,*104,ideogram,ram,*104 + numeral,logographic: male sheep,common,common
LB87,U+10056,*105,ideogram,ewe,*105 + numeral,logographic: female sheep,frequent,frequent
LB88,U+10057,*106,ideogram,goat,*106 + numeral,logographic: goat,common,common
LB89,U+10058,*107,ideogram,he-goat,*107 + numeral,logographic: male goat,common,common
LB90,U+10059,*108,ideogram,she-goat,*108 + numeral,logographic: female goat,common,common
LB91,U+1005A,*109,ideogram,pig,*109 + numeral,logographic: pig,common,common
LB92,U+1005B,*110,ideogram,boar,*110 + numeral,logographic: male pig,rare,common
LB93,U+1005C,*111,ideogram,sow,*111 + numeral,logographic: female pig,rare,common
LB94,U+1005D,*120,ideogram,wheat,*120 + measures,logographic: grain/wheat,frequent,frequent
LB95,U+1005E,*121,ideogram,barley,*121 + measures,logographic: barley,frequent,frequent
LB96,U+1005F,*122,ideogram,olive,*122 + measures,logographic: olives,common,common
LB97,U+10060,*123,ideogram,spice,*123 + measures,logographic: spice/seasoning,common,common
LB98,U+10061,*130,ideogram,oil,*130 + measures,logographic: olive oil,frequent,frequent
LB99,U+10062,*131,ideogram,wine,*131 + measures,logographic: wine,frequent,frequent
LB100,U+10063,*140,ideogram,bronze,*140 + weight,logographic: bronze/copper,frequent,frequent
LB101,U+10064,*141,ideogram,gold,*141 + weight,logographic: gold,common,common
LB102,U+10065,*142,ideogram,silver,*142 + weight,logographic: silver,common,rare
LB103,U+10066,*150,ideogram,horn,*150 + numeral,logographic: horn/ivory,rare,common
LB104,U+10067,*151,ideogram,hide,*151 + numeral,logographic: animal hide,common,common
LB105,U+10068,*152,ideogram,wool,*152 + weight,logographic: wool,frequent,frequent
LB106,U+10069,*153,ideogram,cloth,*153 + numeral,logographic: textile,frequent,frequent
LB107,U+1006A,*154,ideogram,garment,*154 + numeral,logographic: clothing,common,common
LB108,U+1006B,*155,ideogram,armor,*155 + numeral,logographic: armor/corselet,rare,common
LB109,U+1006C,*160,ideogram,vessel,*160 + numeral,logographic: pottery vessel,frequent,frequent
LB110,U+1006D,*161,ideogram,tripod,*161 + numeral,logographic: tripod cauldron,common,common
LB111,U+1006E,*162,ideogram,cup,*162 + numeral,logographic: drinking cup,common,common
LB112,U+1006F,*170,ideogram,chariot,*170 + numeral,logographic: wheeled vehicle,common,common
LB113,U+10070,*171,ideogram,wheel,*171 + numeral,logographic: chariot wheel,common,common
LB114,U+10071,*172,ideogram,horse,*172 + numeral,logographic: horse,common,common
LB115,U+10072,*173,ideogram,mare,*173 + numeral,logographic: female horse,rare,common
LB116,U+10073,*174,ideogram,stallion,*174 + numeral,logographic: male horse,rare,rare
LB117,U+10074,*180,ideogram,fig,*180 + measures,logographic: figs,common,common
LB118,U+10075,*181,ideogram,grain,*181 + measures,logographic: cereal grain,common,common
LB119,U+10076,*182,ideogram,honey,*182 + measures,logographic: honey,rare,common
LB120,U+10077,*190,ideogram,missing,*190,logographic: deficit,common,common
LB121,U+10078,1,numeral,1,unit quantity,numeric value: one,frequent,frequent
LB122,U+10079,2,numeral,2,small quantities,numeric value: two,frequent,frequent
LB123,U+1007A,3,numeral,3,small quantities,numeric value: three,frequent,frequent
LB124,U+1007B,4,numeral,4,small quantities,numeric value: four,frequent,frequent
LB125,U+1007C,5,numeral,5,small quantities,numeric value: five,frequent,frequent
LB126,U+1007D,6,numeral,6,small quantities,numeric value: six,common,common
LB127,U+1007E,7,numeral,7,small quantities,numeric value: seven,common,common
LB128,U+1007F,8,numeral,8,small quantities,numeric value: eight,common,common
LB129,U+10080,9,numeral,9,small quantities,numeric value: nine,common,common
LB130,U+10081,10,numeral,10,decimal system,numeric value: ten,frequent,frequent
LB131,U+10082,100,numeral,100,large quantities,numeric value: one hundred,frequent,frequent
LB132,U+10083,1000,numeral,1000,very large quantities,numeric value: one thousand,common,common
LB133,U+10084,10000,numeral,10000,massive quantities,numeric value: ten thousand,rare,rare
