{
  "script_phase": "Linear Elamite",
  "metadata": {
    "version": "1.0",
    "last_updated": "2025-08-04",
    "period": "c. 2300-1850 BCE",
    "status": "partially_deciphered",
    "total_signs": "approximately 80-90",
    "sources": [
      "André & Salvini: Réflexions sur Puzur-Inšušinak",
      "Hinz: Das elamische Pantheon",
      "Vallat: Les inscriptions cunéiformes de Suse",
      "Malbran-Labat: Linear Elamite Digital Corpus"
    ]
  },
  "archaeological_context": {
    "primary_sites": {
      "Susa": {
        "inscription_count": "22+",
        "monument_types": ["statue_bases", "door_jambs", "stone_slabs"],
        "rulers": ["Puzur-Inshushinak", "Kutik-Inshushinak"]
      },
      "Persepolis": {
        "inscription_count": "1",
        "monument_types": ["stone_inscription"],
        "content": ["fragmentary_text"]
      }
    },
    "material": "stone_monuments",
    "writing_technique": "carved_inscriptions",
    "preservation": "generally_good_on_stone"
  },
  "script_characteristics": {
    "writing_system": "syllabic",
    "sign_structure": {
      "geometric_basis": "simplified_proto_elamite_origins",
      "linear_style": "adapted_for_stone_carving",
      "standardization": "more_consistent_than_proto_elamite"
    },
    "syllable_types": {
      "CV": "consonant_vowel_most_common",
      "V": "vowel_only_signs",
      "CVC": "rare_complex_syllables"
    }
  },
  "sign_inventory": {
    "vowels": {
      "a": {
        "unicode": "𐎠",
        "form": "𐎠",
        "frequency": "very_high",
        "confidence": 0.90,
        "attestations": ["Puzur-Inshushinak_statue"]
      },
      "i": {
        "unicode": "𐎡",
        "form": "𐎡", 
        "frequency": "high",
        "confidence": 0.85,
        "attestations": ["multiple_inscriptions"]
      },
      "u": {
        "unicode": "𐎢",
        "form": "𐎢",
        "frequency": "medium",
        "confidence": 0.80,
        "attestations": ["royal_names"]
      }
    },
    "consonant_vowel_syllables": {
      "ha": {
        "unicode": "𐎠",
        "form": "𐎠",
        "meaning": "great/chief",
        "frequency": "high",
        "confidence": 0.75,
        "notes": "appears_in_royal_titles"
      },
      "ka": {
        "unicode": "𐎣", 
        "form": "𐎣",
        "meaning": "king/land",
        "frequency": "high",
        "confidence": 0.80,
        "notes": "royal_and_geographic_contexts"
      },
      "ku": {
        "unicode": "𐎤",
        "form": "𐎤",
        "meaning": "god/divine",
        "frequency": "medium",
        "confidence": 0.70,
        "notes": "theophoric_names"
      },
      "ma": {
        "unicode": "𐎥",
        "form": "𐎥",
        "meaning": "great/mother",
        "frequency": "medium",
        "confidence": 0.65,
        "notes": "epithets_and_titles"
      },
      "na": {
        "unicode": "𐎦",
        "form": "𐎦",
        "meaning": "lord/not",
        "frequency": "high",
        "confidence": 0.70,
        "notes": "titles_and_negation"
      },
      "pi": {
        "unicode": "𐎧",
        "form": "𐎧",
        "meaning": "mouth/word",
        "frequency": "medium",
        "confidence": 0.68,
        "notes": "communication_concepts"
      },
      "ri": {
        "unicode": "𐎨",
        "form": "𐎨",
        "meaning": "to_give/gift",
        "frequency": "medium", 
        "confidence": 0.72,
        "notes": "verbal_constructions"
      },
      "sa": {
        "unicode": "𐎩",
        "form": "𐎩",
        "meaning": "good/beautiful",
        "frequency": "low",
        "confidence": 0.60,
        "notes": "epithets"
      },
      "ta": {
        "unicode": "𐎪",
        "form": "𐎪",
        "meaning": "to_make/place",
        "frequency": "medium",
        "confidence": 0.75,
        "notes": "construction_verbs"
      },
      "za": {
        "unicode": "𐎫",
        "form": "𐎫",
        "meaning": "offspring/son",
        "frequency": "low",
        "confidence": 0.65,
        "notes": "genealogical_terms"
      }
    }
  },
  "word_separators": {
    "vertical_stroke": {
      "form": "|",
      "function": "word_boundary",
      "frequency": "consistent",
      "confidence": 0.95
    },
    "double_stroke": {
      "form": "||",
      "function": "phrase_boundary",
      "frequency": "occasional",
      "confidence": 0.85
    }
  },
  "decipherment_progress": {
    "personal_names": {
      "puzur_inshushinak": "𐎫𐎢𐎪𐎢𐎠𐎷𐎡𐎦𐎷𐎢𐎷𐎡𐎦𐎠𐎣",
      "confidence": 0.90,
      "meaning": "trust_of_Inshushinak",
      "notes": "well_attested_ruler_name"
    },
    "divine_names": {
      "inshushinak": "𐎡𐎦𐎷𐎢𐎷𐎡𐎦𐎠𐎣",
      "confidence": 0.85,
      "meaning": "lord_of_Susa",
      "notes": "patron_deity_of_Susa"
    },
    "titles": {
      "king_of_awan": "𐎣𐎠𐎦ř𐎡𐎣│𐎠𐎺𐎠𐎭",
      "confidence": 0.75,
      "meaning": "king_of_Awan",
      "notes": "royal_title_formula"
    }
  },
  "evolution_from_proto_elamite": {
    "simplification": "geometric_forms_simplified_for_carving",
    "standardization": "reduced_variant_forms",
    "linearization": "curved_elements_become_straight_lines",
    "phonetization": "increased_syllabic_use"
  },
  "writing_conventions": {
    "direction": "left_to_right",
    "line_arrangement": "horizontal_lines",
    "monumentality": "adapted_for_public_stone_inscriptions",
    "spacing": "clear_word_separation"
  },
  "sample_inscription": {
    "source": "Puzur-Inshushinak_statue_base",
    "linear_elamite": "𐎫𐎢𐎪𐎢𐎠𐎷│𐎡𐎦𐎷𐎢𐎷𐎡𐎦𐎠𐎣│𐎣𐎠𐎦ř𐎡𐎣│𐎠𐎺𐎠𐎭",
    "transliteration": "puzur-inshushinak / king / awan",
    "translation": "Puzur-Inshushinak, king of Awan",
    "confidence": 0.80,
    "notes": "typical_royal_identification_formula"
  }
}
