{
  "metadata": {
    "version": "1.0.0",
    "created": "2025-08-09T14:59:53.785201",
    "description": "Meroitic lexicon extracted from REM corpus",
    "sources": [
      "REM (Répertoire d'Épigraphie Méroïtique)",
      "Automated extraction from corpus inscriptions"
    ],
    "license": "CC-BY-NC-SA",
    "total_entries": 10,
    "statistics": {
      "total_inscriptions": 0,
      "cursive_inscriptions": 0,
      "hieroglyphic_inscriptions": 0,
      "mixed_script_inscriptions": 0,
      "translated_inscriptions": 0,
      "untranslated_inscriptions": 0,
      "unique_words": 0,
      "total_word_tokens": 0,
      "sites_represented": [],
      "date_range": {
        "earliest": null,
        "latest": null
      }
    }
  },
  "entries": [
    {
      "meroitic_unicode": "",
      "transliteration": "mlo",
      "translation": "king",
      "pos": "noun",
      "category": "royalty",
      "root": "mlo",
      "certainty": 0.95,
      "source": "REM Corpus (8 attestations)",
      "notes": "Found in: REM 0267; REM 0023; REM 0105; REM 0156; REM 0334",
      "script_form": "cursive",
      "morphology": {
        "root": "mlo",
        "suffixes": [],
        "prefixes": [],
        "case": "unknown",
        "number": "singular"
      },
      "frequency": 9,
      "attestations": [
        "REM 0267",
        "REM 0023",
        "REM 0105",
        "REM 0156",
        "REM 0334",
        "REM 0104",
        "REM 0178",
        "REM 0298"
      ]
    },
    {
      "meroitic_unicode": "",
      "transliteration": "qore",
      "translation": "king",
      "pos": "noun",
      "category": "royalty",
      "root": "qore",
      "certainty": 0.95,
      "source": "REM Corpus (5 attestations)",
      "notes": "Found in: REM 0023; REM 0105; REM 0156; REM 0104; REM 0178",
      "script_form": "cursive",
      "morphology": {
        "root": "qore",
        "suffixes": [],
        "prefixes": [],
        "case": "unknown",
        "number": "singular"
      },
      "frequency": 6,
      "attestations": [
        "REM 0023",
        "REM 0105",
        "REM 0156",
        "REM 0104",
        "REM 0178"
      ]
    },
    {
      "meroitic_unicode": "",
      "transliteration": "kdi",
      "translation": "Kush",
      "pos": "unknown",
      "category": "general",
      "root": "kdi",
      "certainty": 0.95,
      "source": "REM Corpus (6 attestations)",
      "notes": "Found in: REM 0267; REM 0156; REM 0023; REM 0105; REM 0178",
      "script_form": "cursive",
      "morphology": {
        "root": "kdi",
        "suffixes": [],
        "prefixes": [],
        "case": "unknown",
        "number": "singular"
      },
      "frequency": 6,
      "attestations": [
        "REM 0267",
        "REM 0156",
        "REM 0023",
        "REM 0105",
        "REM 0178",
        "REM 0298"
      ]
    },
    {
      "meroitic_unicode": "",
      "transliteration": "sbrqo",
      "translation": null,
      "pos": "unknown",
      "category": null,
      "root": "sbrqo",
      "certainty": 0.95,
      "source": "REM Corpus (2 attestations)",
      "notes": "Found in: REM 0104; REM 0334",
      "script_form": "cursive",
      "morphology": {
        "root": "sbrqo",
        "suffixes": [],
        "prefixes": [],
        "case": "unknown",
        "number": "singular"
      },
      "frequency": 2,
      "attestations": [
        "REM 0104",
        "REM 0334"
      ]
    },
    {
      "meroitic_unicode": "",
      "transliteration": "sb",
      "translation": "man, person",
      "pos": "noun",
      "category": "people",
      "root": "s",
      "certainty": 0.95,
      "source": "REM Corpus (4 attestations)",
      "notes": "Found in: REM 0298; REM 0389; REM 0105; REM 0203",
      "script_form": "cursive",
      "morphology": {
        "root": "s",
        "suffixes": [
          "b"
        ],
        "prefixes": [],
        "case": "unknown",
        "number": "plural"
      },
      "frequency": 4,
      "attestations": [
        "REM 0298",
        "REM 0389",
        "REM 0105",
        "REM 0203"
      ]
    },
    {
      "meroitic_unicode": "",
      "transliteration": "kantrel",
      "translation": null,
      "pos": "unknown",
      "category": null,
      "root": "kantrel",
      "certainty": 0.95,
      "source": "REM Corpus (2 attestations)",
      "notes": "Found in: REM 0156; REM 0334",
      "script_form": "cursive",
      "morphology": {
        "root": "kantrel",
        "suffixes": [],
        "prefixes": [],
        "case": "unknown",
        "number": "singular"
      },
      "frequency": 2,
      "attestations": [
        "REM 0156",
        "REM 0334"
      ]
    },
    {
      "meroitic_unicode": "",
      "transliteration": "aro",
      "translation": null,
      "pos": "unknown",
      "category": null,
      "root": "aro",
      "certainty": 0.95,
      "source": "REM Corpus (3 attestations)",
      "notes": "Found in: REM 0178; REM 0389; REM 0267",
      "script_form": "cursive",
      "morphology": {
        "root": "aro",
        "suffixes": [],
        "prefixes": [],
        "case": "unknown",
        "number": "singular"
      },
      "frequency": 3,
      "attestations": [
        "REM 0178",
        "REM 0389",
        "REM 0267"
      ]
    },
    {
      "meroitic_unicode": "",
      "transliteration": "pqr",
      "translation": "good, beautiful",
      "pos": "noun",
      "category": "general",
      "root": "pqr",
      "certainty": 0.95,
      "source": "REM Corpus (3 attestations)",
      "notes": "Found in: REM 0298; REM 0178; REM 0203",
      "script_form": "cursive",
      "morphology": {
        "root": "pqr",
        "suffixes": [],
        "prefixes": [],
        "case": "unknown",
        "number": "singular"
      },
      "frequency": 3,
      "attestations": [
        "REM 0298",
        "REM 0178",
        "REM 0203"
      ]
    },
    {
      "meroitic_unicode": "",
      "transliteration": "alo",
      "translation": null,
      "pos": "noun",
      "category": null,
      "root": "alo",
      "certainty": 0.95,
      "source": "REM Corpus (3 attestations)",
      "notes": "Found in: REM 0267; REM 0389; REM 0203",
      "script_form": "cursive",
      "morphology": {
        "root": "alo",
        "suffixes": [],
        "prefixes": [],
        "case": "unknown",
        "number": "singular"
      },
      "frequency": 3,
      "attestations": [
        "REM 0267",
        "REM 0389",
        "REM 0203"
      ]
    },
    {
      "meroitic_unicode": "",
      "transliteration": "te",
      "translation": "woman",
      "pos": "particle",
      "category": "people",
      "root": "te",
      "certainty": 0.95,
      "source": "REM Corpus (2 attestations)",
      "notes": "Found in: REM 0389; REM 0203",
      "script_form": "cursive",
      "morphology": {
        "root": "te",
        "suffixes": [],
        "prefixes": [],
        "case": "unknown",
        "number": "singular"
      },
      "frequency": 2,
      "attestations": [
        "REM 0389",
        "REM 0203"
      ]
    }
  ]
}