{
  "metadata": {
    "version": "1.0.0",
    "created": "2025-08-09T15:19:41.065933",
    "description": "Meroitic lexicon extracted from REM corpus",
    "sources": [
      "REM (Répertoire d'Épigraphie Méroïtique)",
      "Automated extraction from corpus inscriptions"
    ],
    "license": "CC-BY-NC-SA",
    "total_entries": 10,
    "statistics": {
      "total_inscriptions": 0,
      "cursive_inscriptions": 0,
      "hieroglyphic_inscriptions": 0,
      "mixed_script_inscriptions": 0,
      "translated_inscriptions": 0,
      "untranslated_inscriptions": 0,
      "unique_words": 0,
      "total_word_tokens": 0,
      "sites_represented": [],
      "date_range": {
        "earliest": null,
        "latest": null
      }
    }
  },
  "entries": [
    {
      "meroitic_unicode": "",
      "transliteration": "mlo",
      "translation": "king",
      "pos": "noun",
      "category": "royalty",
      "root": "mlo",
      "certainty": 0.95,
      "source": "REM Corpus (8 attestations)",
      "notes": "Found in: REM 0156; REM 0023; REM 0178; REM 0104; REM 0334",
      "script_form": "cursive",
      "frequency": 9
    },
    {
      "meroitic_unicode": "",
      "transliteration": "qore",
      "translation": "king",
      "pos": "noun",
      "category": "royalty",
      "root": "qore",
      "certainty": 0.95,
      "source": "REM Corpus (5 attestations)",
      "notes": "Found in: REM 0156; REM 0023; REM 0178; REM 0104; REM 0105",
      "script_form": "cursive",
      "frequency": 6
    },
    {
      "meroitic_unicode": "",
      "transliteration": "kdi",
      "translation": "Kush",
      "pos": "unknown",
      "category": "general",
      "root": "kdi",
      "certainty": 0.95,
      "source": "REM Corpus (6 attestations)",
      "notes": "Found in: REM 0156; REM 0023; REM 0178; REM 0267; REM 0105",
      "script_form": "cursive",
      "frequency": 6
    },
    {
      "meroitic_unicode": "",
      "transliteration": "sbrqo",
      "translation": null,
      "pos": "unknown",
      "category": null,
      "root": "sbrqo",
      "certainty": 0.95,
      "source": "REM Corpus (2 attestations)",
      "notes": "Found in: REM 0334; REM 0104",
      "script_form": "cursive",
      "frequency": 2
    },
    {
      "meroitic_unicode": "",
      "transliteration": "sb",
      "translation": "man, person",
      "pos": "noun",
      "category": "people",
      "root": "s",
      "certainty": 0.95,
      "source": "REM Corpus (4 attestations)",
      "notes": "Found in: REM 0203; REM 0105; REM 0298; REM 0389",
      "script_form": "cursive",
      "frequency": 4
    },
    {
      "meroitic_unicode": "",
      "transliteration": "kantrel",
      "translation": null,
      "pos": "unknown",
      "category": null,
      "root": "kantrel",
      "certainty": 0.95,
      "source": "REM Corpus (2 attestations)",
      "notes": "Found in: REM 0156; REM 0334",
      "script_form": "cursive",
      "frequency": 2
    },
    {
      "meroitic_unicode": "",
      "transliteration": "aro",
      "translation": null,
      "pos": "unknown",
      "category": null,
      "root": "aro",
      "certainty": 0.95,
      "source": "REM Corpus (3 attestations)",
      "notes": "Found in: REM 0389; REM 0178; REM 0267",
      "script_form": "cursive",
      "frequency": 3
    },
    {
      "meroitic_unicode": "",
      "transliteration": "pqr",
      "translation": "good, beautiful",
      "pos": "noun",
      "category": "general",
      "root": "pqr",
      "certainty": 0.95,
      "source": "REM Corpus (3 attestations)",
      "notes": "Found in: REM 0203; REM 0178; REM 0298",
      "script_form": "cursive",
      "frequency": 3
    },
    {
      "meroitic_unicode": "",
      "transliteration": "alo",
      "translation": null,
      "pos": "noun",
      "category": null,
      "root": "alo",
      "certainty": 0.95,
      "source": "REM Corpus (3 attestations)",
      "notes": "Found in: REM 0389; REM 0203; REM 0267",
      "script_form": "cursive",
      "frequency": 3
    },
    {
      "meroitic_unicode": "",
      "transliteration": "te",
      "translation": "woman",
      "pos": "particle",
      "category": "people",
      "root": "te",
      "certainty": 0.95,
      "source": "REM Corpus (2 attestations)",
      "notes": "Found in: REM 0389; REM 0203",
      "script_form": "cursive",
      "frequency": 2
    }
  ]
}