{
  "ʾ-B-D": {
    "meaning": "to offer / sacrifice / serve",
    "contexts": [
      "CIH 341",
      "common dedications",
      "ritual service contexts"
    ],
    "cognates": [
      "Hebrew עָבַד",
      "Arabic ʿabd"
    ]
  },
  "ṯ-M-N": {
    "meaning": "to establish / secure",
    "contexts": [
      "RES 3027",
      "foundation inscriptions"
    ],
    "cognates": [
      "Hebrew אָמַן",
      "Arabic ثمن"
    ]
  },
  "K-T-B": {
    "meaning": "to write / record",
    "contexts": [
      "CIS 844",
      "scribal contexts"
    ],
    "cognates": [
      "Arabic كتب",
      "Hebrew כתב"
    ]
  },
  "ʾ-L-H": {
    "meaning": "god / deity",
    "contexts": [
      "CIS 344",
      "RES 3945",
      "theophoric names"
    ],
    "cognates": [
      "Hebrew אֱלֹהִים",
      "Arabic إله"
    ]
  },
  "M-L-K": {
    "meaning": "king / to rule",
    "contexts": [
      "CIH 308",
      "RES 3022",
      "royal inscriptions"
    ],
    "cognates": [
      "Hebrew מֶלֶךְ",
      "Arabic ملك"
    ]
  },
  "B-N-Y": {
    "meaning": "to build / construct",
    "contexts": [
      "RES 3022",
      "construction inscriptions"
    ],
    "cognates": [
      "Hebrew בָּנָה",
      "Arabic بنى"
    ]
  },
  "B-Y-T": {
    "meaning": "house / temple",
    "contexts": [
      "CIH 344",
      "architectural contexts"
    ],
    "cognates": [
      "Hebrew בַּיִת",
      "Arabic بيت"
    ]
  },
  "Š-M-S": {
    "meaning": "sun / solar deity",
    "contexts": [
      "RES 3044",
      "solar worship"
    ],
    "cognates": [
      "Hebrew שֶׁמֶשׁ",
      "Arabic شمس"
    ]
  },
  "W-D-D": {
    "meaning": "love / beloved",
    "contexts": [
      "CIS 456",
      "divine epithets"
    ],
    "cognates": [
      "Hebrew דּוֹד",
      "Arabic ود"
    ]
  },
  "Ṣ-D-Q": {
    "meaning": "righteousness / truth / justice",
    "contexts": [
      "CIH 377",
      "moral contexts",
      "legal contexts"
    ],
    "cognates": [
      "Hebrew צֶדֶק",
      "Arabic صدق"
    ]
  },
  "N-Š-R": {
    "meaning": "eagle / to protect",
    "contexts": [
      "RES 4178",
      "divine protection"
    ],
    "cognates": [
      "Hebrew נֶשֶׁר",
      "Arabic نسر"
    ]
  },
  "ʾ-R-Ḍ": {
    "meaning": "earth / land / territory",
    "contexts": [
      "CIS 234",
      "geographical references",
      "territorial claims"
    ],
    "cognates": [
      "Hebrew אֶרֶץ",
      "Arabic أرض"
    ]
  },
  "S-M-ʾ": {
    "meaning": "heaven / sky",
    "contexts": [
      "CIH 445",
      "cosmological references"
    ],
    "cognates": [
      "Hebrew שָׁמַיִם",
      "Arabic سماء"
    ]
  },
  "Y-W-M": {
    "meaning": "day / time",
    "contexts": [
      "RES 3567",
      "temporal references"
    ],
    "cognates": [
      "Hebrew יוֹם",
      "Arabic يوم"
    ]
  },
  "L-Y-L": {
    "meaning": "night / darkness",
    "contexts": [
      "CIS 445",
      "temporal contexts"
    ],
    "cognates": [
      "Hebrew לַיְלָה",
      "Arabic ليل"
    ]
  },
  "S-N-H": {
    "meaning": "year / annual",
    "contexts": [
      "CIH 556",
      "chronological inscriptions"
    ],
    "cognates": [
      "Hebrew שָׁנָה",
      "Arabic سنة"
    ]
  },
  "Š-H-R": {
    "meaning": "month / lunar cycle",
    "contexts": [
      "RES 4221",
      "calendar references"
    ],
    "cognates": [
      "Hebrew חֹדֶשׁ",
      "Arabic شهر"
    ]
  },
  "S-L-M": {
    "meaning": "peace / safety / wholeness",
    "contexts": [
      "CIH 378",
      "blessing formulas",
      "diplomatic contexts"
    ],
    "cognates": [
      "Hebrew שָׁלוֹם",
      "Arabic سلام"
    ]
  },
  "Ḥ-Y-Y": {
    "meaning": "life / to live",
    "contexts": [
      "RES 3856",
      "vitality contexts"
    ],
    "cognates": [
      "Hebrew חַי",
      "Arabic حي"
    ]
  },
  "M-W-T": {
    "meaning": "death / to die",
    "contexts": [
      "CIS 567",
      "mortuary inscriptions"
    ],
    "cognates": [
      "Hebrew מָוֶת",
      "Arabic موت"
    ]
  },
  "Q-B-R": {
    "meaning": "grave / to bury",
    "contexts": [
      "CIH 445",
      "burial contexts"
    ],
    "cognates": [
      "Hebrew קֶבֶר",
      "Arabic قبر"
    ]
  },
  "D-F-N": {
    "meaning": "burial / interment",
    "contexts": [
      "RES 4156",
      "funeral rites"
    ],
    "cognates": [
      "Hebrew קְבוּרָה",
      "Arabic دفن"
    ]
  },
  "R-Ḥ-M": {
    "meaning": "mercy / compassion",
    "contexts": [
      "CIS 445",
      "divine attributes"
    ],
    "cognates": [
      "Hebrew רַחֲמִים",
      "Arabic رحمة"
    ]
  },
  "Ḥ-K-M": {
    "meaning": "wisdom / judgment / governance",
    "contexts": [
      "CIH 556",
      "judicial contexts",
      "royal wisdom"
    ],
    "cognates": [
      "Hebrew חָכְמָה",
      "Arabic حكمة"
    ]
  },
  "ʿ-L-M": {
    "meaning": "knowledge / to know",
    "contexts": [
      "RES 3967",
      "wisdom contexts"
    ],
    "cognates": [
      "Hebrew יָדַע",
      "Arabic علم"
    ]
  },
  "F-H-M": {
    "meaning": "understanding / comprehension",
    "contexts": [
      "CIS 567",
      "intellectual contexts"
    ],
    "cognates": [
      "Hebrew בִּינָה",
      "Arabic فهم"
    ]
  },
  "Q-R-ʾ": {
    "meaning": "to read / recite",
    "contexts": [
      "CIH 445",
      "literary contexts"
    ],
    "cognates": [
      "Hebrew קָרָא",
      "Arabic قرأ"
    ]
  },
  "S-M-ʿ": {
    "meaning": "to hear / listen",
    "contexts": [
      "RES 4221",
      "auditory contexts"
    ],
    "cognates": [
      "Hebrew שָׁמַע",
      "Arabic سمع"
    ]
  },
  "R-ʾ-Y": {
    "meaning": "to see / perceive",
    "contexts": [
      "CIS 445",
      "visual contexts"
    ],
    "cognates": [
      "Hebrew רָאָה",
      "Arabic رأى"
    ]
  },
  "D-B-R": {
    "meaning": "to speak / word",
    "contexts": [
      "CIH 378",
      "communication contexts"
    ],
    "cognates": [
      "Hebrew דָּבָר",
      "Arabic دبر"
    ]
  },
  "Q-W-L": {
    "meaning": "to say / speech",
    "contexts": [
      "RES 3856",
      "verbal communication"
    ],
    "cognates": [
      "Hebrew אָמַר",
      "Arabic قول"
    ]
  },
  "N-D-ʾ": {
    "meaning": "to call / proclaim",
    "contexts": [
      "CIS 567",
      "public announcements"
    ],
    "cognates": [
      "Hebrew קָרָא",
      "Arabic نادى"
    ]
  },
  "Ṣ-R-X": {
    "meaning": "to cry out / shout",
    "contexts": [
      "CIH 445",
      "vocal expressions"
    ],
    "cognates": [
      "Hebrew צָעַק",
      "Arabic صرخ"
    ]
  },
  "S-K-T": {
    "meaning": "silence / quiet",
    "contexts": [
      "RES 4156",
      "contemplative contexts"
    ],
    "cognates": [
      "Hebrew דֹּמִי",
      "Arabic سكت"
    ]
  },
  "Ḥ-L-K": {
    "meaning": "to go / walk",
    "contexts": [
      "CIS 445",
      "movement contexts"
    ],
    "cognates": [
      "Hebrew הָלַךְ",
      "Arabic حلك"
    ]
  },
  "J-ʾ": {
    "meaning": "to come / arrive",
    "contexts": [
      "CIH 556",
      "arrival contexts"
    ],
    "cognates": [
      "Hebrew בּוֹא",
      "Arabic جاء"
    ]
  },
  "X-R-J": {
    "meaning": "to go out / exit",
    "contexts": [
      "RES 3967",
      "departure contexts"
    ],
    "cognates": [
      "Hebrew יָצָא",
      "Arabic خرج"
    ]
  },
  "D-X-L": {
    "meaning": "to enter / go in",
    "contexts": [
      "CIS 567",
      "entrance contexts"
    ],
    "cognates": [
      "Hebrew בּוֹא",
      "Arabic دخل"
    ]
  },
  "W-Q-F": {
    "meaning": "to stop / stand",
    "contexts": [
      "CIH 445",
      "stationary contexts"
    ],
    "cognates": [
      "Hebrew עָמַד",
      "Arabic وقف"
    ]
  },
  "J-L-S": {
    "meaning": "to sit / dwell",
    "contexts": [
      "RES 4221",
      "residential contexts"
    ],
    "cognates": [
      "Hebrew יָשַׁב",
      "Arabic جلس"
    ]
  },
  "N-W-M": {
    "meaning": "to sleep / rest",
    "contexts": [
      "CIS 445",
      "rest contexts"
    ],
    "cognates": [
      "Hebrew יָשֵׁן",
      "Arabic نوم"
    ]
  },
  "Y-Q-Ẓ": {
    "meaning": "to wake / arise",
    "contexts": [
      "CIH 378",
      "awakening contexts"
    ],
    "cognates": [
      "Hebrew עוּר",
      "Arabic يقظ"
    ]
  },
  "ʾ-K-L": {
    "meaning": "to eat / consume",
    "contexts": [
      "RES 3856",
      "consumption contexts"
    ],
    "cognates": [
      "Hebrew אָכַל",
      "Arabic أكل"
    ]
  },
  "Š-R-B": {
    "meaning": "to drink / imbibe",
    "contexts": [
      "CIS 567",
      "liquid consumption"
    ],
    "cognates": [
      "Hebrew שָׁתָה",
      "Arabic شرب"
    ]
  },
  "ʾ-M-N": {
    "meaning": "trust / faithfulness / security",
    "contexts": [
      "CIH 445",
      "reliability contexts",
      "divine faithfulness"
    ],
    "cognates": [
      "Hebrew אֱמוּנָה",
      "Arabic أمانة"
    ]
  },
  "R-ʿ-Y": {
    "meaning": "to shepherd / tend / graze",
    "contexts": [
      "RES 3785",
      "pastoral contexts",
      "divine care"
    ],
    "cognates": [
      "Hebrew רָעָה",
      "Arabic رعى"
    ]
  },
  "Z-R-ʿ": {
    "meaning": "to sow / plant / cultivate",
    "contexts": [
      "CIH 592",
      "agricultural inscriptions",
      "fertility contexts"
    ],
    "cognates": [
      "Hebrew זָרַע",
      "Arabic زرع"
    ]
  },
  "Ḥ-R-Ṯ": {
    "meaning": "to plow / cultivate / work land",
    "contexts": [
      "RES 3344",
      "farming contexts",
      "agricultural labor"
    ],
    "cognates": [
      "Hebrew חָרַשׁ",
      "Arabic حرث"
    ]
  },
  "Q-Ṣ-R": {
    "meaning": "to cut / harvest / reap",
    "contexts": [
      "CIS 623",
      "harvest inscriptions",
      "seasonal activities"
    ],
    "cognates": [
      "Hebrew קָצַר",
      "Arabic قصر"
    ]
  },
  "G-N-N": {
    "meaning": "garden / enclosed space / paradise",
    "contexts": [
      "CIH 445",
      "architectural contexts",
      "sacred spaces"
    ],
    "cognates": [
      "Hebrew גַּן",
      "Arabic جنة"
    ]
  },
  "B-ʾ-R": {
    "meaning": "well / water source / spring",
    "contexts": [
      "RES 4156",
      "hydraulic inscriptions",
      "water management"
    ],
    "cognates": [
      "Hebrew בְּאֵר",
      "Arabic بئر"
    ]
  },
  "N-H-R": {
    "meaning": "river / flowing water / stream",
    "contexts": [
      "CIS 534",
      "water management",
      "geographical features"
    ],
    "cognates": [
      "Hebrew נָהָר",
      "Arabic نهر"
    ]
  },
  "J-B-L": {
    "meaning": "mountain / hill / elevated terrain",
    "contexts": [
      "CIH 378",
      "geographical references",
      "sacred high places"
    ],
    "cognates": [
      "Hebrew הַר",
      "Arabic جبل"
    ]
  },
  "Ṣ-X-R": {
    "meaning": "rock / stone / cliff",
    "contexts": [
      "RES 3967",
      "construction contexts",
      "geological features"
    ],
    "cognates": [
      "Hebrew צוּר",
      "Arabic صخر"
    ]
  },
  "R-M-L": {
    "meaning": "sand / desert / arid land",
    "contexts": [
      "CIS 445",
      "geographical descriptions",
      "desert landscapes"
    ],
    "cognates": [
      "Hebrew חוֹל",
      "Arabic رمل"
    ]
  },
  "Ṭ-R-Q": {
    "meaning": "path / road / way",
    "contexts": [
      "CIH 234",
      "travel inscriptions",
      "trade routes"
    ],
    "cognates": [
      "Hebrew דֶּרֶךְ",
      "Arabic طريق"
    ]
  },
  "M-D-N": {
    "meaning": "city / settlement / urban center",
    "contexts": [
      "RES 4089",
      "urban references",
      "administrative centers"
    ],
    "cognates": [
      "Hebrew עִיר",
      "Arabic مدينة"
    ]
  },
  "Q-R-Y": {
    "meaning": "village / town / settlement",
    "contexts": [
      "CIS 567",
      "settlement inscriptions",
      "rural communities"
    ],
    "cognates": [
      "Hebrew קִרְיָה",
      "Arabic قرية"
    ]
  },
  "D-Y-R": {
    "meaning": "dwelling / house / residence",
    "contexts": [
      "CIH 445",
      "residential contexts",
      "habitation"
    ],
    "cognates": [
      "Hebrew דִּירָה",
      "Arabic دار"
    ]
  },
  "Ḥ-Y-Ṭ": {
    "meaning": "wall / enclosure / fortification",
    "contexts": [
      "RES 3455",
      "fortification inscriptions",
      "defensive structures"
    ],
    "cognates": [
      "Hebrew חוֹמָה",
      "Arabic حائط"
    ]
  },
  "B-W-B": {
    "meaning": "gate / entrance / portal",
    "contexts": [
      "CIS 389",
      "architectural features",
      "access points"
    ],
    "cognates": [
      "Hebrew שַׁעַר",
      "Arabic باب"
    ]
  },
  "ʿ-M-D": {
    "meaning": "pillar / column / support",
    "contexts": [
      "CIH 556",
      "architectural elements",
      "structural components"
    ],
    "cognates": [
      "Hebrew עַמּוּד",
      "Arabic عمود"
    ]
  },
  "S-Q-F": {
    "meaning": "roof / covering / ceiling",
    "contexts": [
      "RES 4221",
      "building descriptions",
      "architectural features"
    ],
    "cognates": [
      "Hebrew גַּג",
      "Arabic سقف"
    ]
  },
  "N-W-R": {
    "meaning": "fire / light / illumination",
    "contexts": [
      "CIH 378",
      "ritual fire contexts",
      "sacred lighting"
    ],
    "cognates": [
      "Hebrew אוּר",
      "Arabic نور"
    ]
  },
  "Ẓ-L-M": {
    "meaning": "darkness / shadow / injustice / oppression",
    "contexts": [
      "RES 3856",
      "temporal references",
      "metaphorical darkness",
      "moral condemnation",
      "social criticism"
    ],
    "cognates": [
      "Hebrew חֹשֶׁךְ",
      "Hebrew עָוֶל",
      "Arabic ظلام",
      "Arabic ظلم"
    ]
  },
  "R-W-Ḥ": {
    "meaning": "spirit / breath / soul",
    "contexts": [
      "CIS 567",
      "religious contexts",
      "spiritual essence"
    ],
    "cognates": [
      "Hebrew רוּחַ",
      "Arabic روح"
    ]
  },
  "N-F-S": {
    "meaning": "soul / life / person",
    "contexts": [
      "CIH 445",
      "spiritual contexts",
      "individual identity"
    ],
    "cognates": [
      "Hebrew נֶפֶשׁ",
      "Arabic نفس"
    ]
  },
  "J-S-D": {
    "meaning": "body / flesh / physical form",
    "contexts": [
      "RES 4156",
      "human references",
      "corporeal existence"
    ],
    "cognates": [
      "Hebrew בָּשָׂר",
      "Arabic جسد"
    ]
  },
  "R-ʾ-S": {
    "meaning": "head / chief / leader",
    "contexts": [
      "CIS 445",
      "leadership titles",
      "authority positions"
    ],
    "cognates": [
      "Hebrew רֹאשׁ",
      "Arabic رأس"
    ]
  },
  "ʿ-Y-N": {
    "meaning": "eye / spring / source",
    "contexts": [
      "CIH 556",
      "anatomical references",
      "water sources"
    ],
    "cognates": [
      "Hebrew עַיִן",
      "Arabic عين"
    ]
  },
  "ʾ-D-N": {
    "meaning": "ear / hearing / attention",
    "contexts": [
      "RES 3967",
      "auditory contexts",
      "receptive listening"
    ],
    "cognates": [
      "Hebrew אֹזֶן",
      "Arabic أذن"
    ]
  },
  "F-M": {
    "meaning": "mouth / opening / speech",
    "contexts": [
      "CIS 567",
      "anatomical references",
      "verbal communication"
    ],
    "cognates": [
      "Hebrew פֶּה",
      "Arabic فم"
    ]
  },
  "Y-D": {
    "meaning": "hand / power / authority",
    "contexts": [
      "CIH 445",
      "anatomical references",
      "divine power"
    ],
    "cognates": [
      "Hebrew יָד",
      "Arabic يد"
    ]
  },
  "R-J-L": {
    "meaning": "foot / leg / support",
    "contexts": [
      "RES 4221",
      "anatomical references",
      "foundation metaphors"
    ],
    "cognates": [
      "Hebrew רֶגֶל",
      "Arabic رجل"
    ]
  },
  "Q-L-B": {
    "meaning": "heart / center / core",
    "contexts": [
      "CIS 445",
      "emotional contexts",
      "central importance"
    ],
    "cognates": [
      "Hebrew לֵב",
      "Arabic قلب"
    ]
  },
  "D-M": {
    "meaning": "blood / life force / vitality",
    "contexts": [
      "CIH 378",
      "sacrificial contexts",
      "life essence"
    ],
    "cognates": [
      "Hebrew דָּם",
      "Arabic دم"
    ]
  },
  "L-Ḥ-M": {
    "meaning": "flesh / meat / sustenance",
    "contexts": [
      "RES 3856",
      "sacrificial offerings",
      "food provisions"
    ],
    "cognates": [
      "Hebrew בָּשָׂר",
      "Arabic لحم"
    ]
  },
  "ʿ-Ẓ-M": {
    "meaning": "bone / strength / structure",
    "contexts": [
      "CIS 567",
      "anatomical references",
      "structural metaphors"
    ],
    "cognates": [
      "Hebrew עֶצֶם",
      "Arabic عظم"
    ]
  },
  "Š-ʿ-R": {
    "meaning": "hair / covering / protection",
    "contexts": [
      "CIH 445",
      "descriptive contexts",
      "natural covering"
    ],
    "cognates": [
      "Hebrew שֵׂעָר",
      "Arabic شعر"
    ]
  },
  "J-L-D": {
    "meaning": "skin / hide / exterior",
    "contexts": [
      "RES 4156",
      "material references",
      "protective covering"
    ],
    "cognates": [
      "Hebrew עוֹר",
      "Arabic جلد"
    ]
  },
  "K-S-W": {
    "meaning": "clothing / garment / covering",
    "contexts": [
      "CIS 445",
      "textile references",
      "protective wear"
    ],
    "cognates": [
      "Hebrew כְּסוּת",
      "Arabic كسوة"
    ]
  },
  "N-ʿ-L": {
    "meaning": "sandal / shoe / footwear",
    "contexts": [
      "CIH 556",
      "footwear references",
      "travel gear"
    ],
    "cognates": [
      "Hebrew נַעַל",
      "Arabic نعل"
    ]
  },
  "X-T-M": {
    "meaning": "seal / signet / authentication",
    "contexts": [
      "RES 3967",
      "administrative contexts",
      "official documents"
    ],
    "cognates": [
      "Hebrew חוֹתָם",
      "Arabic خاتم"
    ]
  },
  "S-Y-F": {
    "meaning": "sword / weapon / blade",
    "contexts": [
      "CIS 567",
      "military inscriptions",
      "warfare equipment"
    ],
    "cognates": [
      "Hebrew חֶרֶב",
      "Arabic سيف"
    ]
  },
  "Q-W-S": {
    "meaning": "bow / archer / ranged weapon",
    "contexts": [
      "CIH 445",
      "military equipment",
      "hunting tools"
    ],
    "cognates": [
      "Hebrew קֶשֶׁת",
      "Arabic قوس"
    ]
  },
  "R-M-Ḥ": {
    "meaning": "spear / lance / thrusting weapon",
    "contexts": [
      "RES 4221",
      "warfare contexts",
      "military arsenal"
    ],
    "cognates": [
      "Hebrew חֲנִית",
      "Arabic رمح"
    ]
  },
  "M-G-N": {
    "meaning": "shield / protection / defense",
    "contexts": [
      "CIS 445",
      "defensive equipment",
      "protective gear"
    ],
    "cognates": [
      "Hebrew מָגֵן",
      "Arabic مجن"
    ]
  },
  "Ḥ-R-B": {
    "meaning": "war / battle / conflict",
    "contexts": [
      "CIH 378",
      "military campaigns",
      "warfare narratives"
    ],
    "cognates": [
      "Hebrew מִלְחָמָה",
      "Arabic حرب"
    ]
  },
  "Ṣ-L-Ḥ": {
    "meaning": "success / prosperity / well-being",
    "contexts": [
      "CIS 567",
      "blessing formulas",
      "prosperity prayers"
    ],
    "cognates": [
      "Hebrew הַצְלָחָה",
      "Arabic صلاح"
    ]
  },
  "B-R-K": {
    "meaning": "blessing / benediction / favor",
    "contexts": [
      "CIH 445",
      "religious formulas",
      "divine favor"
    ],
    "cognates": [
      "Hebrew בְּרָכָה",
      "Arabic بركة"
    ]
  },
  "L-ʿ-N": {
    "meaning": "curse / malediction / condemnation",
    "contexts": [
      "RES 4156",
      "protective formulas",
      "deterrent inscriptions"
    ],
    "cognates": [
      "Hebrew קְלָלָה",
      "Arabic لعنة"
    ]
  },
  "Ḥ-L-F": {
    "meaning": "oath / vow / solemn promise",
    "contexts": [
      "CIS 445",
      "legal contexts",
      "binding agreements"
    ],
    "cognates": [
      "Hebrew שְׁבוּעָה",
      "Arabic حلف"
    ]
  },
  "ʿ-H-D": {
    "meaning": "covenant / treaty / agreement",
    "contexts": [
      "CIH 556",
      "diplomatic agreements",
      "formal pacts"
    ],
    "cognates": [
      "Hebrew בְּרִית",
      "Arabic عهد"
    ]
  },
  "Q-Ḍ-Y": {
    "meaning": "judge / arbiter / decision-maker",
    "contexts": [
      "CIS 567",
      "judicial titles",
      "legal authority"
    ],
    "cognates": [
      "Hebrew שֹׁפֵט",
      "Arabic قاضي"
    ]
  },
  "Š-H-D": {
    "meaning": "witness / testimony / evidence",
    "contexts": [
      "CIH 445",
      "legal proceedings",
      "attestation"
    ],
    "cognates": [
      "Hebrew עֵד",
      "Arabic شاهد"
    ]
  },
  "K-D-B": {
    "meaning": "lie / falsehood / deception",
    "contexts": [
      "CIS 445",
      "moral contexts",
      "truthfulness contrast"
    ],
    "cognates": [
      "Hebrew כָּזָב",
      "Arabic كذب"
    ]
  },
  "X-W-N": {
    "meaning": "betrayal / treachery / breach",
    "contexts": [
      "RES 3856",
      "conflict contexts",
      "broken trust"
    ],
    "cognates": [
      "Hebrew בֶּגֶד",
      "Arabic خيانة"
    ]
  },
  "Ḥ-B-B": {
    "meaning": "love / affection / devotion",
    "contexts": [
      "CIS 567",
      "emotional contexts",
      "divine love"
    ],
    "cognates": [
      "Hebrew אַהֲבָה",
      "Arabic حب"
    ]
  },
  "B-G-Ḍ": {
    "meaning": "hate / enmity / hostility",
    "contexts": [
      "CIH 445",
      "conflict contexts",
      "opposition"
    ],
    "cognates": [
      "Hebrew שִׂנְאָה",
      "Arabic بغض"
    ]
  },
  "F-R-Ḥ": {
    "meaning": "joy / celebration / gladness",
    "contexts": [
      "RES 4156",
      "festive contexts",
      "ceremonial joy"
    ],
    "cognates": [
      "Hebrew שִׂמְחָה",
      "Arabic فرح"
    ]
  },
  "Ḥ-Z-N": {
    "meaning": "sorrow / grief / mourning",
    "contexts": [
      "CIS 445",
      "mourning contexts",
      "lamentation"
    ],
    "cognates": [
      "Hebrew עֶצֶב",
      "Arabic حزن"
    ]
  },
  "X-W-F": {
    "meaning": "fear / dread / reverence",
    "contexts": [
      "CIH 556",
      "emotional responses",
      "divine awe"
    ],
    "cognates": [
      "Hebrew יִרְאָה",
      "Arabic خوف"
    ]
  },
  "R-J-ʾ": {
    "meaning": "hope / expectation / anticipation",
    "contexts": [
      "CIS 567",
      "future aspirations",
      "divine hope"
    ],
    "cognates": [
      "Hebrew תִּקְוָה",
      "Arabic رجاء"
    ]
  },
  "Y-ʾ-S": {
    "meaning": "despair / hopelessness / abandonment",
    "contexts": [
      "CIH 445",
      "emotional distress",
      "loss of hope"
    ],
    "cognates": [
      "Hebrew יֵאוּש",
      "Arabic يأس"
    ]
  },
  "Ṣ-B-R": {
    "meaning": "patience / endurance / perseverance",
    "contexts": [
      "RES 4221",
      "virtue contexts",
      "steadfastness"
    ],
    "cognates": [
      "Hebrew סַבְלָנוּת",
      "Arabic صبر"
    ]
  },
  "ʿ-J-L": {
    "meaning": "haste / urgency / speed",
    "contexts": [
      "CIS 445",
      "temporal urgency",
      "swift action"
    ],
    "cognates": [
      "Hebrew מְהִירוּת",
      "Arabic عجل"
    ]
  },
  "Q-W-Y": {
    "meaning": "strength / power / might",
    "contexts": [
      "CIH 378",
      "power contexts",
      "divine strength"
    ],
    "cognates": [
      "Hebrew כֹּחַ",
      "Arabic قوة"
    ]
  },
  "Ḍ-ʿ-F": {
    "meaning": "weakness / frailty / vulnerability",
    "contexts": [
      "RES 3856",
      "human limitation",
      "need for help"
    ],
    "cognates": [
      "Hebrew חֻלְשָׁה",
      "Arabic ضعف"
    ]
  },
  "Ġ-N-Y": {
    "meaning": "wealth / riches / abundance",
    "contexts": [
      "CIS 567",
      "prosperity contexts",
      "material blessing"
    ],
    "cognates": [
      "Hebrew עֹשֶׁר",
      "Arabic غنى"
    ]
  },
  "F-Q-R": {
    "meaning": "poverty / need / lack",
    "contexts": [
      "CIH 445",
      "economic hardship",
      "material want"
    ],
    "cognates": [
      "Hebrew עֹנִי",
      "Arabic فقر"
    ]
  },
  "K-R-M": {
    "meaning": "honor / dignity / nobility",
    "contexts": [
      "RES 4156",
      "social status",
      "respectability"
    ],
    "cognates": [
      "Hebrew כָּבוֹד",
      "Arabic كرم"
    ]
  },
  "H-W-N": {
    "meaning": "shame / disgrace / humiliation",
    "contexts": [
      "CIS 445",
      "social dishonor",
      "loss of status"
    ],
    "cognates": [
      "Hebrew בֹּשֶׁת",
      "Arabic هوان"
    ]
  },
  "ʿ-D-L": {
    "meaning": "justice / fairness / equity",
    "contexts": [
      "CIH 556",
      "judicial contexts",
      "moral righteousness"
    ],
    "cognates": [
      "Hebrew צֶדֶק",
      "Arabic عدل"
    ]
  },

  "T-W-B": {
    "meaning": "repentance / return / restoration",
    "contexts": [
      "CIS 567",
      "spiritual renewal",
      "moral correction"
    ],
    "cognates": [
      "Hebrew תְּשׁוּבָה",
      "Arabic توبة"
    ]
  },
  "X-Ṭ-ʾ": {
    "meaning": "sin / error / transgression",
    "contexts": [
      "CIH 445",
      "moral failure",
      "religious offense"
    ],
    "cognates": [
      "Hebrew חֵטְא",
      "Arabic خطأ"
    ]
  },
  "Ṭ-H-R": {
    "meaning": "purity / cleanliness / sanctification",
    "contexts": [
      "RES 4221",
      "ritual purity",
      "moral cleanliness"
    ],
    "cognates": [
      "Hebrew טָהֳרָה",
      "Arabic طهارة"
    ]
  },
  "N-J-S": {
    "meaning": "impurity / defilement / contamination",
    "contexts": [
      "CIS 445",
      "ritual impurity",
      "moral corruption"
    ],
    "cognates": [
      "Hebrew טֻמְאָה",
      "Arabic نجاسة"
    ]
  },
  "Q-D-S": {
    "meaning": "holiness / sanctity / consecration",
    "contexts": [
      "CIH 378",
      "sacred contexts",
      "divine holiness"
    ],
    "cognates": [
      "Hebrew קְדֻשָּׁה",
      "Arabic قداسة"
    ]
  },
  "Ḥ-L-L": {
    "meaning": "profane / common / secular",
    "contexts": [
      "RES 3856",
      "non-sacred contexts",
      "ordinary use"
    ],
    "cognates": [
      "Hebrew חֹל",
      "Arabic حلال"
    ]
  },
  "Ṣ-W-M": {
    "meaning": "fast / abstinence / self-denial",
    "contexts": [
      "CIS 567",
      "ritual practices",
      "spiritual discipline"
    ],
    "cognates": [
      "Hebrew צוֹם",
      "Arabic صوم"
    ]
  },
  "ʾ-F-Ṭ-R": {
    "meaning": "breaking fast / eating / celebration",
    "contexts": [
      "CIH 445",
      "feast contexts",
      "ritual meals"
    ],
    "cognates": [
      "Hebrew אֲכִילָה",
      "Arabic إفطار"
    ]
  },
  "Ṣ-L-Y": {
    "meaning": "prayer / worship / devotion",
    "contexts": [
      "RES 4156",
      "religious practice",
      "spiritual communication"
    ],
    "cognates": [
      "Hebrew תְּפִלָּה",
      "Arabic صلاة"
    ]
  },
  "D-ʿ-W": {
    "meaning": "supplication / petition / appeal",
    "contexts": [
      "CIS 445",
      "prayer contexts",
      "divine requests"
    ],
    "cognates": [
      "Hebrew תַּחֲנוּן",
      "Arabic دعاء"
    ]
  },
  "Ḥ-M-D": {
    "meaning": "praise / thanksgiving / gratitude",
    "contexts": [
      "CIH 556",
      "worship contexts",
      "divine appreciation"
    ],
    "cognates": [
      "Hebrew תְּהִלָּה",
      "Arabic حمد"
    ]
  },
  "S-B-Ḥ": {
    "meaning": "glorification / exaltation / magnification",
    "contexts": [
      "RES 3967",
      "worship formulas",
      "divine praise"
    ],
    "cognates": [
      "Hebrew הַלֵּל",
      "Arabic تسبيح"
    ]
  },
  "K-F-R": {
    "meaning": "denial / rejection / ingratitude",
    "contexts": [
      "CIS 567",
      "opposition contexts",
      "divine rejection"
    ],
    "cognates": [
      "Hebrew כָּפַר",
      "Arabic كفر"
    ]
  },
  "Š-K-R": {
    "meaning": "gratitude / appreciation / acknowledgment",
    "contexts": [
      "CIH 445",
      "thanksgiving contexts",
      "recognition of favor"
    ],
    "cognates": [
      "Hebrew תּוֹדָה",
      "Arabic شكر"
    ]
  }
}
