lemma,transliteration,english_gloss,part_of_speech,morphology,grammatical_case,number,gender,tense_aspect,voice,notes,source_inscription,unicode_sequence
# Core Royal Vocabulary - Attested in Achaemenid Inscriptions
xšāyaθiya,xšāyaθiya,king,noun,nominative,nominative,singular,masculine,,,royal title - most frequent word,DB XP DNa,𐎧𐏁𐎠𐎹𐎰𐎡𐎹
xšāyaθiyahya,xšāyaθiyahya,of the king,noun,genitive,genitive,singular,masculine,,,genitive form of king,DB XP,𐎧𐏁𐎠𐎹𐎰𐎡𐎹𐏃𐎹
xšāyaθiyam,xšāyaθiyam,king (acc),noun,accusative,accusative,singular,masculine,,,accusative form of king,DNa,𐎧𐏁𐎠𐎹𐎰𐎡𐎹𐎶
xšāyaθiyānām,xšāyaθiyānām,of the kings,noun,genitive,genitive,plural,masculine,,,genitive plural of king,XP,𐎧𐏁𐎠𐎹𐎰𐎡𐎹𐎠𐎴𐎠𐎶

# Divine and Religious Terms
baga,baga,god,noun,nominative,nominative,singular,masculine,,,divine title,DB XP DNa,𐎲𐎦
bagahya,bagahya,of god,noun,genitive,genitive,singular,masculine,,,genitive of god,DB,𐎲𐎦𐏃𐎹
bagām,bagām,god (acc),noun,accusative,accusative,singular,masculine,,,accusative of god,DNa,𐎲𐎦𐎠𐎶
ahuramazdā,ahuramazdā,Ahura Mazda,noun,nominative,nominative,singular,masculine,,,supreme deity,DB XP DNa DSe,𐎠𐏃𐎢𐎼𐎶𐏀𐎭𐎠
ahuramazdāha,ahuramazdāha,of Ahura Mazda,noun,genitive,genitive,singular,masculine,,,genitive of Ahura Mazda,DB,𐎠𐏃𐎢𐎼𐎶𐏀𐎭𐎠𐏃

# Concepts of Truth and Order
arta,arta,truth/order,noun,nominative,nominative,singular,neuter,,,cosmic principle,DB DNa,𐎠𐎼𐎫
artahya,artahya,of truth,noun,genitive,genitive,singular,neuter,,,genitive of truth,DB,𐎠𐎼𐎫𐏃𐎹
artam,artam,truth (acc),noun,accusative,accusative,singular,neuter,,,accusative of truth,DB,𐎠𐎼𐎫𐎶
vahišta,vahišta,best/greatest,adjective,nominative,nominative,singular,neuter,,,superlative adjective,DNa,𐎺𐏃𐎡𐏁𐎫
drauga,drauga,lie/falsehood,noun,nominative,nominative,singular,feminine,,,opposite of truth,DB,𐎭𐎼𐎢𐎦

# Geographic and Political Terms  
dahyu,dahyu,country/province,noun,nominative,nominative,singular,feminine,,,administrative unit,DB XP A2,𐎭𐏃𐎹𐎢
dahyāva,dahyāva,countries,noun,nominative,nominative,plural,feminine,,,nominative plural,XP,𐎭𐏃𐎹𐎠𐎺
dahyunām,dahyunām,of countries,noun,genitive,genitive,plural,feminine,,,genitive plural,A2,𐎭𐏃𐎹𐎢𐎴𐎠𐎶
pārsa,pārsa,Persia/Persian,noun,nominative,nominative,singular,masculine,,,ethnic/geographic name,DB XP,𐎱𐎠𐎼𐎿
māda,māda,Media/Mede,noun,nominative,nominative,singular,masculine,,,ethnic name,DB,𐎶𐎠𐎭

# Family and Royal Relations
puça,puça,son,noun,nominative,nominative,singular,masculine,,,family relation,XP A2,𐎱𐎢𐏂
puçahya,puçahya,of the son,noun,genitive,genitive,singular,masculine,,,genitive of son,A2,𐎱𐎢𐏂𐏃𐎹
piça,piça,father,noun,nominative,nominative,singular,masculine,,,family relation,DB XP,𐎱𐎡𐏂
piçahya,piçahya,of the father,noun,genitive,genitive,singular,masculine,,,genitive of father,DB,𐎱𐎡𐏂𐏃𐎹
brātar,brātar,brother,noun,nominative,nominative,singular,masculine,,,family relation,XP,𐎲𐎼𐎠𐎫𐎼

# Verbs - Core Actions
karta,karta,made/did,verb,past,,,,,active,3rd singular past of kar-,DB XP DNa,𐎣𐎼𐎫
akunauš,akunauš,he made,verb,past,,,,,active,3rd singular past of ku-,DB,𐎠𐎤𐎢𐎴𐎢𐏁
dīda,dīda,saw,verb,past,,,,,active,3rd singular past of dī-,DNa,𐎭𐎡𐎭
āha,āha,said/spoke,verb,past,,,,,active,3rd singular past of ah-,DB,𐎠𐏃
abara,abara,brought/carried,verb,past,,,,,active,3rd singular past of bar-,A2,𐎠𐎲𐎼

# Pronouns and Demonstratives
adam,adam,I,pronoun,nominative,nominative,singular,masculine,,,1st person nominoun,DB XP DNa,𐎠𐎭𐎶
manā,manā,my/mine,pronoun,genitive,genitive,singular,masculine,,,1st person genitive,DB,𐎶𐎴𐎠
tuvam,tuvam,you,pronoun,nominative,nominative,singular,masculine,,,2nd person nominative,rare,𐎫𐎢𐎺𐎶
hya,hya,who/which,pronoun,relative,nominative,singular,masculine,,,relative pronoun,DB XP,𐏃𐎹
ima,ima,this,pronoun,demonstrative,nominative,singular,masculine,,,near demonstrative,DB,𐎡𐎶

# Body Parts and Physical Concepts
dasta,dasta,hand,noun,nominative,nominative,singular,feminine,,,body part,DNa,𐎭𐎿𐎫
gōša,gōša,ear,noun,nominative,nominative,singular,neuter,,,body part,DNa,𐎥𐎺𐏁
pāda,pāda,foot,noun,nominative,nominative,singular,masculine,,,body part,DNa,𐎱𐎠𐎭
čašman,čašman,eye,noun,nominative,nominative,singular,neuter,,,body part,DNa,𐎨𐏁𐎶𐎴

# Military and Power Terms
kāra,kāra,army/host,noun,nominative,nominative,singular,feminine,,,military term,XP,𐎣𐎠𐎼
spāda,spāda,army,noun,nominative,nominative,singular,feminine,,,military force,XP,𐎿𐎱𐎠𐎭
vazraka,vazraka,great/large,adjective,nominative,nominative,singular,masculine,,,size adjective,DB XP,𐎺𐏀𐎼𐎣
martiya,martiya,man/person,noun,nominative,nominative,singular,masculine,,,human being,DB,𐎶𐎼𐎫𐎡𐎹

# Colors and Materials
aθanga,aθanga,stone,noun,nominative,nominative,singular,neuter,,,material,DNa,𐎠𐎰𐎦
dranga,dranga,long,adjective,nominative,nominative,singular,masculine,,,length adjective,rare,𐎭𐎼𐎦

# Time and Temporal Concepts
māha,māha,month,noun,nominative,nominative,singular,masculine,,,time unit,PF,𐎶𐎠𐏃
duvitīyam,duvitīyam,second,numeral,accusative,accusative,singular,neuter,,,ordinal number,A2,𐎯𐎢𐎺𐎡𐎫𐎡𐎹𐎶

# Numbers (Basic)
aiva,aiva,one,numeral,nominative,nominative,singular,masculine,,,cardinal number,rare,𐎠𐎡𐎺
duva,duva,two,numeral,nominative,nominative,dual,masculine,,,cardinal number,rare,𐎯𐎢𐎺
θraya,θraya,three,numeral,nominative,nominative,plural,masculine,,,cardinal number,rare,𐎰𐎼𐎹

# Abstract Concepts
xšaθra,xšaθra,rule/dominion,noun,nominative,nominative,singular,neuter,,,abstract concept,DB,𐎧𐏁𐎰𐎼
vašna,vašna,will/desire,noun,nominative,nominative,singular,feminine,,,abstract concept,DB,𐎺𐏁𐎴
upastām,upastām,reverence,noun,accusative,accusative,singular,feminine,,,religious concept,DNa,𐎢𐎱𐎿𐎫𐎠𐎶

# Ethnic and Geographic Names (Major)
bābirauš,bābirauš,Babylonia,noun,nominative,nominative,singular,masculine,,,geographic name,DB,𐎲𐎠𐎲𐎡𐎼𐎢𐏁
miça,miça,Egypt,noun,nominative,nominative,singular,masculine,,,geographic name,DB,𐎷𐏀
yaunā,yaunā,Ionia/Greeks,noun,nominative,nominative,singular,masculine,,,ethnic name,DB,𐎹𐎢𐎴𐎠
harahuvatiš,harahuvatiš,Arachosia,noun,nominative,nominative,singular,feminine,,,geographic name,DB,𐏃𐎼𐎷𐎺𐎫𐎡𐏁
baxtrāiš,baxtrāiš,Bactria,noun,nominative,nominative,singular,feminine,,,geographic name,DB,𐎲𐎧𐎫𐎼𐎠𐎡𐏁
gāndhārā,gāndhārā,Gandhara,noun,nominative,nominative,singular,feminine,,,geographic name,DB,𐎥𐎠𐎭𐎠𐎼

# Common Verbs (Additional)
aja,aja,drove/led,verb,past,,,,,active,3rd singular past of aj-,DB,𐎠𐎥
avaja,avaja,killed,verb,past,,,,,active,3rd singular past of vaj-,DB,𐎠𐎺𐎥
aθāya,aθāya,placed,verb,past,,,,,active,3rd singular past of thā-,DB,𐎠𐎰𐎠𐎹
agarbāya,agarbāya,seized,verb,past,,,,,active,3rd singular past of grab-,DB,𐎠𐎥𐎼𐎲𐎠𐎹

# Adjectives and Qualities
naiy,naiy,not,adverb,,,,,,,,negation particle,DB XP,𐎴𐎡𐎹
utā,utā,and,conjunction,,,,,,,,coordinating conjunction,DB XP,𐎢𐎫𐎠
yadiy,yadiy,if,conjunction,,,,,,,,conditional particle,DB,𐎹𐎭𐎡𐎹

# Building and Construction
apadāna,apadāna,palace hall,noun,nominative,nominative,singular,neuter,,,architectural term,XP,𐎠𐎱𐎭𐎠𐎴
stūnā,stūnā,column,noun,nominative,nominative,singular,feminine,,,architectural element,XP,𐎿𐎫𐎢𐎴𐎠

# Legal and Administrative
framānā,framānā,command/order,noun,nominative,nominative,singular,feminine,,,legal term,PF,𐎳𐎼𐎶𐎠𐎴
patiš,patiš,against,preposition,,,,,,,,spatial/temporal relation,DB,𐎱𐎫𐎡𐏁

# Animals (Attested)
aspa,aspa,horse,noun,nominative,nominative,singular,masculine,,,domestic animal,rare,𐎠𐎿𐎱
gāu,gāu,cow/cattle,noun,nominative,nominative,singular,feminine,,,domestic animal,rare,𐎥𐎠𐎢

# Natural Elements
kāša,kāša,wood/forest,noun,nominative,nominative,singular,neuter,,,natural material,rare,𐎣𐎠𐏁
āb,āb,water,noun,nominative,nominative,singular,neuter,,,natural element,rare,𐎠𐎲

# Additional Royal Epithets
dahyupati,dahyupati,satrap,noun,nominative,nominative,singular,masculine,,,provincial governor,rare,𐎭𐏃𐎹𐎢𐎱𐎫𐎡
xšāyaθiya vahyazdata,xšāyaθiya vahyazdata,king by the grace of god,phrase,nominative,nominative,singular,masculine,,,royal formula,DNa,𐎧𐏁𐎠𐎹𐎰𐎡𐎹 𐎺𐏃𐎹𐏀𐎭𐎫

# Logograms (Sumerograms/Akkadograms used in Old Persian)
# These require special handling as they represent concepts but use non-phonetic signs
DAHYU,dahyu,country,logogram,logogram,,,,,,logogram for country,various,𐏐𐎭𐏃𐎹𐎢
BAGHA,baga,god,logogram,logogram,,,,,,logogram for god,various,𐏐𐎲𐎦
