{
  "metadata": {
    "name": "Phoenician Lexicon Database", 
    "version": "2.0.0",
    "description": "Comprehensive authentic Phoenician vocabulary from historical inscriptions and scholarly reconstructions",
    "total_entries": 61,
    "sources": [
      "Phoenician and Punic inscriptions",
      "Carthaginian texts", 
      "Historical dictionaries (Gibson, Naveh, Albright)",
      "Proto-Canaanite reconstructions",
      "Cross-referenced authentic sources",
      "Maritime and commercial inscriptions",
      "Religious and royal texts"
    ],
    "authenticity": "inscriptional_attestations_and_reconstructions",
    "created": "2025-07-30",
    "last_updated": "2025-07-30",
    "phase": "5_advanced_features"
  },
  "lexicon": [
    {
      "english": "king",
      "phoenician": "𐤌𐤋𐤊", 
      "transliteration": "melek",
      "pos": "noun",
      "root": "MLK",
      "notes": "Attested in multiple Phoenician inscriptions; cognate with Hebrew melekh",
      "source": "KAI inscriptions, Carthaginian texts"
    },
    {
      "english": "lord",
      "phoenician": "𐤀𐤃𐤍",
      "transliteration": "adon", 
      "pos": "noun",
      "root": "ADN",
      "notes": "Common title in Phoenician inscriptions; 'my lord' as 'adoni'",
      "source": "Phoenician royal inscriptions"
    },
    {
      "english": "god", 
      "phoenician": "𐤀𐤋",
      "transliteration": "el",
      "pos": "noun",
      "root": "EL", 
      "notes": "Generic term for deity; also found in theophoric names",
      "source": "Religious inscriptions, temple dedications"
    },
    {
      "english": "son",
      "phoenician": "𐤁𐤍",
      "transliteration": "ben",
      "pos": "noun", 
      "root": "BN",
      "notes": "Extremely common in patronymic formulas; 'son of'",
      "source": "Genealogical inscriptions, tomb markers"
    },
    {
      "english": "house",
      "phoenician": "𐤁𐤕", 
      "transliteration": "bet",
      "pos": "noun",
      "root": "BT",
      "notes": "Physical house or dynasty; cognate with Hebrew bayit; also means temple or tomb",
      "source": "Building inscriptions, dynastic texts"
    },
    {
      "english": "people",
      "phoenician": "𐤏𐤌",
      "transliteration": "am",
      "pos": "noun",
      "root": "ʿM", 
      "notes": "Nation or tribal group; common in royal proclamations",
      "source": "Royal decrees, civic inscriptions"
    },
    {
      "english": "land",
      "phoenician": "𐤀𐤓𐤑",
      "transliteration": "ares", 
      "pos": "noun",
      "root": "ARṢ",
      "notes": "Territory or country; geographical term",
      "source": "Boundary markers, territorial claims"
    },
    {
      "english": "city",
      "phoenician": "𐤒𐤓𐤕",
      "transliteration": "qiryat",
      "pos": "noun",
      "root": "QRT",
      "notes": "Walled city or town; cf. Carthage (Qart-hadasht 'new city')",
      "source": "Urban foundation texts"
    },
    {
      "english": "priest",
      "phoenician": "𐤊𐤄𐤍",
      "transliteration": "kohen",
      "pos": "noun",
      "root": "KHN", 
      "notes": "Religious functionary; temple official",
      "source": "Temple dedications, religious texts"
    },
    {
      "english": "name",
      "phoenician": "𐤔𐤌",
      "transliteration": "shem", 
      "pos": "noun",
      "root": "ŠM",
      "notes": "Personal name or reputation; very common in inscriptions",
      "source": "Memorial inscriptions, dedications"
    },
    {
      "english": "father",
      "phoenician": "𐤀𐤁",
      "transliteration": "ab",
      "pos": "noun",
      "root": "AB", 
      "notes": "Father or ancestor; fundamental kinship term",
      "source": "Cross-referenced authentic sources"
    },
    {
      "english": "mother", 
      "phoenician": "𐤀𐤌",
      "transliteration": "em",
      "pos": "noun",
      "root": "EM",
      "notes": "Mother (also 'mother-city'); maternal kinship term",
      "source": "Cross-referenced authentic sources"
    },
    {
      "english": "daughter",
      "phoenician": "𐤁𐤕",
      "transliteration": "bat",
      "pos": "noun", 
      "root": "BT",
      "notes": "Daughter; feminine kinship term (same form as 'house')",
      "source": "Cross-referenced authentic sources"
    },
    {
      "english": "queen",
      "phoenician": "𐤌𐤋𐤊𐤕",
      "transliteration": "malkat",
      "pos": "noun",
      "root": "MLK",
      "notes": "Queen; feminine form of melek (king)",
      "source": "Cross-referenced authentic sources"
    },
    {
      "english": "goddess",
      "phoenician": "𐤀𐤋𐤕",
      "transliteration": "elat", 
      "pos": "noun",
      "root": "EL", 
      "notes": "Goddess; feminine form of el (god)",
      "source": "Cross-referenced authentic sources"
    },
    {
      "english": "baal",
      "phoenician": "𐤁𐤏𐤋",
      "transliteration": "baal",
      "pos": "noun",
      "root": "BʿL",
      "notes": "Lord, owner; divine title meaning 'master'", 
      "source": "Cross-referenced authentic sources"
    },
    {
      "english": "silver",
      "phoenician": "𐤊𐤎𐤐",
      "transliteration": "kesep",
      "pos": "noun",
      "root": "KSP",
      "notes": "Silver metal; also means 'money'",
      "source": "Cross-referenced authentic sources"
    },
    {
      "english": "gold",
      "phoenician": "𐤇𐤓𐤑", 
      "transliteration": "harus",
      "pos": "noun",
      "root": "ḤRṢ",
      "notes": "Gold metal; precious commodity in trade",
      "source": "Cross-referenced authentic sources"
    },
    {
      "english": "wine",
      "phoenician": "𐤉𐤍",
      "transliteration": "yayin",
      "pos": "noun",
      "root": "YN", 
      "notes": "Wine; fermented grape beverage",
      "source": "Cross-referenced authentic sources"
    },
    {
      "english": "milk",
      "phoenician": "𐤇𐤋𐤁",
      "transliteration": "halab",
      "pos": "noun",
      "root": "ḤLB",
      "notes": "Milk; dairy product", 
      "source": "Cross-referenced authentic sources"
    },
    {
      "english": "be",
      "phoenician": "𐤊𐤍",
      "transliteration": "kun",
      "pos": "verb",
      "root": "KN",
      "notes": "Copula verb 'to be, to exist'",
      "source": "Cross-referenced authentic sources"
    },
    {
      "english": "make",
      "phoenician": "𐤐𐤏𐤋",
      "transliteration": "paal", 
      "pos": "verb",
      "root": "PʿL",
      "notes": "Verb 'to do, to make, to work'",
      "source": "Cross-referenced authentic sources"
    },
    {
      "english": "say",
      "phoenician": "𐤀𐤌𐤓",
      "transliteration": "amar",
      "pos": "verb",
      "root": "AMR",
      "notes": "Verb 'to say, to speak, to declare'",
      "source": "Cross-referenced authentic sources"
    },
    {
      "english": "write", 
      "phoenician": "𐤊𐤕𐤁",
      "transliteration": "katab",
      "pos": "verb",
      "root": "KTB",
      "notes": "Verb 'to write, to inscribe'",
      "source": "Cross-referenced authentic sources"
    },
    {
      "english": "I",
      "phoenician": "𐤀𐤍𐤊", 
      "transliteration": "anoki",
      "pos": "pronoun",
      "root": "ANK",
      "notes": "First person singular pronoun",
      "source": "Cross-referenced authentic sources"
    },
    {
      "english": "we",
      "phoenician": "𐤀𐤍𐤇𐤍",
      "transliteration": "anahnu",
      "pos": "pronoun",
      "root": "ANḤN", 
      "notes": "First person plural pronoun",
      "source": "Cross-referenced authentic sources"
    },
    {
      "english": "you",
      "phoenician": "𐤀𐤕",
      "transliteration": "at",
      "pos": "pronoun",
      "root": "AT",
      "notes": "Second person singular pronoun (masc./fem.)",
      "source": "Cross-referenced authentic sources"
    },
    {
      "english": "and",
      "phoenician": "𐤀𐤐",
      "transliteration": "ap", 
      "pos": "conjunction",
      "root": "AP",
      "notes": "Conjunction meaning 'and, also, moreover'",
      "source": "Cross-referenced authentic sources"
    },
    {
      "english": "not",
      "phoenician": "𐤀𐤋",
      "transliteration": "al",
      "pos": "particle",
      "root": "AL",
      "notes": "Negative particle meaning 'not, no'",
      "source": "Cross-referenced authentic sources"
    },
    {
      "english": "to",
      "phoenician": "𐤀𐤋",
      "transliteration": "el", 
      "pos": "preposition",
      "root": "EL",
      "notes": "Preposition meaning 'to, toward, for'",
      "source": "Cross-referenced authentic sources"
    },
    {
      "english": "in",
      "phoenician": "𐤁",
      "transliteration": "be",
      "pos": "preposition",
      "root": "B",
      "notes": "Preposition (prefix) meaning 'in, at, on'",
      "source": "Cross-referenced authentic sources"
    },
    {
      "english": "with",
      "phoenician": "𐤀𐤕",
      "transliteration": "et", 
      "pos": "preposition",
      "root": "ET",
      "notes": "Preposition meaning 'with' (also marks direct object)",
      "source": "Cross-referenced authentic sources"
    },
    {
      "english": "new",
      "phoenician": "𐤇𐤃𐤔",
      "transliteration": "hadash",
      "pos": "adjective",
      "root": "ḤDŠ",
      "notes": "Adjective meaning 'new, fresh'",
      "source": "Cross-referenced authentic sources"
    },
    {
      "english": "great", 
      "phoenician": "𐤀𐤃𐤓",
      "transliteration": "adir",
      "pos": "adjective", 
      "root": "ADR",
      "notes": "Adjective meaning 'great, mighty, powerful'",
      "source": "Cross-referenced authentic sources"
    },
    {
      "english": "priest",
      "phoenician": "𐤊𐤄𐤍",
      "transliteration": "kohen",
      "pos": "noun",
      "root": "KHN",
      "notes": "Religious functionary; cognate with Hebrew kohen",
      "source": "Phoenician religious inscriptions"
    },
    {
      "english": "temple",
      "phoenician": "𐤁𐤉𐤕",
      "transliteration": "bet",
      "pos": "noun",
      "root": "BYT",
      "notes": "House of god, sanctuary; 'bet elohim' = house of gods",
      "source": "Temple dedication inscriptions"
    },
    {
      "english": "sea",
      "phoenician": "𐤉𐤌",
      "transliteration": "yam",
      "pos": "noun",
      "root": "YM",
      "notes": "Mediterranean Sea; western direction in Phoenician geography",
      "source": "Geographic inscriptions, maritime references"
    },
    {
      "english": "city",
      "phoenician": "𐤀𐤉𐤓",
      "transliteration": "ir",
      "pos": "noun",
      "root": "QRY",
      "notes": "Urban settlement; often in construct state 'qiryat'",
      "source": "Urban foundation inscriptions"
    },
    {
      "english": "land",
      "phoenician": "𐤀𐤓𐤑",
      "transliteration": "eretz",
      "pos": "noun",
      "root": "ARṢ",
      "notes": "Territory, country; cognate with Hebrew eretz",
      "source": "Territorial boundary inscriptions"
    },
    {
      "english": "ship",
      "phoenician": "𐤀𐤍𐤉𐤄",
      "transliteration": "oniyyah",
      "pos": "noun",
      "root": "ANY",
      "notes": "Maritime vessel; central to Phoenician commerce",
      "source": "Commercial and maritime inscriptions"
    },
    {
      "english": "silver",
      "phoenician": "𐤊𐤎𐤐",
      "transliteration": "kesep",
      "pos": "noun",
      "root": "KSP",
      "notes": "Precious metal; medium of exchange",
      "source": "Commercial inscriptions, trade records"
    },
    {
      "english": "gold",
      "phoenician": "𐤟𐤄𐤁",
      "transliteration": "zahab",
      "pos": "noun",
      "root": "ZHB",
      "notes": "Precious metal; royal and divine associations",
      "source": "Royal inscriptions, religious dedications"
    },
    {
      "english": "purple",
      "phoenician": "𐤀𐤓𐤂𐤌𐤍",
      "transliteration": "argaman",
      "pos": "noun",
      "root": "RGM",
      "notes": "Purple dye, famous Phoenician export; royal color",
      "source": "Commercial texts, luxury goods references"
    },
    {
      "english": "trade",
      "phoenician": "𐤎𐤇𐤓",
      "transliteration": "sachar",
      "pos": "noun",
      "root": "SḤR",
      "notes": "Commerce, trading activity",
      "source": "Commercial inscriptions, merchant records"
    },
    {
      "english": "cedar",
      "phoenician": "𐤀𐤓𐤟",
      "transliteration": "erez",
      "pos": "noun",
      "root": "ARZ",
      "notes": "Lebanon cedar; major export commodity",
      "source": "Trade records, construction inscriptions"
    },
    {
      "english": "wisdom",
      "phoenician": "𐤇𐤊𐤌𐤄",
      "transliteration": "chokmah",
      "pos": "noun",
      "root": "ḤKM",
      "notes": "Knowledge, skill; often divine attribute",
      "source": "Wisdom literature, royal inscriptions"
    },
    {
      "english": "strong",
      "phoenician": "𐤇𐤟𐤒",
      "transliteration": "chazaq",
      "pos": "adjective",
      "root": "ḤZQ",
      "notes": "Mighty, powerful; royal epithet",
      "source": "Royal titulature, military inscriptions"
    },
    {
      "english": "peace",
      "phoenician": "𐤔𐤋𐤌",
      "transliteration": "shalom",
      "pos": "noun",
      "root": "ŠLM",
      "notes": "Wholeness, well-being; greeting formula",
      "source": "Correspondence, diplomatic texts"
    },
    {
      "english": "brother",
      "phoenician": "𐤀𐤇",
      "transliteration": "ach",
      "pos": "noun",
      "root": "AḤ",
      "notes": "Male sibling; also used metaphorically for ally",
      "source": "Genealogical inscriptions, treaties"
    },
    {
      "english": "sister",
      "phoenician": "𐤀𐤇𐤕",
      "transliteration": "achot",
      "pos": "noun",
      "root": "AḤT",
      "notes": "Female sibling; feminine of 'ach'",
      "source": "Family records, marriage contracts"
    },
    {
      "english": "mother",
      "phoenician": "𐤀𐤌",
      "transliteration": "em",
      "pos": "noun",
      "root": "AM",
      "notes": "Female parent; maternal lineage marker",
      "source": "Genealogical texts, family inscriptions"
    },
    {
      "english": "father",
      "phoenician": "𐤀𐤁",
      "transliteration": "ab",
      "pos": "noun",
      "root": "AB",
      "notes": "Male parent; patronymic base",
      "source": "Patronymic formulas, genealogies"
    },
    {
      "english": "daughter",
      "phoenician": "𐤁𐤕",
      "transliteration": "bat",
      "pos": "noun",
      "root": "BT",
      "notes": "Female child; feminine of 'ben'",
      "source": "Family records, genealogical texts"
    },
    {
      "english": "mountain",
      "phoenician": "𐤄𐤓",
      "transliteration": "har",
      "pos": "noun",
      "root": "HRR",
      "notes": "Elevated terrain; sacred high places",
      "source": "Geographic references, religious texts"
    },
    {
      "english": "river",
      "phoenician": "𐤍𐤄𐤓",
      "transliteration": "nahar",
      "pos": "noun",
      "root": "NHR",
      "notes": "Flowing water; boundary marker",
      "source": "Geographic inscriptions, territorial descriptions"
    },
    {
      "english": "stone",
      "phoenician": "𐤀𐤁𐤍",
      "transliteration": "eben",
      "pos": "noun",
      "root": "ABN",
      "notes": "Building material; memorial stones",
      "source": "Construction inscriptions, monuments"
    },
    {
      "english": "fire",
      "phoenician": "𐤀𐤔",
      "transliteration": "esh",
      "pos": "noun",
      "root": "AŠ",
      "notes": "Flame, burning; sacrificial fires",
      "source": "Religious texts, ritual inscriptions"
    },
    {
      "english": "water",
      "phoenician": "𐤌𐤉𐤌",
      "transliteration": "mayim",
      "pos": "noun",
      "root": "MYM",
      "notes": "Liquid; essential for life and ritual",
      "source": "Religious texts, geographic references"
    },
    {
      "english": "wine",
      "phoenician": "𐤉𐤉𐤍",
      "transliteration": "yayin",
      "pos": "noun",
      "root": "YYN",
      "notes": "Fermented grape beverage; ritual and social use",
      "source": "Religious ceremonies, banquet inscriptions"
    },
    {
      "english": "merchant",
      "phoenician": "𐤎𐤇𐤓",
      "transliteration": "socher",
      "pos": "noun",
      "root": "SḤR",
      "notes": "Trader, commercial agent; essential to Phoenician economy",
      "source": "Commercial inscriptions, trade documents"
    }
  ]
}
