{
  "script_phase": "Proto-Elamite",
  "metadata": {
    "version": "1.0",
    "last_updated": "2025-08-04",
    "period": "c. 3200-2900 BCE",
    "status": "largely_undeciphered",
    "total_signs": "approximately 400+",
    "sources": [
      "Damerow & Englund: Proto-Elamite Texts from Tepe Yahya",
      "Meriggi: La scrittura proto-elamica",
      "Potts: The Archaeology of Elam",
      "Englund: Administrative Archives from the Elamite Highlands"
    ]
  },
  "archaeological_context": {
    "primary_sites": {
      "Susa": {
        "tablet_count": "1500+",
        "periods": ["Susa I", "Susa II"],
        "content_types": ["administrative", "accounting"]
      },
      "Tepe_Yahya": {
        "tablet_count": "27",
        "periods": ["IVC period"],
        "content_types": ["administrative"]
      },
      "Malyan": {
        "tablet_count": "few fragments",
        "periods": ["Banesh period"],
        "content_types": ["administrative"]
      }
    },
    "tablet_material": "clay",
    "writing_technique": "impressed_with_stylus",
    "typical_size": "small_administrative_tablets"
  },
  "script_characteristics": {
    "writing_system": "logo-syllabic",
    "sign_types": {
      "numerical": {
        "description": "counting_systems_partially_understood",
        "confidence": 0.8,
        "examples": ["unit_marks", "decimal_multiples"]
      },
      "commodity": {
        "description": "goods_and_products_represented",
        "confidence": 0.6,
        "examples": ["animals", "vessels", "textiles"]
      },
      "abstract": {
        "description": "administrative_and_abstract_concepts",
        "confidence": 0.3,
        "examples": ["unknown_administrative_terms"]
      }
    },
    "sign_complexity": {
      "simple_signs": "basic_geometric_shapes",
      "complex_signs": "composite_pictographic_elements",
      "sign_variants": "multiple_forms_per_concept"
    }
  },
  "known_sign_categories": {
    "numerical_signs": {
      "N1": {
        "form": "●",
        "value": "1",
        "confidence": 0.95,
        "notes": "basic_unit"
      },
      "N10": {
        "form": "◐",
        "value": "10", 
        "confidence": 0.90,
        "notes": "decimal_multiple"
      },
      "N100": {
        "form": "○",
        "value": "100",
        "confidence": 0.85,
        "notes": "higher_decimal"
      }
    },
    "commodity_signs": {
      "M57": {
        "form": "𒀸",
        "meaning": "sheep/goat",
        "confidence": 0.70,
        "notes": "animal_husbandry_context"
      },
      "M388": {
        "form": "𒁹",
        "meaning": "barley/grain",
        "confidence": 0.65,
        "notes": "agricultural_context"
      },
      "M4": {
        "form": "𒂊",
        "meaning": "textile/garment",
        "confidence": 0.60,
        "notes": "craft_production"
      }
    },
    "undeciphered_frequent": {
      "M1": {
        "form": "𒀀",
        "meaning": "[[UNKNOWN]]",
        "confidence": 0.0,
        "frequency": "very_high",
        "notes": "appears_in_many_contexts"
      },
      "M23": {
        "form": "𒁀",
        "meaning": "[[UNKNOWN]]",
        "confidence": 0.0,
        "frequency": "high",
        "notes": "possible_administrative_term"
      }
    }
  },
  "writing_conventions": {
    "direction": "variable_left_to_right_or_boustrophedon",
    "line_arrangement": "horizontal_registers",
    "sign_spacing": "compact_administrative_layout",
    "text_organization": "tabular_accounting_format"
  },
  "decipherment_challenges": {
    "language_unknown": "no_bilingual_texts_available",
    "limited_context": "mostly_administrative_accounting",
    "sign_variants": "multiple_forms_same_meaning",
    "temporal_span": "script_evolution_within_period",
    "preservation": "many_tablets_fragmentary"
  },
  "research_status": {
    "numerical_system": "partially_understood",
    "commodity_identification": "tentative_progress",
    "grammatical_structure": "unknown",
    "phonetic_values": "purely_speculative",
    "administrative_procedures": "partially_reconstructed"
  },
  "sample_tablet_analysis": {
    "tablet_id": "Susa_XVII_example",
    "content": "M1 N10 M57 N1 M388 N100",
    "interpretation": "[[UNKNOWN]] 10 sheep/goat 1 grain 100",
    "confidence": 0.4,
    "notes": "typical_administrative_accounting_format"
  }
}
