{
  "metadata": {
    "version": "1.0.0",
    "created": "2025-07-12",
    "author": "Lackadaisical Security 2025 – https://lackadaisical-security.com",
    "license": "CC-BY-NC-SA 4.0",
    "description": "Younger Futhark rune mapping (16-character set)",
    "unicode_range": "U+16A0-U+16FF"
  },
  "rune_mapping": {
    "a": "ᛅ",
    "b": "ᛒ",
    "d": "ᛏ",
    "e": "ᛅ",
    "f": "ᚠ",
    "g": "ᚴ",
    "h": "ᚼ",
    "i": "ᛁ",
    "j": "ᛅ",
    "k": "ᚴ",
    "l": "ᛚ",
    "m": "ᛘ",
    "n": "ᚾ",
    "o": "ᚢ",
    "p": "ᛒ",
    "r": "ᚱ",
    "s": "ᛋ",
    "t": "ᛏ",
    "u": "ᚢ",
    "v": "ᚢ",
    "w": "ᚢ",
    "y": "ᚢ",
    "z": "ᛋ"
  },
  "digraphs": {
    "th": "ᚦ",
    "ng": "ᚴ",
    "ks": "ᛋ"
  },
  "reverse_mapping": {
    "ᛅ": "a",
    "ᛒ": "b",
    "ᛏ": "t",
    "ᚠ": "f",
    "ᚴ": "k",
    "ᚼ": "h",
    "ᛁ": "i",
    "ᛚ": "l",
    "ᛘ": "m",
    "ᚾ": "n",
    "ᚢ": "u",
    "ᚱ": "r",
    "ᛋ": "s",
    "ᚦ": "th"
  },
  "special_rules": {
    "double_consonants": "collapse",
    "final_r": "preserve",
    "word_separator": "᛫"
  }
}
