{
  "metadata": {
    "title": "Proto-Sinaitic Semitic Root Database",
    "compiler": "Lackadaisical Security 2025",
    "methodology": "Comparative reconstruction using Akkadian-Hebrew-Arabic triangulation",
    "attestation_levels": {
      "high": "Directly attested in Proto-Sinaitic inscriptions",
      "medium": "Reconstructed from comparative Semitic evidence",
      "low": "Speculative based on phonological patterns"
    },
    "sources": [
      "Albright, W.F. (1966). The Proto-Sinaitic Inscriptions and their Decipherment",
      "Sass, B. (1988). The Genesis of the Alphabet and its Development in the Second Millennium B.C.",
      "Hamilton, G.J. (2006). The Origins of the West Semitic Alphabet in Egyptian Scripts"
    ]
  },
  "roots": {
    "ʾ-B-L": {
      "proto_sinaitic": "𐤀𐤁𐤋",
      "phonetic": "/ʾ-a-b-a-l/",
      "meaning": "strength, power, mighty",
      "english_gloss": "strong, mighty, powerful",
      "attestation": "medium",
      "cognates": {
        "akkadian": "abālu (to be strong)",
        "hebrew": "אבל (to mourn, be strong)",
        "arabic": "أبل (to be vigorous)"
      },
      "semantic_field": "physical_strength",
      "inscription_context": "Serabit el-Khadim - possibly divine epithet"
    },
    "B-ʿ-L": {
      "proto_sinaitic": "𐤁𐤏𐤋",
      "phonetic": "/b-a-ʿ-a-l/",
      "meaning": "lord, master, owner",
      "english_gloss": "lord, master, Baal",
      "attestation": "high",
      "cognates": {
        "akkadian": "bēlu (lord, master)",
        "hebrew": "בעל (Baal, master, husband)",
        "arabic": "بعل (husband, master)"
      },
      "semantic_field": "authority_divinity",
      "inscription_context": "Serabit el-Khadim Sinai 345 - theophoric element"
    },
    "ʾ-L": {
      "proto_sinaitic": "𐤀𐤋",
      "phonetic": "/ʾ-i-l/",
      "meaning": "god, divine power",
      "english_gloss": "god, El, divine",
      "attestation": "high",
      "cognates": {
        "akkadian": "ilu (god)",
        "hebrew": "אל (God, El)",
        "arabic": "إله (god)"
      },
      "semantic_field": "divinity",
      "inscription_context": "Serabit el-Khadim - theophoric names"
    },
    "M-L-K": {
      "proto_sinaitic": "𐤌𐤋𐤊",
      "phonetic": "/m-a-l-i-k/",
      "meaning": "king, rule, reign",
      "english_gloss": "king, ruler, reign",
      "attestation": "medium",
      "cognates": {
        "akkadian": "malku (king, prince)",
        "hebrew": "מלך (king, to reign)",
        "arabic": "ملك (king, to possess)"
      },
      "semantic_field": "authority_political",
      "inscription_context": "Wadi el-Hol - possible royal reference"
    },
    "ʿ-B-D": {
      "proto_sinaitic": "𐤏𐤁𐤃",
      "phonetic": "/ʿ-a-b-a-d/",
      "meaning": "servant, worshipper, work",
      "english_gloss": "servant, slave, worshipper",
      "attestation": "medium",
      "cognates": {
        "akkadian": "abdu (servant)",
        "hebrew": "עבד (servant, to work)",
        "arabic": "عبد (servant, slave)"
      },
      "semantic_field": "social_religious",
      "inscription_context": "Serabit el-Khadim - theophoric names"
    },
    "R-B": {
      "proto_sinaitic": "𐤓𐤁",
      "phonetic": "/r-a-b/",
      "meaning": "great, chief, master",
      "english_gloss": "great, chief, lord",
      "attestation": "medium",
      "cognates": {
        "akkadian": "rabû (great, chief)",
        "hebrew": "רב (great, master, rabbi)",
        "arabic": "رب (lord, master)"
      },
      "semantic_field": "authority_magnitude",
      "inscription_context": "Serabit el-Khadim - possible titles"
    },
    "Š-M": {
      "proto_sinaitic": "𐤔𐤌",
      "phonetic": "/š-i-m/",
      "meaning": "name, reputation",
      "english_gloss": "name, renown",
      "attestation": "high",
      "cognates": {
        "akkadian": "šumu (name)",
        "hebrew": "שם (name)",
        "arabic": "اسم (name)"
      },
      "semantic_field": "identity_reputation",
      "inscription_context": "Serabit el-Khadim Sinai 357 - personal names"
    },
    "Q-D-Š": {
      "proto_sinaitic": "𐤒𐤃𐤔",
      "phonetic": "/q-a-d-a-š/",
      "meaning": "holy, sacred, consecrated",
      "english_gloss": "holy, sacred, saint",
      "attestation": "medium",
      "cognates": {
        "akkadian": "qadāšu (to be holy)",
        "hebrew": "קדש (holy, sacred)",
        "arabic": "قدس (holy, sacred)"
      },
      "semantic_field": "religious_sacred",
      "inscription_context": "Serabit el-Khadim - religious contexts"
    },
    "Y-D": {
      "proto_sinaitic": "𐤉𐤃",
      "phonetic": "/y-a-d/",
      "meaning": "hand, power, monument",
      "english_gloss": "hand, power, memorial",
      "attestation": "high",
      "cognates": {
        "akkadian": "idu (hand, side)",
        "hebrew": "יד (hand, power)",
        "arabic": "يد (hand)"
      },
      "semantic_field": "body_power",
      "inscription_context": "Serabit el-Khadim - votive contexts"
    },
    "N-T-N": {
      "proto_sinaitic": "𐤍𐤕𐤍",
      "phonetic": "/n-a-t-a-n/",
      "meaning": "give, grant, place",
      "english_gloss": "give, grant, offer",
      "attestation": "medium",
      "cognates": {
        "akkadian": "nadānu (to give)",
        "hebrew": "נתן (to give, Nathan)",
        "arabic": "ندن (to be moist, give)"
      },
      "semantic_field": "transaction_offering",
      "inscription_context": "Serabit el-Khadim - votive offerings"
    },
    "Ḥ-T-R": {
      "proto_sinaitic": "𐤇𐤕𐤓",
      "phonetic": "/ḥ-a-t-a-r/",
      "meaning": "Hathor, divine cow",
      "english_gloss": "Hathor, goddess",
      "attestation": "high",
      "cognates": {
        "egyptian": "ḥwt-ḥr (House of Horus/Hathor)",
        "hebrew": "חתר (to row, dig)",
        "arabic": "حتر (to be excited)"
      },
      "semantic_field": "divinity_egyptian",
      "inscription_context": "Serabit el-Khadim - dedicated to Hathor"
    },
    "ʾ-Ḥ-T": {
      "proto_sinaitic": "𐤀𐤇𐤕",
      "phonetic": "/ʾ-a-ḥ-a-t/",
      "meaning": "sister, female relative",
      "english_gloss": "sister, kinswoman",
      "attestation": "medium",
      "cognates": {
        "akkadian": "aḫātu (sister)",
        "hebrew": "אחות (sister)",
        "arabic": "أخت (sister)"
      },
      "semantic_field": "kinship_female",
      "inscription_context": "Serabit el-Khadim - family references"
    },
    "B-N": {
      "proto_sinaitic": "𐤁𐤍",
      "phonetic": "/b-i-n/",
      "meaning": "son, descendant",
      "english_gloss": "son, child, descendant",
      "attestation": "high",
      "cognates": {
        "akkadian": "binu (son, child)",
        "hebrew": "בן (son, Ben-)",
        "arabic": "ابن (son, Ibn)"
      },
      "semantic_field": "kinship_male",
      "inscription_context": "Serabit el-Khadim - patronymic names"
    },
    "ʾ-B": {
      "proto_sinaitic": "𐤀𐤁",
      "phonetic": "/ʾ-a-b/",
      "meaning": "father, ancestor",
      "english_gloss": "father, ancestor, Ab-",
      "attestation": "high",
      "cognates": {
        "akkadian": "abu (father)",
        "hebrew": "אב (father, Ab-)",
        "arabic": "أب (father, Abu)"
      },
      "semantic_field": "kinship_male",
      "inscription_context": "Serabit el-Khadim - theophoric names"
    },
    "Ṣ-R": {
      "proto_sinaitic": "𐤑𐤓",
      "phonetic": "/ṣ-u-r/",
      "meaning": "rock, mountain, fortress",
      "english_gloss": "rock, stone, fortress",
      "attestation": "medium",
      "cognates": {
        "akkadian": "ṣūru (rock, cliff)",
        "hebrew": "צור (rock, Tyre)",
        "arabic": "صخر (rock, stone)"
      },
      "semantic_field": "geography_strength",
      "inscription_context": "Serabit el-Khadim - geographical references"
    },
    "M-Y-M": {
      "proto_sinaitic": "𐤌𐤉𐤌",
      "phonetic": "/m-a-y-i-m/",
      "meaning": "water, waters",
      "english_gloss": "water, waters, sea",
      "attestation": "medium",
      "cognates": {
        "akkadian": "mû (water)",
        "hebrew": "מים (water, waters)",
        "arabic": "ماء (water)"
      },
      "semantic_field": "natural_elements",
      "inscription_context": "Wadi el-Hol - environmental references"
    },
    "Š-M-Š": {
      "proto_sinaitic": "𐤔𐤌𐤔",
      "phonetic": "/š-a-m-a-š/",
      "meaning": "sun, solar deity",
      "english_gloss": "sun, solar, bright",
      "attestation": "medium",
      "cognates": {
        "akkadian": "šamšu (sun)",
        "hebrew": "שמש (sun, to serve)",
        "arabic": "شمس (sun)"
      },
      "semantic_field": "celestial_divinity",
      "inscription_context": "Serabit el-Khadim - possible solar worship"
    },
    "L-B-N": {
      "proto_sinaitic": "𐤋𐤁𐤍",
      "phonetic": "/l-a-b-a-n/",
      "meaning": "white, pure, Lebanon",
      "english_gloss": "white, pure, bright",
      "attestation": "low",
      "cognates": {
        "akkadian": "labānu (to be white)",
        "hebrew": "לבן (white, Lebanon)",
        "arabic": "لبن (milk, white)"
      },
      "semantic_field": "color_purity",
      "inscription_context": "Speculative - possible color terms"
    },
    "K-H-N": {
      "proto_sinaitic": "𐤊𐤄𐤍",
      "phonetic": "/k-a-h-a-n/",
      "meaning": "priest, minister",
      "english_gloss": "priest, minister, cohen",
      "attestation": "medium",
      "cognates": {
        "akkadian": "kāhinu (priest)",
        "hebrew": "כהן (priest, cohen)",
        "arabic": "كاهن (priest, soothsayer)"
      },
      "semantic_field": "religious_office",
      "inscription_context": "Serabit el-Khadim - religious personnel"
    },
    "N-B-ʾ": {
      "proto_sinaitic": "𐤍𐤁𐤀",
      "phonetic": "/n-a-b-i-ʾ/",
      "meaning": "prophet, spokesman",
      "english_gloss": "prophet, speaker, oracle",
      "attestation": "low",
      "cognates": {
        "akkadian": "nabû (to call, name)",
        "hebrew": "נביא (prophet)",
        "arabic": "نبي (prophet)"
      },
      "semantic_field": "religious_communication",
      "inscription_context": "Speculative - religious contexts"
    }
  }
}
