[
  {"sign": "𒀀", "name": "A", "values": ["a", "water"]},
  {"sign": "𒂊", "name": "E", "values": ["e"]},
  {"sign": "𒄿", "name": "I", "values": ["i"]},
  {"sign": "𒌑", "name": "U", "values": ["u"]},
  {"sign": "𒌋", "name": "U₂", "values": ["u", "10", "2"]},
  
  {"sign": "𒀊", "name": "AB", "values": ["ab", "ap"]},
  {"sign": "𒀜", "name": "AD", "values": ["ad", "at"]},
  {"sign": "𒀠", "name": "AL", "values": ["al"]},
  {"sign": "𒀸", "name": "AŠ", "values": ["aš", "1"]},
  {"sign": "𒁀", "name": "BA", "values": ["ba", "pa"]},
  {"sign": "𒁁", "name": "BE", "values": ["be", "pe"]},
  {"sign": "𒁉", "name": "BI", "values": ["bi", "pe"]},
  {"sign": "𒁍", "name": "BU", "values": ["bu", "pu"]},
  {"sign": "𒁕", "name": "DA", "values": ["da", "ta"]},
  {"sign": "𒁹", "name": "DI", "values": ["di", "ti"]},
  {"sign": "𒁺", "name": "DU", "values": ["du", "tu"]},
  {"sign": "𒂗", "name": "EN", "values": ["en", "lord"]},
  {"sign": "𒃲", "name": "GAL", "values": ["gal", "great"]},
  {"sign": "𒄖", "name": "GU", "values": ["gu", "ku"]},
  {"sign": "𒄩", "name": "ḪA", "values": ["ḫa"]},
  {"sign": "𒄯", "name": "ḪE", "values": ["ḫe"]},
  {"sign": "𒄰", "name": "ḪI", "values": ["ḫi"]},
  {"sign": "𒅅", "name": "IN", "values": ["in"]},
  {"sign": "𒅈", "name": "IR", "values": ["ir", "er"]},
  {"sign": "𒅆", "name": "IM", "values": ["im", "1000"]},
  {"sign": "𒅗", "name": "KA", "values": ["ka", "mouth"]},
  {"sign": "𒅠", "name": "KAL", "values": ["kal"]},
  {"sign": "𒆍", "name": "KI", "values": ["ki", "earth"]},
  {"sign": "𒆪", "name": "KU", "values": ["ku", "qu"]},
  {"sign": "𒆷", "name": "LA", "values": ["la"]},
  {"sign": "𒇷", "name": "LI", "values": ["li"]},
  {"sign": "𒇻", "name": "LU", "values": ["lu", "man"]},
  {"sign": "𒈠", "name": "MA", "values": ["ma"]},
  {"sign": "𒈨", "name": "ME", "values": ["me"]},
  {"sign": "𒈪", "name": "MI", "values": ["mi"]},
  {"sign": "𒈬", "name": "MU", "values": ["mu", "name"]},
  {"sign": "𒈾", "name": "NA", "values": ["na"]},
  {"sign": "𒉆", "name": "NE", "values": ["ne"]},
  {"sign": "𒉌", "name": "NI", "values": ["ni"]},
  {"sign": "𒉡", "name": "NU", "values": ["nu"]},
  {"sign": "𒉺", "name": "PA", "values": ["pa"]},
  {"sign": "𒉿", "name": "PI", "values": ["pi", "pe", "wa", "we", "wi", "wu"]},
  {"sign": "𒊍", "name": "QA", "values": ["qa"]},
  {"sign": "𒊏", "name": "RA", "values": ["ra"]},
  {"sign": "𒊑", "name": "RI", "values": ["ri", "re"]},
  {"sign": "𒊒", "name": "RU", "values": ["ru"]},
  {"sign": "𒊓", "name": "SA", "values": ["sa"]},
  {"sign": "𒊭", "name": "ŠA", "values": ["ša"]},
  {"sign": "𒊮", "name": "ŠE", "values": ["še"]},
  {"sign": "𒋗", "name": "ŠU", "values": ["šu", "hand"]},
  {"sign": "𒋛", "name": "SI", "values": ["si"]},
  {"sign": "𒋢", "name": "SU", "values": ["su"]},
  {"sign": "𒋫", "name": "TA", "values": ["ta", "da"]},
  {"sign": "𒋾", "name": "TE", "values": ["te"]},
  {"sign": "𒋳", "name": "TI", "values": ["ti", "di"]},
  {"sign": "𒌀", "name": "TU", "values": ["tu", "du"]},
  {"sign": "𒌓", "name": "UD", "values": ["ud", "day", "sun"]},
  {"sign": "𒌝", "name": "UM", "values": ["um"]},
  {"sign": "𒌨", "name": "UR", "values": ["ur"]},
  {"sign": "𒍑", "name": "UŠ", "values": ["uš"]},
  {"sign": "𒍣", "name": "ZI", "values": ["zi"]},
  {"sign": "𒍪", "name": "ZU", "values": ["zu"]},
  
  {"sign": "𒀭", "name": "DINGIR", "values": ["an", "god", "heaven"]},
  {"sign": "𒂍", "name": "É", "values": ["é", "house", "temple"]},
  {"sign": "𒄑", "name": "GIŠ", "values": ["giš", "wood", "tree"]},
  {"sign": "𒅆", "name": "IM", "values": ["im", "clay", "wind"]},
  {"sign": "𒆠", "name": "KI", "values": ["ki", "place", "earth"]},
  {"sign": "𒈗", "name": "LUGAL", "values": ["lugal", "king"]},
  {"sign": "𒊩", "name": "MUNUS", "values": ["munus", "woman"]},
  {"sign": "𒍣", "name": "ZI", "values": ["zi", "life", "soul"]},
  
  {"sign": "𒐕", "name": "1", "values": ["1", "one"]},
  {"sign": "𒌋", "name": "2", "values": ["2", "two"]},
  {"sign": "𒌍", "name": "3", "values": ["3", "three"]},
  {"sign": "𒐊", "name": "4", "values": ["4", "four"]},
  {"sign": "𒐋", "name": "5", "values": ["5", "five"]},
  {"sign": "𒐌", "name": "6", "values": ["6", "six"]},
  {"sign": "𒐍", "name": "7", "values": ["7", "seven"]},
  {"sign": "𒐎", "name": "8", "values": ["8", "eight"]},
  {"sign": "𒐏", "name": "9", "values": ["9", "nine"]},
  {"sign": "𒌋𒌋", "name": "10", "values": ["10", "ten"]},
  {"sign": "𒈨", "name": "100", "values": ["100", "hundred"]},
  {"sign": "𒅆", "name": "1000", "values": ["1000", "thousand"]},
  
  {"sign": "𒁾", "name": "DUB", "values": ["dub", "tablet"]},
  {"sign": "𒊬", "name": "SAR", "values": ["sar", "write"]},
  {"sign": "𒊕", "name": "SAG", "values": ["sag", "head"]},
  {"sign": "𒋚", "name": "GÌR", "values": ["gìr", "foot"]},
  {"sign": "𒄿", "name": "IGI", "values": ["igi", "eye"]},
  {"sign": "𒊭", "name": "ŠÀ", "values": ["šà", "heart", "interior"]},
  
  {"sign": "𒀠", "name": "GU₄", "values": ["gu₄", "ox", "bull"]},
  {"sign": "𒇇", "name": "UDU", "values": ["udu", "sheep"]},
  {"sign": "𒀀", "name": "ANŠE", "values": ["anše", "donkey"]},
  {"sign": "𒉣", "name": "KU₆", "values": ["ku₆", "fish"]},
  {"sign": "𒄄", "name": "MUŠEN", "values": ["mušen", "bird"]},
  
  {"sign": "𒋽", "name": "KÙ", "values": ["kù", "silver", "pure"]},
  {"sign": "𒈾", "name": "NA₄", "values": ["na₄", "stone"]},
  {"sign": "𒌑", "name": "URUDU", "values": ["urudu", "copper"]},
  {"sign": "𒀭", "name": "AN.BAR", "values": ["an.bar", "iron"]},
  
  {"sign": "𒊺", "name": "ŠE", "values": ["še", "barley", "grain"]},
  {"sign": "𒉌", "name": "NINDA", "values": ["ninda", "bread"]},
  {"sign": "𒄿", "name": "Ì", "values": ["ì", "oil"]},
  {"sign": "𒅗", "name": "KAŠ", "values": ["kaš", "beer"]},
  {"sign": "𒀀", "name": "A", "values": ["a", "water"]},
  
  {"sign": "𒌓", "name": "UTU", "values": ["utu", "sun", "day"]},
  {"sign": "𒀭", "name": "NANNA", "values": ["nanna", "moon"]},
  {"sign": "𒀭", "name": "INANNA", "values": ["inanna", "venus"]},
  {"sign": "𒀭", "name": "ENLIL", "values": ["enlil", "wind god"]},
  {"sign": "𒂗", "name": "ENKI", "values": ["enki", "water god"]},
  
  {"sign": "𒌗", "name": "ITI", "values": ["iti", "month"]},
  {"sign": "𒌓", "name": "UD", "values": ["ud", "day"]},
  {"sign": "𒈬", "name": "MU", "values": ["mu", "year"]},
  
  {"sign": "𒊭", "name": "ŠAR", "values": ["šar", "all", "totality"]},
  {"sign": "𒉿", "name": "NU", "values": ["nu", "not", "no"]},
  {"sign": "𒌅", "name": "TUR", "values": ["tur", "small", "young"]},
  {"sign": "𒃲", "name": "GAL", "values": ["gal", "big", "great"]},
  
  {"sign": "𒁇", "name": "ÌR", "values": ["ìr", "slave", "servant"]},
  {"sign": "𒂗", "name": "EN", "values": ["en", "lord", "master"]},
  {"sign": "𒀀", "name": "DUMU", "values": ["dumu", "son", "child"]},
  {"sign": "𒀭", "name": "AMA", "values": ["ama", "mother"]},
  {"sign": "𒀀", "name": "ABA", "values": ["aba", "father"]},
  
  {"sign": "𒁾", "name": "DUB.SAR", "values": ["dub.sar", "scribe"]},
  {"sign": "𒂍", "name": "É.GAL", "values": ["é.gal", "palace"]},
  {"sign": "𒀀", "name": "A.ZU", "values": ["a.zu", "physician"]},
  {"sign": "𒀀", "name": "DAM.GÀR", "values": ["dam.gàr", "merchant"]},
  {"sign": "𒀭", "name": "SANGA", "values": ["sanga", "priest"]},
  {"sign": "𒁲", "name": "DI.KUD", "values": ["di.kud", "judge"]},
  {"sign": "𒌨", "name": "SIPA", "values": ["sipa", "shepherd"]},
  {"sign": "𒀀", "name": "ENGAR", "values": ["engar", "farmer"]},
  
  {"sign": "𒄿", "name": "GIŠ.TUKUL", "values": ["giš.tukul", "weapon"]},
  {"sign": "𒄿", "name": "GIŠ.BAN", "values": ["giš.ban", "bow"]},
  {"sign": "𒄿", "name": "GIŠ.GAG", "values": ["giš.gag", "arrow"]},
  {"sign": "𒄿", "name": "GIŠ.MÁ", "values": ["giš.má", "ship", "boat"]},
  
  {"sign": "𒋢", "name": "TÚG", "values": ["túg", "clothing", "garment"]},
  {"sign": "𒀀", "name": "A.ŠÀ", "values": ["a.šà", "field"]},
  {"sign": "𒄿", "name": "KIRI₆", "values": ["kiri₆", "garden", "orchard"]},
  {"sign": "𒍑", "name": "GE₆", "values": ["ge₆", "night", "black"]},
  {"sign": "𒌓", "name": "ZALAG", "values": ["zalag", "bright", "light"]},
  
  {"sign": "𒆳", "name": "KUR", "values": ["kur", "mountain", "land"]},
  {"sign": "𒀀", "name": "A.AB.BA", "values": ["a.ab.ba", "sea"]},
  {"sign": "𒈾", "name": "ÍD", "values": ["íd", "river"]},
  {"sign": "𒄿", "name": "IZI", "values": ["izi", "fire"]},
  {"sign": "𒅎", "name": "IM", "values": ["im", "wind", "storm"]}
]
