{
  "metadata": {
    "version": "1.1.0",
    "description": "Comprehensive Meroitic Sign Mapping Database - Production Grade",
    "last_updated": "2025-08-09",
    "sources": [
      "Griffith's sign catalog (1911-1924)",
      "Claude Rilly's updated sign list",
      "Fritz Hintze sign studies",
      "Unicode Meroitic blocks U+10980-U+1099F, U+109A0-U+109FF"
    ],
    "total_signs": 35,
    "license": "CC-BY-NC-SA"
  },
  "consonants": {
    "𐦠": {
      "unicode": "U+10980",
      "transliteration": "m",
      "phonetic_value": "/m/",
      "type": "consonant",
      "frequency": 234,
      "certainty": 0.98,
      "notes": "Labial nasal, clearly established",
      "hieroglyphic_equivalent": "𐦀",
      "attestations": ["Universal in corpus"]
    },
    "𐦡": {
      "unicode": "U+10981", 
      "transliteration": "n",
      "phonetic_value": "/n/",
      "type": "consonant",
      "frequency": 187,
      "certainty": 0.97,
      "notes": "Alveolar nasal, well established",
      "hieroglyphic_equivalent": "𐦁",
      "attestations": ["Universal in corpus"]
    },
    "𐦢": {
      "unicode": "U+10982",
      "transliteration": "r",
      "phonetic_value": "/r/",
      "type": "consonant", 
      "frequency": 156,
      "certainty": 0.95,
      "notes": "Liquid, possibly trill or tap",
      "hieroglyphic_equivalent": "𐦂",
      "attestations": ["Common throughout corpus"]
    },
    "𐦣": {
      "unicode": "U+10983",
      "transliteration": "f",
      "phonetic_value": "/f/",
      "type": "consonant",
      "frequency": 89,
      "certainty": 0.92,
      "notes": "Labiodental fricative",
      "hieroglyphic_equivalent": "𐦃",
      "attestations": ["Moderate frequency"]
    },
    "𐦤": {
      "unicode": "U+10984",
      "transliteration": "p",
      "phonetic_value": "/p/",
      "type": "consonant",
      "frequency": 143,
      "certainty": 0.96,
      "notes": "Voiceless bilabial stop",
      "hieroglyphic_equivalent": "𐦄",
      "attestations": ["Common in personal names"]
    },
    "𐦥": {
      "unicode": "U+10985",
      "transliteration": "h",
      "phonetic_value": "/h/",
      "type": "consonant",
      "frequency": 167,
      "certainty": 0.93,
      "notes": "Glottal fricative",
      "hieroglyphic_equivalent": "𐦅",
      "attestations": ["Frequent in all contexts"]
    },
    "𐦦": {
      "unicode": "U+10986",
      "transliteration": "s",
      "phonetic_value": "/s/",
      "type": "consonant",
      "frequency": 201,
      "certainty": 0.97,
      "notes": "Voiceless alveolar fricative",
      "hieroglyphic_equivalent": "𐦆",
      "attestations": ["Very common"]
    },
    "𐦧": {
      "unicode": "U+10987",
      "transliteration": "w",
      "phonetic_value": "/w/",
      "type": "consonant",
      "frequency": 134,
      "certainty": 0.94,
      "notes": "Labial-velar approximant",
      "hieroglyphic_equivalent": "𐦇",
      "attestations": ["Common in verbal forms"]
    },
    "𐦨": {
      "unicode": "U+10988",
      "transliteration": "b",
      "phonetic_value": "/b/",
      "type": "consonant",
      "frequency": 98,
      "certainty": 0.90,
      "notes": "Voiced bilabial stop",
      "hieroglyphic_equivalent": "𐦈",
      "attestations": ["Moderate frequency"]
    },
    "𐦩": {
      "unicode": "U+10989",
      "transliteration": "t",
      "phonetic_value": "/t/",
      "type": "consonant",
      "frequency": 178,
      "certainty": 0.95,
      "notes": "Voiceless alveolar stop",
      "hieroglyphic_equivalent": "𐦉",
      "attestations": ["Very common"]
    },
    "𐦪": {
      "unicode": "U+1098A",
      "transliteration": "d",
      "phonetic_value": "/d/",
      "type": "consonant",
      "frequency": 87,
      "certainty": 0.88,
      "notes": "Voiced alveolar stop",
      "hieroglyphic_equivalent": "𐦊",
      "attestations": ["Moderate frequency"]
    },
    "𐦫": {
      "unicode": "U+1098B",
      "transliteration": "g",
      "phonetic_value": "/g/",
      "type": "consonant",
      "frequency": 76,
      "certainty": 0.85,
      "notes": "Voiced velar stop, uncertain in some contexts",
      "hieroglyphic_equivalent": "𐦋",
      "attestations": ["Less common"]
    },
    "𐦬": {
      "unicode": "U+1098C",
      "transliteration": "k",
      "phonetic_value": "/k/",
      "type": "consonant",
      "frequency": 112,
      "certainty": 0.91,
      "notes": "Voiceless velar stop",
      "hieroglyphic_equivalent": "𐦌",
      "attestations": ["Common in toponyms"]
    },
    "𐦭": {
      "unicode": "U+1098D",
      "transliteration": "q",
      "phonetic_value": "/q/",
      "type": "consonant",
      "frequency": 45,
      "certainty": 0.82,
      "notes": "Uvular stop, mainly in foreign names",
      "hieroglyphic_equivalent": "𐦍",
      "attestations": ["Rare, specific contexts"]
    },
    "𐦮": {
      "unicode": "U+1098E",
      "transliteration": "l",
      "phonetic_value": "/l/",
      "type": "consonant",
      "frequency": 156,
      "certainty": 0.94,
      "notes": "Lateral liquid",
      "hieroglyphic_equivalent": "𐦎",
      "attestations": ["Common in all contexts"]
    },
    "𐦯": {
      "unicode": "U+1098F",
      "transliteration": "y",
      "phonetic_value": "/j/",
      "type": "consonant",
      "frequency": 89,
      "certainty": 0.87,
      "notes": "Palatal approximant",
      "hieroglyphic_equivalent": "𐦏",
      "attestations": ["Moderate frequency"]
    }
  },
  "vowels": {
    "𐦰": {
      "unicode": "U+10990",
      "transliteration": "a",
      "phonetic_value": "/a/",
      "type": "vowel",
      "frequency": 345,
      "certainty": 0.98,
      "notes": "Open central vowel, most common vowel",
      "hieroglyphic_equivalent": "𐦐",
      "attestations": ["Universal in corpus"]
    },
    "𐦱": {
      "unicode": "U+10991",
      "transliteration": "e",
      "phonetic_value": "/e/",
      "type": "vowel",
      "frequency": 234,
      "certainty": 0.95,
      "notes": "Mid front vowel",
      "hieroglyphic_equivalent": "𐦑",
      "attestations": ["Very common"]
    },
    "𐦲": {
      "unicode": "U+10992",
      "transliteration": "i",
      "phonetic_value": "/i/",
      "type": "vowel",
      "frequency": 198,
      "certainty": 0.94,
      "notes": "Close front vowel",
      "hieroglyphic_equivalent": "𐦒",
      "attestations": ["Common"]
    },
    "𐦳": {
      "unicode": "U+10993",
      "transliteration": "o",
      "phonetic_value": "/o/",
      "type": "vowel",
      "frequency": 167,
      "certainty": 0.92,
      "notes": "Mid back vowel",
      "hieroglyphic_equivalent": "𐦓",
      "attestations": ["Common"]
    }
  },
  "determinatives": {
    "𐦸": {
      "unicode": "U+10998",
      "transliteration": ":divine:",
      "semantic_value": "divine/deity",
      "type": "determinative",
      "frequency": 89,
      "certainty": 0.94,
      "notes": "Determinative for divine names and religious concepts",
      "hieroglyphic_equivalent": "𐦘",
      "attestations": ["Used with all deity names"]
    },
    "𐦹": {
      "unicode": "U+10999",
      "transliteration": ":person:",
      "semantic_value": "person/human",
      "type": "determinative",
      "frequency": 156,
      "certainty": 0.96,
      "notes": "Determinative for personal names and human categories",
      "hieroglyphic_equivalent": "𐦙",
      "attestations": ["Universal with personal names"]
    },
    "𐦺": {
      "unicode": "U+1099A",
      "transliteration": ":place:",
      "semantic_value": "place/location",
      "type": "determinative",
      "frequency": 67,
      "certainty": 0.91,
      "notes": "Determinative for geographical locations",
      "hieroglyphic_equivalent": "𐦚",
      "attestations": ["Common with toponyms"]
    }
  },
  "punctuation": {
    "𐦿": {
      "unicode": "U+1099F",
      "transliteration": ":",
      "function": "word_divider",
      "type": "punctuation",
      "frequency": 567,
      "certainty": 0.99,
      "notes": "Word separation mark, consistently used",
      "hieroglyphic_equivalent": "𐦟",
      "attestations": ["Universal in all texts"]
    }
  }
}
