{
  "title": "Canonical Source Citations for Khuzdul Translator",
  "description": "Complete bibliography of Tolkien sources used in lexicon compilation",
  "last_updated": "2025-07-11",
  "license": "Used under fair use for linguistic study",
  "sources": {
    "LOTR-AppF": {
      "full_title": "The Lord of the Rings - Appendix F: The Languages and Peoples of the Third Age",
      "author": "J.R.R. Tolkien",
      "type": "primary",
      "relevance": "Primary source for Dwarvish language notes and attested words",
      "notes": "Contains the battle-cry 'Baruk Khazâd! Khazâd ai-mênu!' and linguistic commentary"
    },
    "LOTR-AppE": {
      "full_title": "The Lord of the Rings - Appendix E: Writing and Spelling",
      "author": "J.R.R. Tolkien", 
      "type": "primary",
      "relevance": "Source for Cirth rune system (Angerthas Moria)",
      "notes": "Contains the complete Cirth table and usage notes"
    },
    "LOTR-AppA": {
      "full_title": "The Lord of the Rings - Appendix A: Annals of the Kings and Rulers",
      "author": "J.R.R. Tolkien",
      "type": "primary", 
      "relevance": "Contains Dwarvish place names and royal names",
      "notes": "Source for historical and geographical Khuzdul terms"
    },
    "PE-17": {
      "full_title": "Parma Eldalamberon 17: Words, Phrases and Passages",
      "editors": "Christopher Gilson, Carl F. Hostetter, Patrick H. Wynne",
      "author": "J.R.R. Tolkien (original manuscripts)",
      "type": "primary",
      "year": "2007",
      "relevance": "Contains Tolkien's linguistic notes on Khuzdul phonology and lexicon",
      "notes": "Most comprehensive source for Khuzdul linguistic analysis"
    },
    "PE-19": {
      "full_title": "Parma Eldalamberon 19: Quenya Phonology and Lexicon",
      "editors": "Christopher Gilson, Carl F. Hostetter, Patrick H. Wynne",
      "author": "J.R.R. Tolkien (original manuscripts)",
      "type": "primary",
      "year": "2010",
      "relevance": "Contains additional Khuzdul comparative notes",
      "notes": "Supplementary material for Dwarvish linguistics"
    },
    "VT-42": {
      "full_title": "Vinyar Tengwar 42",
      "editors": "Carl F. Hostetter",
      "author": "J.R.R. Tolkien (original manuscripts)",
      "type": "primary",
      "year": "2001",
      "relevance": "Phonological and morphological notes on Khuzdul",
      "notes": "Technical linguistic analysis"
    },
    "VT-44": {
      "full_title": "Vinyar Tengwar 44",
      "editors": "Carl F. Hostetter",
      "author": "J.R.R. Tolkien (original manuscripts)",
      "type": "primary", 
      "year": "2002",
      "relevance": "Additional Khuzdul lexical items",
      "notes": "Supplementary vocabulary and analysis"
    },
    "UT": {
      "full_title": "Unfinished Tales of Númenor and Middle-earth",
      "author": "J.R.R. Tolkien",
      "editor": "Christopher Tolkien",
      "type": "primary",
      "relevance": "Contains Khuzdul place names and linguistic notes",
      "notes": "Particularly relevant for geographical terminology"
    },
    "Silmarillion": {
      "full_title": "The Silmarillion",
      "author": "J.R.R. Tolkien",
      "editor": "Christopher Tolkien",
      "type": "primary",
      "relevance": "Contains historical Dwarvish names and terms",
      "notes": "Source for early period Khuzdul elements"
    },
    "HoME-XI": {
      "full_title": "The History of Middle-earth Volume XI: The War of the Jewels",
      "author": "J.R.R. Tolkien",
      "editor": "Christopher Tolkien",
      "type": "primary",
      "relevance": "Contains linguistic notes and Dwarvish etymology",
      "notes": "Background material for language development"
    },
    "HoME-XII": {
      "full_title": "The History of Middle-earth Volume XII: The Peoples of Middle-earth", 
      "author": "J.R.R. Tolkien",
      "editor": "Christopher Tolkien",
      "type": "primary",
      "relevance": "Additional Dwarvish linguistic material",
      "notes": "Ethnological and linguistic background"
    }
  },
  "secondary_sources": {
    "Bjorkman": {
      "full_title": "Khuzdul - A Phonetic Reconstruction",
      "author": "Måns Björkman", 
      "type": "secondary",
      "relevance": "Scholarly analysis used for cross-checking attestation only",
      "notes": "Not used as primary source, only for verification of Tolkien material",
      "url": "http://www.forodrim.org/daeron/md_khuzdul.html"
    }
  },
  "usage_policy": {
    "fair_use": "All Tolkien material used under fair use for academic/linguistic study",
    "attribution": "Full citation required for all lexicon entries",
    "scope": "Limited to attested material only, no expansion or speculation",
    "copyright": "All rights to original works remain with Tolkien Estate"
  }
}
