{
  "$schema": "./lexicon_schema.json",
  "metadata": {
    "version": "1.0",
    "created": "2025-07-11",
    "description": "Starter Khuzdul lexicon with 23 canonical entries from Tolkien sources",
    "license": "CC-BY-NC-SA-4.0",
    "attribution": "Linguistic data derived from J.R.R. Tolkien works under fair use"
  },
  "entries": [
    {
      "token": "Khuzd",
      "gloss": "dwarf (singular)",
      "pos": "noun",
      "root": "K-H-Z",
      "plural": "Khazâd",
      "source": "PE-17",
      "quality": "primary",
      "notes": "Singular form of the racial name",
      "context": "Self-designation of the Dwarf-race",
      "last_updated": "2025-07-11"
    },
    {
      "token": "Khazâd",
      "gloss": "dwarves (plural)",
      "pos": "noun",
      "root": "K-H-Z",
      "source": "LOTR-AppF",
      "quality": "primary",
      "notes": "Broken plural of Khuzd",
      "context": "Battle-cry and racial designation",
      "last_updated": "2025-07-11"
    },
    {
      "token": "baruk",
      "gloss": "axe, axes",
      "pos": "noun",
      "root": "B-R-K",
      "source": "LOTR-AppF",
      "quality": "primary",
      "notes": "Appears in traditional Dwarvish battle-cry",
      "context": "Baruk Khazâd! Khazâd ai-mênu!",
      "last_updated": "2025-07-11"
    },
    {
      "token": "sigin",
      "gloss": "stone",
      "pos": "noun",
      "root": "S-G-N",
      "source": "UT",
      "source_page": "Moria Gate note",
      "quality": "primary",
      "notes": "Basic word for stone",
      "last_updated": "2025-07-11"
    },
    {
      "token": "zigil",
      "gloss": "silver",
      "pos": "noun",
      "root": "Z-G-L",
      "source": "PE-17",
      "quality": "primary",
      "notes": "Precious metal",
      "context": "Zirak-zigil (Celebdil)",
      "last_updated": "2025-07-11"
    },
    {
      "token": "kibil",
      "gloss": "gold",
      "pos": "noun",
      "root": "K-B-L",
      "source": "PE-17",
      "quality": "primary",
      "notes": "Precious metal",
      "last_updated": "2025-07-11"
    },
    {
      "token": "dûm",
      "gloss": "mansion, hall",
      "pos": "noun",
      "root": "D-M",
      "source": "LOTR-AppF",
      "quality": "primary",
      "notes": "Great dwelling place",
      "context": "Khazâd-dûm (Moria)",
      "last_updated": "2025-07-11"
    },
    {
      "token": "felak",
      "gloss": "hewn, carved",
      "pos": "adjective",
      "root": "F-L-K",
      "source": "PE-17",
      "quality": "primary",
      "notes": "Describes worked stone",
      "context": "sigin felak",
      "last_updated": "2025-07-11"
    },
    {
      "token": "ai-mênu",
      "gloss": "upon you",
      "pos": "phrase",
      "source": "LOTR-AppF",
      "quality": "primary",
      "notes": "Directional phrase in battle-cry",
      "context": "Khazâd ai-mênu!",
      "last_updated": "2025-07-11"
    },
    {
      "token": "gabil",
      "gloss": "great",
      "pos": "adjective",
      "root": "G-B-L",
      "source": "LOTR-AppF",
      "quality": "primary",
      "notes": "Adjective of magnitude",
      "context": "Gabil'gathol",
      "last_updated": "2025-07-11"
    },
    {
      "token": "gathol",
      "gloss": "fortress",
      "pos": "noun",
      "root": "G-T-H-L",
      "source": "LOTR-AppF",
      "quality": "primary",
      "notes": "Fortified place",
      "context": "Gabil'gathol (Belegost)",
      "last_updated": "2025-07-11"
    },
    {
      "token": "tumun",
      "gloss": "valley",
      "pos": "noun",
      "root": "T-M-N",
      "source": "LOTR-AppF",
      "quality": "primary",
      "notes": "Geographical feature",
      "context": "Tumunzahar",
      "last_updated": "2025-07-11"
    },
    {
      "token": "zahar",
      "gloss": "red",
      "pos": "adjective",
      "root": "Z-H-R",
      "source": "LOTR-AppF",
      "quality": "primary",
      "notes": "Color adjective",
      "context": "Tumunzahar (Nogrod)",
      "last_updated": "2025-07-11"
    },
    {
      "token": "zirak",
      "gloss": "silver, peak",
      "pos": "noun",
      "root": "Z-R-K",
      "source": "LOTR-AppF",
      "quality": "primary",
      "notes": "Related to zigil, also mountain peak",
      "context": "Zirak-zigil",
      "last_updated": "2025-07-11"
    },
    {
      "token": "shathûr",
      "gloss": "cloudyhead",
      "pos": "noun",
      "source": "LOTR-AppF",
      "quality": "primary",
      "notes": "Mountain name element",
      "context": "Bundushathûr (Cloudyhead)",
      "last_updated": "2025-07-11"
    },
    {
      "token": "bundu",
      "gloss": "head, top",
      "pos": "noun",
      "root": "B-N-D",
      "source": "LOTR-AppF",
      "quality": "primary",
      "notes": "Anatomical/topographical term",
      "context": "Bundushathûr",
      "last_updated": "2025-07-11"
    },
    {
      "token": "nala",
      "gloss": "water",
      "pos": "noun",
      "root": "N-L",
      "source": "PE-17",
      "quality": "secondary",
      "notes": "Basic element",
      "last_updated": "2025-07-11"
    },
    {
      "token": "kheled",
      "gloss": "glass",
      "pos": "noun",
      "root": "K-H-L-D",
      "source": "PE-17",
      "quality": "secondary",
      "notes": "Transparent material",
      "context": "Kheled-zâram",
      "last_updated": "2025-07-11"
    },
    {
      "token": "zâram",
      "gloss": "lake",
      "pos": "noun",
      "root": "Z-R-M",
      "source": "PE-17",
      "quality": "secondary",
      "notes": "Body of water",
      "context": "Kheled-zâram (Mirrormere)",
      "last_updated": "2025-07-11"
    },
    {
      "token": "mazarb",
      "gloss": "records, annals",
      "pos": "noun",
      "root": "M-Z-R-B",
      "source": "LOTR",
      "quality": "primary",
      "notes": "Written records",
      "context": "Mazarbul (Book of Records)",
      "last_updated": "2025-07-11"
    },
    {
      "token": "ul",
      "gloss": "book",
      "pos": "noun",
      "root": "L",
      "source": "LOTR",
      "quality": "primary", 
      "notes": "Written work",
      "context": "Mazarbul",
      "last_updated": "2025-07-11"
    },
    {
      "token": "uzbad",
      "gloss": "king",
      "pos": "noun",
      "root": "Z-B-D",
      "source": "PE-17",
      "quality": "secondary",
      "notes": "Royal title",
      "last_updated": "2025-07-11"
    },
    {
      "token": "azaghâl",
      "gloss": "warrior",
      "pos": "noun",
      "root": "Z-G-H-L",
      "source": "Silmarillion",
      "quality": "primary",
      "notes": "Fighting man, also personal name",
      "context": "King Azaghâl of Belegost",
      "last_updated": "2025-07-11"
    }
  ]
}
