{
  "metadata": {
    "version": "1.0.0",
    "created": "2025-07-29",
    "sources": [
      "Pennsylvania Sumerian Dictionary (PSD)",
      "Borger Mesopotamisches Zeichenlexikon (MZL)",
      "Electronic Text Corpus of Sumerian Literature (ETCSL)",
      "Cuneiform Digital Library Initiative (CDLI)"
    ],
    "license": "CC-BY-NC-SA",
    "total_entries": 50,
    "coverage": "Core vocabulary - Old Babylonian Standard Literary",
    "transliteration_standard": "ASCII-based with subscript numbers"
  },
  "lexicon": [
    {
      "id": "sum_001",
      "cuneiform": "𒀭",
      "transliteration": "an",
      "translation": "god, deity, sky, heaven",
      "pos": "noun",
      "root": "an",
      "period": "Early Dynastic–Neo-Babylonian",
      "source": "PSD-A",
      "frequency": "very_high",
      "borger_code": "013",
      "sign_type": "logogram",
      "notes": "Determinative for divine names when written before god names",
      "phonetic_value": ["an"],
      "logographic_value": ["DINGIR", "AN"],
      "contexts": ["religious", "cosmological", "onomastic"]
    },
    {
      "id": "sum_002", 
      "cuneiform": "𒈗",
      "transliteration": "lugal",
      "translation": "king, ruler",
      "pos": "noun",
      "root": "lugal",
      "period": "Early Dynastic–Neo-Babylonian",
      "source": "PSD-L",
      "frequency": "very_high",
      "borger_code": "151",
      "sign_type": "logogram",
      "notes": "Literally 'big man' (lu₂ + gal)",
      "phonetic_value": ["lu", "gal"],
      "logographic_value": ["LUGAL"],
      "contexts": ["political", "administrative", "royal"]
    },
    {
      "id": "sum_003",
      "cuneiform": "𒌌",
      "transliteration": "utu",
      "translation": "sun, sun god Utu/Shamash",
      "pos": "noun",
      "root": "utu",
      "period": "Early Dynastic–Neo-Babylonian", 
      "source": "PSD-U",
      "frequency": "high",
      "borger_code": "312",
      "sign_type": "logogram",
      "notes": "Solar deity, god of justice",
      "phonetic_value": ["utu", "ud", "babbar"],
      "logographic_value": ["UTU", "UD"],
      "contexts": ["religious", "temporal", "judicial"]
    },
    {
      "id": "sum_004",
      "cuneiform": "𒂗",
      "transliteration": "en",
      "translation": "lord, priest, ruler",
      "pos": "noun", 
      "root": "en",
      "period": "Early Dynastic–Neo-Babylonian",
      "source": "PSD-E",
      "frequency": "very_high",
      "borger_code": "099",
      "sign_type": "logogram",
      "notes": "High priestly title, also secular ruler",
      "phonetic_value": ["en"],
      "logographic_value": ["EN"],
      "contexts": ["religious", "political", "administrative"]
    },
    {
      "id": "sum_005",
      "cuneiform": "𒈾",
      "transliteration": "na",
      "translation": "stone, person",
      "pos": "noun",
      "root": "na",
      "period": "Early Dynastic–Neo-Babylonian",
      "source": "PSD-N", 
      "frequency": "high",
      "borger_code": "240",
      "sign_type": "logogram",
      "notes": "Polysemous: stone/person depending on context",
      "phonetic_value": ["na"],
      "logographic_value": ["NA"],
      "contexts": ["material", "personal"]
    },
    {
      "id": "sum_006",
      "cuneiform": "𒀀",
      "transliteration": "a",
      "translation": "water, watercourse",
      "pos": "noun",
      "root": "a", 
      "period": "Early Dynastic–Neo-Babylonian",
      "source": "PSD-A",
      "frequency": "very_high",
      "borger_code": "001",
      "sign_type": "logogram",
      "notes": "Basic element, also phonetic 'a'",
      "phonetic_value": ["a"],
      "logographic_value": ["A"],
      "contexts": ["natural", "cosmological", "ritual"]
    },
    {
      "id": "sum_007",
      "cuneiform": "𒆠",
      "transliteration": "ki",
      "translation": "earth, place, land",
      "pos": "noun",
      "root": "ki",
      "period": "Early Dynastic–Neo-Babylonian",
      "source": "PSD-K",
      "frequency": "very_high", 
      "borger_code": "737",
      "sign_type": "logogram",
      "notes": "Determinative for place names",
      "phonetic_value": ["ki"],
      "logographic_value": ["KI"],
      "contexts": ["geographical", "cosmological"]
    },
    {
      "id": "sum_008",
      "cuneiform": "𒇽",
      "transliteration": "lu₂",
      "translation": "person, man, human being",
      "pos": "noun",
      "root": "lu",
      "period": "Early Dynastic–Neo-Babylonian",
      "source": "PSD-L",
      "frequency": "very_high",
      "borger_code": "514",
      "sign_type": "logogram",
      "notes": "Generic term for human being",
      "phonetic_value": ["lu"],
      "logographic_value": ["LU₂"],
      "contexts": ["social", "personal", "legal"]
    },
    {
      "id": "sum_009",
      "cuneiform": "𒈬",
      "transliteration": "mu",
      "translation": "year, name",
      "pos": "noun",
      "root": "mu",
      "period": "Early Dynastic–Neo-Babylonian",
      "source": "PSD-M",
      "frequency": "very_high",
      "borger_code": "098",
      "sign_type": "logogram", 
      "notes": "Polysemous: year/name depending on context",
      "phonetic_value": ["mu"],
      "logographic_value": ["MU"],
      "contexts": ["temporal", "onomastic", "administrative"]
    },
    {
      "id": "sum_010",
      "cuneiform": "𒌅",
      "transliteration": "u₄",
      "translation": "day, sun, time, when",
      "pos": "noun",
      "root": "ud",
      "period": "Early Dynastic–Neo-Babylonian",
      "source": "PSD-U",
      "frequency": "very_high",
      "borger_code": "382", 
      "sign_type": "logogram",
      "notes": "Basic temporal unit",
      "phonetic_value": ["ud", "u₄"],
      "logographic_value": ["UD"],
      "contexts": ["temporal", "astronomical"]
    },
    {
      "id": "sum_011",
      "cuneiform": "𒃻",
      "transliteration": "dumu",
      "translation": "child, son, descendant",
      "pos": "noun",
      "root": "dumu", 
      "period": "Early Dynastic–Neo-Babylonian",
      "source": "PSD-D",
      "frequency": "high",
      "borger_code": "208",
      "sign_type": "logogram",
      "notes": "Family relationship term",
      "phonetic_value": ["dumu"],
      "logographic_value": ["DUMU"],
      "contexts": ["familial", "genealogical", "legal"]
    },
    {
      "id": "sum_012",
      "cuneiform": "𒂊",
      "transliteration": "e₂",
      "translation": "house, temple, household",
      "pos": "noun",
      "root": "e",
      "period": "Early Dynastic–Neo-Babylonian",
      "source": "PSD-E",
      "frequency": "very_high",
      "borger_code": "097",
      "sign_type": "logogram",
      "notes": "Architectural and institutional term",
      "phonetic_value": ["e"],
      "logographic_value": ["E₂"],
      "contexts": ["architectural", "institutional", "domestic"]
    },
    {
      "id": "sum_013",
      "cuneiform": "𒄀",
      "transliteration": "gal",
      "translation": "big, great, chief",
      "pos": "adjective",
      "root": "gal",
      "period": "Early Dynastic–Neo-Babylonian",
      "source": "PSD-G",
      "frequency": "very_high",
      "borger_code": "553",
      "sign_type": "logogram",
      "notes": "Size and status adjective",
      "phonetic_value": ["gal"],
      "logographic_value": ["GAL"],
      "contexts": ["descriptive", "hierarchical"]
    },
    {
      "id": "sum_014",
      "cuneiform": "𒌋",
      "transliteration": "tur",
      "translation": "small, young, child",
      "pos": "adjective",
      "root": "tur",
      "period": "Early Dynastic–Neo-Babylonian",
      "source": "PSD-T",
      "frequency": "high",
      "borger_code": "164",
      "sign_type": "logogram",
      "notes": "Size and age adjective",
      "phonetic_value": ["tur"],
      "logographic_value": ["TUR"],
      "contexts": ["descriptive", "familial"]
    },
    {
      "id": "sum_015",
      "cuneiform": "𒀭",
      "transliteration": "dingir",
      "translation": "god, deity",
      "pos": "noun",
      "root": "dingir",
      "period": "Early Dynastic–Neo-Babylonian",
      "source": "PSD-D",
      "frequency": "very_high",
      "borger_code": "013",
      "sign_type": "logogram",
      "notes": "Divine being, also determinative",
      "phonetic_value": ["an"],
      "logographic_value": ["DINGIR"],
      "contexts": ["religious", "divine"]
    },
    {
      "id": "sum_016",
      "cuneiform": "𒊩",
      "transliteration": "munus",
      "translation": "woman, female",
      "pos": "noun",
      "root": "munus",
      "period": "Early Dynastic–Neo-Babylonian",
      "source": "PSD-M",
      "frequency": "high",
      "borger_code": "883",
      "sign_type": "logogram",
      "notes": "Gender marker and noun",
      "phonetic_value": ["munus"],
      "logographic_value": ["MUNUS"],
      "contexts": ["social", "gender"]
    },
    {
      "id": "sum_017",
      "cuneiform": "𒉌",
      "transliteration": "nin",
      "translation": "lady, queen, sister",
      "pos": "noun",
      "root": "nin",
      "period": "Early Dynastic–Neo-Babylonian",
      "source": "PSD-N",
      "frequency": "high",
      "borger_code": "524",
      "sign_type": "logogram",
      "notes": "Female title and kinship term",
      "phonetic_value": ["nin"],
      "logographic_value": ["NIN"],
      "contexts": ["social", "familial", "royal"]
    },
    {
      "id": "sum_018",
      "cuneiform": "𒍮",
      "transliteration": "zu",
      "translation": "to know, wise",
      "pos": "verb",
      "root": "zu",
      "period": "Early Dynastic–Neo-Babylonian",
      "source": "PSD-Z",
      "frequency": "high",
      "borger_code": "388",
      "sign_type": "logogram",
      "notes": "Knowledge and wisdom verb",
      "phonetic_value": ["zu"],
      "logographic_value": ["ZU"],
      "contexts": ["cognitive", "wisdom"]
    },
    {
      "id": "sum_019",
      "cuneiform": "𒀀",
      "transliteration": "a-a",
      "translation": "father",
      "pos": "noun",
      "root": "ab",
      "period": "Early Dynastic–Neo-Babylonian",
      "source": "PSD-A",
      "frequency": "high",
      "borger_code": "001",
      "sign_type": "logogram",
      "notes": "Kinship term, reduplication of A",
      "phonetic_value": ["ab", "a-a"],
      "logographic_value": ["AB"],
      "contexts": ["familial"]
    },
    {
      "id": "sum_020",
      "cuneiform": "𒈠",
      "transliteration": "ma",
      "translation": "to go, leave",
      "pos": "verb",
      "root": "ĝen",
      "period": "Early Dynastic–Neo-Babylonian",
      "source": "PSD-G",
      "frequency": "very_high",
      "borger_code": "449",
      "sign_type": "syllabogram",
      "notes": "Motion verb, alternative to ĝen",
      "phonetic_value": ["ma"],
      "logographic_value": ["DU"],
      "contexts": ["motion", "action"]
    },
    {
      "id": "sum_021",
      "cuneiform": "𒃰",
      "transliteration": "dug₄",
      "translation": "to speak, say, tell",
      "pos": "verb",
      "root": "dug",
      "period": "Early Dynastic–Neo-Babylonian",
      "source": "PSD-D",
      "frequency": "very_high",
      "borger_code": "729",
      "sign_type": "logogram",
      "notes": "Communication verb",
      "phonetic_value": ["dug"],
      "logographic_value": ["DUG₄"],
      "contexts": ["communication", "speech"]
    },
    {
      "id": "sum_022",
      "cuneiform": "𒄑",
      "transliteration": "ĝiš",
      "translation": "wood, tree",
      "pos": "noun",
      "root": "ĝiš",
      "period": "Early Dynastic–Neo-Babylonian",
      "source": "PSD-G",
      "frequency": "high",
      "borger_code": "469",
      "sign_type": "determinative",
      "notes": "Determinative for wooden objects",
      "phonetic_value": ["ĝiš"],
      "logographic_value": ["GIŠ"],
      "contexts": ["material", "botanical"]
    },
    {
      "id": "sum_023",
      "cuneiform": "𒅗",
      "transliteration": "kur",
      "translation": "mountain, land, country",
      "pos": "noun",
      "root": "kur",
      "period": "Early Dynastic–Neo-Babylonian",
      "source": "PSD-K",
      "frequency": "very_high",
      "borger_code": "578",
      "sign_type": "logogram",
      "notes": "Geographic and political term",
      "phonetic_value": ["kur"],
      "logographic_value": ["KUR"],
      "contexts": ["geographic", "political"]
    },
    {
      "id": "sum_024",
      "cuneiform": "𒋙",
      "transliteration": "sum",
      "translation": "to give",
      "pos": "verb",
      "root": "sum",
      "period": "Early Dynastic–Neo-Babylonian",
      "source": "PSD-S",
      "frequency": "very_high",
      "borger_code": "292",
      "sign_type": "logogram",
      "notes": "Basic transitive verb",
      "phonetic_value": ["sum"],
      "logographic_value": ["SUM"],
      "contexts": ["transactional", "giving"]
    },
    {
      "id": "sum_025",
      "cuneiform": "𒉈",
      "transliteration": "ne",
      "translation": "this, that",
      "pos": "pronoun",
      "root": "ne",
      "period": "Early Dynastic–Neo-Babylonian",
      "source": "PSD-N",
      "frequency": "high",
      "borger_code": "496",
      "sign_type": "logogram",
      "notes": "Demonstrative pronoun",
      "phonetic_value": ["ne"],
      "logographic_value": ["NE"],
      "contexts": ["deictic", "referential"]
    },
    {
      "id": "sum_026",
      "cuneiform": "𒌓",
      "transliteration": "babbar",
      "translation": "white, bright, silver",
      "pos": "adjective",
      "root": "babbar",
      "period": "Early Dynastic–Neo-Babylonian",
      "source": "PSD-B",
      "frequency": "high",
      "borger_code": "313",
      "sign_type": "logogram",
      "notes": "Color and brightness adjective",
      "phonetic_value": ["babbar"],
      "logographic_value": ["BABBAR"],
      "contexts": ["descriptive", "color"]
    },
    {
      "id": "sum_027",
      "cuneiform": "𒌓",
      "transliteration": "sig₇",
      "translation": "yellow, green",
      "pos": "adjective",
      "root": "sig",
      "period": "Early Dynastic–Neo-Babylonian",
      "source": "PSD-S",
      "frequency": "medium",
      "borger_code": "157",
      "sign_type": "logogram",
      "notes": "Color adjective",
      "phonetic_value": ["sig"],
      "logographic_value": ["SIG₇"],
      "contexts": ["descriptive", "color"]
    },
    {
      "id": "sum_028",
      "cuneiform": "𒊩",
      "transliteration": "sal",
      "translation": "woman, female, vulva",
      "pos": "noun",
      "root": "sal",
      "period": "Early Dynastic–Neo-Babylonian",
      "source": "PSD-S",
      "frequency": "high",
      "borger_code": "883",
      "sign_type": "logogram",
      "notes": "Gender term and body part",
      "phonetic_value": ["sal"],
      "logographic_value": ["SAL"],
      "contexts": ["gender", "anatomical"]
    },
    {
      "id": "sum_029",
      "cuneiform": "𒃲",
      "transliteration": "du₃",
      "translation": "to build, make",
      "pos": "verb",
      "root": "du",
      "period": "Early Dynastic–Neo-Babylonian",
      "source": "PSD-D",
      "frequency": "very_high",
      "borger_code": "207",
      "sign_type": "logogram",
      "notes": "Construction and creation verb",
      "phonetic_value": ["du"],
      "logographic_value": ["DU₃"],
      "contexts": ["construction", "creation"]
    },
    {
      "id": "sum_030",
      "cuneiform": "𒅆",
      "transliteration": "igi",
      "translation": "eye, face, front",
      "pos": "noun",
      "root": "igi",
      "period": "Early Dynastic–Neo-Babylonian",
      "source": "PSD-I",
      "frequency": "very_high",
      "borger_code": "449",
      "sign_type": "logogram",
      "notes": "Body part and spatial term",
      "phonetic_value": ["igi"],
      "logographic_value": ["IGI"],
      "contexts": ["anatomical", "spatial"]
    }
  ]
}
