{
  "metadata": {
    "version": "1.0.0",
    "created": "2025-07-29",
    "sources": [
      "Hayes, John L. A Manual of Sumerian Grammar and Texts. 2nd ed. Malibu: Undena, 2000.",
      "Foxvog, Daniel A. Introduction to Sumerian Grammar. 3rd ed. Berkeley: Privately published, 2014.",
      "Jagersma, Abraham Hendrik. A Descriptive Grammar of Sumerian. Leiden: Leiden University, 2010."
    ],
    "description": "Sumerian grammatical patterns and morphological rules",
    "license": "CC-BY-NC-SA"
  },
  "case_markers": {
    "ergative": {
      "marker": "-e",
      "function": "marks the subject of transitive verbs",
      "position": "suffix",
      "example": "lugal-e = king (ergative)",
      "notes": "Ergative case in ergative-absolutive alignment"
    },
    "absolutive": {
      "marker": "∅",
      "function": "marks the object of transitive verbs and subject of intransitive verbs",
      "position": "no_marker",
      "example": "lugal = king (absolutive)",
      "notes": "Unmarked case"
    },
    "genitive": {
      "marker": "-ak",
      "function": "marks possession",
      "position": "suffix", 
      "example": "lugal-ak = of the king",
      "notes": "Possessive relationship"
    },
    "dative": {
      "marker": "-ra",
      "function": "marks indirect object, direction",
      "position": "suffix",
      "example": "lugal-ra = to/for the king",
      "notes": "Indirect object and benefactive"
    },
    "locative": {
      "marker": "-a",
      "function": "marks location, instrument",
      "position": "suffix",
      "example": "e₂-a = in the house",
      "notes": "Spatial and instrumental meanings"
    },
    "comitative": {
      "marker": "-da",
      "function": "marks accompaniment",
      "position": "suffix",
      "example": "lugal-da = with the king", 
      "notes": "Accompaniment and association"
    },
    "terminative": {
      "marker": "-še₃",
      "function": "marks direction, purpose",
      "position": "suffix",
      "example": "e₂-še₃ = to the house",
      "notes": "Goal and purpose"
    },
    "ablative": {
      "marker": "-ta",
      "function": "marks source, origin",
      "position": "suffix",
      "example": "e₂-ta = from the house",
      "notes": "Source and separation"
    }
  },
  "verb_prefixes": {
    "modal": {
      "ḫa-": {
        "function": "modal prefix",
        "meaning": "may, let",
        "position": "slot_1",
        "example": "ḫa-mu-na-ab-sum = may he give it to him"
      },
      "ga-": {
        "function": "cohortative",
        "meaning": "let me/us",
        "position": "slot_1", 
        "example": "ga-an-dug₄ = let me speak"
      },
      "na-": {
        "function": "prohibitive",
        "meaning": "do not",
        "position": "slot_1",
        "example": "na-an-dug₄ = do not speak"
      }
    },
    "dimensional": {
      "i₃-": {
        "function": "ventive", 
        "meaning": "hither, towards speaker",
        "position": "slot_2",
        "example": "i₃-gen = come here"
      },
      "u₃-": {
        "function": "andative",
        "meaning": "thither, away from speaker", 
        "position": "slot_2",
        "example": "u₃-gen = go there"
      }
    },
    "person_markers": {
      "mu-": {
        "function": "1st person object",
        "meaning": "me",
        "position": "slot_3",
        "example": "mu-na-an-sum = he gave (it) to me"
      },
      "ba-": {
        "function": "3rd person object",
        "meaning": "him/her/it",
        "position": "slot_3",
        "example": "ba-an-sum = he gave (it) to him"
      }
    }
  },
  "verb_suffixes": {
    "person": {
      "-en": {
        "function": "1st person singular",
        "meaning": "I",
        "example": "dug₄-en = I speak"
      },
      "-en-zen": {
        "function": "1st person plural",
        "meaning": "we", 
        "example": "dug₄-en-zen = we speak"
      },
      "-zu": {
        "function": "2nd person singular",
        "meaning": "you",
        "example": "dug₄-zu = you speak"
      },
      "-zu-ne-ne": {
        "function": "2nd person plural",
        "meaning": "you (pl.)",
        "example": "dug₄-zu-ne-ne = you (pl.) speak"
      },
      "∅": {
        "function": "3rd person singular",
        "meaning": "he/she/it",
        "example": "dug₄ = he/she speaks"
      },
      "-ne": {
        "function": "3rd person plural (human)",
        "meaning": "they",
        "example": "dug₄-ne = they speak"
      }
    }
  },
  "noun_patterns": {
    "plurality": {
      "human": {
        "marker": "-ene",
        "function": "human plural",
        "example": "lu₂-ene = people",
        "notes": "Used for human beings"
      },
      "non_human": {
        "marker": "-ḫi-a",
        "function": "non-human plural",
        "example": "udu-ḫi-a = sheep (plural)",
        "notes": "Used for animals and objects"
      },
      "reduplication": {
        "pattern": "CV-CV", 
        "function": "distributive plural",
        "example": "igi-igi = each eye",
        "notes": "Reduplication for distribution"
      }
    }
  },
  "word_order": {
    "basic": "SOV",
    "description": "Subject-Object-Verb is the basic word order",
    "nominal_phrase": "Genitive + Head",
    "examples": {
      "simple": "lugal e₂ du₃ = the king built a house",
      "complex": "lugal-e dumu-ni-ir e₂ gal mu-na-du₃ = the king built a big house for his son"
    }
  },
  "determinatives": {
    "divine": {
      "marker": "𒀭",
      "transliteration": "d",
      "function": "marks divine names",
      "position": "before_name",
      "example": "d-en-lil₂ = (god) Enlil"
    },
    "personal": {
      "marker": "𒁹",
      "transliteration": "m",
      "function": "marks male personal names",
      "position": "before_name", 
      "example": "m-ur-d-namma = (man) Ur-Namma"
    },
    "geographic": {
      "marker": "𒆠",
      "transliteration": "ki",
      "function": "marks place names",
      "position": "after_name",
      "example": "nibru-ki = Nippur (city)"
    },
    "wooden": {
      "marker": "𒄑",
      "transliteration": "giš",
      "function": "marks wooden objects",
      "position": "before_noun",
      "example": "giš-gu-za = throne (wooden seat)"
    }
  },
  "phonological_rules": {
    "vowel_harmony": {
      "description": "Limited vowel harmony in some suffixes",
      "examples": ["lugal-e (not *lugal-a)", "šar-ra (not *šar-re)"]
    },
    "consonant_assimilation": {
      "description": "Some consonant clusters assimilate",
      "examples": ["an-na < *an-da", "im-ma < *in-da"]
    }
  },
  "sentence_types": {
    "nominal": {
      "structure": "Subject + Predicate",
      "copula": "none",
      "example": "lugal gal = the king (is) big",
      "notes": "No copula verb required"
    },
    "verbal": {
      "structure": "[Prefixes] + Verb.Root + [Suffixes] + Subject(erg) + Object(abs)",
      "example": "lugal-e gud ba-an-dab₅ = the king caught the ox",
      "notes": "Ergative-absolutive alignment"
    },
    "existential": {
      "structure": "Subject + gal/nu-gal",
      "meaning": "X exists / X does not exist", 
      "example": "lugal gal = there is a king",
      "notes": "Uses gal 'to be (present)'"
    }
  }
}
