{
  "entries": [
    {
      "citations": "KTU 1.5:VI:11",
      "cognates": "Hebrew bākāh, Akkadian bakû",
      "confidence": 0.92,
      "gloss": "to weep; cry",
      "notes": "Phase 4.1 final completion",
      "part_of_speech": "verb",
      "root": "bky",
      "semantic_field": "action",
      "transliteration": "bakāyu",
      "unicode": "𐎁𐎋𐎊"
    },
    {
      "citations": "KTU 1.14:I:13; RS 2.003",
      "cognates": "Hebrew bēn Akkadian māru",
      "confidence": 1.0,
      "gloss": "son",
      "notes": "family",
      "part_of_speech": "noun",
      "root": "bn",
      "semantic_field": "family",
      "transliteration": "banu",
      "unicode": "𐎁𐎐"
    },
    {
      "citations": "KTU 1.4:VI:10",
      "cognates": "Hebrew bānāh, Akkadian banû",
      "confidence": 0.94,
      "gloss": "to build; construct",
      "notes": "Phase 4.1 final completion",
      "part_of_speech": "verb",
      "root": "bnw",
      "semantic_field": "action",
      "transliteration": "banāwu",
      "unicode": "𐎁𐎐𐎆"
    },
    {
      "citations": "KTU 1.4:V:8",
      "confidence": 0.88,
      "gloss": "lightning; flash",
      "notes": "Phase 4.1 strategic completion",
      "part_of_speech": "noun",
      "root": "brq",
      "semantic_field": "nature",
      "transliteration": "barqu",
      "unicode": "𐎁𐎗𐎖"
    },
    {
      "citations": "KTU 1.17:I:25",
      "cognates": "Hebrew bārak, Akkadian karābu, Arabic bārak",
      "confidence": 0.85,
      "gloss": "to bless",
      "notes": "Phase 1 - critical priority. Religious terminology essential for liturgical and mythological texts",
      "part_of_speech": "verb",
      "root": "brk",
      "semantic_field": "ritual",
      "transliteration": "barāku",
      "unicode": "𐎁𐎗𐎋"
    },
    {
      "citations": "KTU 1.14:I:14; RS 2.003",
      "cognates": "Hebrew bat Akkadian mārtu",
      "confidence": 0.98,
      "gloss": "daughter",
      "notes": "family",
      "part_of_speech": "noun",
      "root": "bt",
      "semantic_field": "family",
      "transliteration": "battu",
      "unicode": "𐎁𐎚"
    },
    {
      "citations": "KTU 1.4:VI:10; RS 3.367",
      "cognates": "Hebrew bayit Akkadian bītu",
      "confidence": 1.0,
      "gloss": "house; temple",
      "notes": "architecture",
      "part_of_speech": "noun",
      "root": "byt",
      "semantic_field": "material",
      "transliteration": "baytu",
      "unicode": "𐎁𐎊𐎚"
    },
    {
      "citations": "KTU 1.4:IV:36",
      "confidence": 0.85,
      "gloss": "to boil; stew",
      "notes": "Phase 4.1 strategic completion",
      "part_of_speech": "verb",
      "root": "bšl",
      "semantic_field": "action",
      "transliteration": "bašālu",
      "unicode": "𐎁𐎌𐎍"
    },
    {
      "citations": "KTU 1.2:I:19; 1.3:I:1; RS 2.002",
      "cognates": "Hebrew baʿal Akkadian bēlu",
      "confidence": 1.0,
      "gloss": "Baal",
      "notes": "storm and fertility god",
      "part_of_speech": "proper_noun",
      "root": "bʿl",
      "semantic_field": "divine",
      "transliteration": "baʿlu",
      "unicode": "𐎁𐎓𐎍"
    },
    {
      "citations": "KTU 1.17:VI:34",
      "confidence": 0.84,
      "gloss": "understanding; insight",
      "notes": "Phase 4.1 strategic completion",
      "part_of_speech": "noun",
      "root": "bnt",
      "semantic_field": "social",
      "transliteration": "binātu",
      "unicode": "𐎁𐎐𐎚"
    },
    {
      "citations": "KTU 1.6:I:59",
      "confidence": 0.88,
      "gloss": "valley; plain",
      "notes": "Phase 4.1 strategic completion",
      "part_of_speech": "noun",
      "root": "bqʿt",
      "semantic_field": "nature",
      "transliteration": "buqʿatu",
      "unicode": "𐎁𐎖𐎓𐎚"
    },
    {
      "citations": "KTU 1.2:I:30; 1.3:II:15",
      "cognates": "Hebrew dābar, Akkadian dabābu",
      "confidence": 0.91,
      "gloss": "to speak; say",
      "notes": "Phase 4.1 - communication verb",
      "part_of_speech": "verb",
      "root": "dbr",
      "semantic_field": "action",
      "transliteration": "dabāru",
      "unicode": "𐎃𐎁𐎗"
    },
    {
      "citations": "KTU 1.3:II:35; RS 3.367",
      "cognates": "Hebrew dām Akkadian dāmu",
      "confidence": 0.92,
      "gloss": "blood; bloodprice",
      "notes": "legal compensation",
      "part_of_speech": "noun",
      "root": "dm",
      "semantic_field": "legal",
      "transliteration": "damu",
      "unicode": "𐎃𐎎"
    },
    {
      "citations": "KTU 1.16:VI:28; RS 2.004",
      "cognates": "Hebrew dayyān Akkadian dayānu",
      "confidence": 0.93,
      "gloss": "judge",
      "notes": "legal official",
      "part_of_speech": "noun",
      "root": "dyn",
      "semantic_field": "legal",
      "transliteration": "dayānu",
      "unicode": "𐎃𐎊𐎐"
    },
    {
      "citations": "KTU 1.23:61",
      "cognates": "Hebrew dəbaš, Akkadian dišpu, Arabic ʿasal",
      "confidence": 0.85,
      "gloss": "honey",
      "notes": "Phase 1 - critical priority. Agricultural and dietary terms fundamental to economic texts",
      "part_of_speech": "noun",
      "root": "dvš",
      "semantic_field": "food",
      "transliteration": "dibšu",
      "unicode": "𐎃𐎁𐎌"
    },
    {
      "citations": "KTU 1.14:III:31; RS 2.003",
      "cognates": "Ugaritic toponym",
      "confidence": 0.82,
      "gloss": "Ditan",
      "notes": "city name",
      "part_of_speech": "proper_noun",
      "root": "dtn",
      "semantic_field": "place",
      "transliteration": "ditānu",
      "unicode": "𐎃𐎚𐎐"
    },
    {
      "citations": "KTU 1.3:III:50",
      "cognates": "Hebrew gibōr, Akkadian qardu, Arabic jayyid",
      "confidence": 0.85,
      "gloss": "warrior; hero",
      "notes": "Phase 1 - critical priority. Military terminology crucial for epic and historical narratives",
      "part_of_speech": "noun",
      "root": "gbr",
      "semantic_field": "warfare",
      "transliteration": "gabru",
      "unicode": "𐎂𐎁𐎗"
    },
    {
      "citations": "KTU 1.4:VII:52",
      "cognates": "Hebrew gəbūl, Akkadian gablu",
      "confidence": 0.88,
      "gloss": "boundary; border",
      "notes": "Phase 4.1 final completion",
      "part_of_speech": "noun",
      "root": "gbl",
      "semantic_field": "place",
      "transliteration": "gabūlu",
      "unicode": "𐎂𐎁𐎍"
    },
    {
      "citations": "KTU 1.4:VI:12; RS 3.367",
      "cognates": "Hebrew hêkāl Akkadian ēkallu",
      "confidence": 0.94,
      "gloss": "temple; palace",
      "notes": "architecture",
      "part_of_speech": "noun",
      "root": "hkl",
      "semantic_field": "material",
      "transliteration": "haikalu",
      "unicode": "𐎄𐎋𐎍"
    },
    {
      "citations": "KTU 1.3:I:3; RS 3.367",
      "cognates": "Hebrew hālak Akkadian alāku",
      "confidence": 1.0,
      "gloss": "to go; walk",
      "notes": "movement",
      "part_of_speech": "verb",
      "root": "hlk",
      "semantic_field": "action",
      "transliteration": "halāku",
      "unicode": "𐎄𐎍𐎋"
    },
    {
      "citations": "KTU 1.3:III:29",
      "confidence": 0.96,
      "gloss": "mountain; hill",
      "notes": "Phase 4.1 strategic completion",
      "part_of_speech": "noun",
      "root": "hr",
      "semantic_field": "nature",
      "transliteration": "harru",
      "unicode": "𐎅𐎗"
    },
    {
      "citations": "KTU 1.3:II:30; RS 3.367",
      "cognates": "Hebrew hārag Akkadian ḫarāgu",
      "confidence": 0.96,
      "gloss": "to kill; slay",
      "notes": "violence",
      "part_of_speech": "verb",
      "root": "hrg",
      "semantic_field": "action",
      "transliteration": "harāgu",
      "unicode": "𐎄𐎗𐎂"
    },
    {
      "citations": "KTU 1.3:III:44",
      "cognates": "Hebrew hāras, Akkadian harāsu",
      "confidence": 0.91,
      "gloss": "to destroy; demolish",
      "notes": "Phase 4.1 final completion",
      "part_of_speech": "verb",
      "root": "hrs",
      "semantic_field": "action",
      "transliteration": "harāsu",
      "unicode": "𐎅𐎗𐎒"
    },
    {
      "citations": "KTU 1.4:IV:59; 1.17:I:26",
      "cognates": "Hebrew hāyāh, Arabic hawiya",
      "confidence": 0.92,
      "gloss": "to be; exist",
      "notes": "Phase 4.1 - existential verb",
      "part_of_speech": "verb",
      "root": "hwy",
      "semantic_field": "action",
      "transliteration": "hawāyu",
      "unicode": "𐎅𐎆𐎊"
    },
    {
      "citations": "KTU 1.2:I:13; RS 24.252",
      "cognates": "Hebrew ʾēl Akkadian ilu",
      "confidence": 1.0,
      "gloss": "god",
      "notes": "deity",
      "part_of_speech": "noun",
      "root": "il",
      "semantic_field": "divine",
      "transliteration": "ilu",
      "unicode": "𐎛𐎍"
    },
    {
      "citations": "KTU 1.17:I:30",
      "cognates": "Hebrew qeber, Akkadian qabru",
      "confidence": 0.86,
      "gloss": "grave; tomb",
      "notes": "Phase 4.1 final completion",
      "part_of_speech": "noun",
      "root": "kbwr",
      "semantic_field": "religious",
      "transliteration": "kabāru",
      "unicode": "𐎋𐎁𐎆𐎗"
    },
    {
      "citations": "KTU 1.4:IV:12",
      "cognates": "Hebrew kīssēʾ, Akkadian kussû, Arabic ʿarš",
      "confidence": 0.8,
      "gloss": "throne",
      "notes": "Phase 2 - high priority. Administrative and royal terminology for political texts",
      "part_of_speech": "noun",
      "root": "kht",
      "semantic_field": "royal",
      "transliteration": "kahātu",
      "unicode": "𐎋𐎅𐎚"
    },
    {
      "citations": "KTU 1.114:18",
      "cognates": "Hebrew keleb, Akkadian kalbu, Arabic kalb",
      "confidence": 0.85,
      "gloss": "dog",
      "notes": "Phase 1 - critical priority. Core pastoral/hunting vocabulary essential for Bronze Age texts",
      "part_of_speech": "noun",
      "root": "klb",
      "semantic_field": "animals",
      "transliteration": "kalbu",
      "unicode": "𐎋𐎍𐎁"
    },
    {
      "citations": "KTU 1.15:II:26",
      "confidence": 0.87,
      "gloss": "daughter-in-law",
      "notes": "Phase 4.1 strategic completion",
      "part_of_speech": "noun",
      "root": "klt",
      "semantic_field": "family",
      "transliteration": "kalātu",
      "unicode": "𐎋𐎍𐎚"
    },
    {
      "citations": "KTU 1.4:I:44",
      "cognates": "Hebrew kəlī, Akkadian unūtu, Arabic ʾilāt",
      "confidence": 0.85,
      "gloss": "vessel; tool",
      "notes": "Phase 1 - critical priority. Technical vocabulary for metallurgy and artisan activities",
      "part_of_speech": "noun",
      "root": "kly",
      "semantic_field": "craft",
      "transliteration": "kalīyu",
      "unicode": "𐎋𐎍𐎊"
    },
    {
      "citations": "KTU 1.101:4",
      "confidence": 0.84,
      "gloss": "lyre; harp",
      "notes": "Phase 4.1 strategic completion",
      "part_of_speech": "noun",
      "root": "knh",
      "semantic_field": "social",
      "transliteration": "kannāru",
      "unicode": "𐎋𐎐𐎗"
    },
    {
      "citations": "KTU 4.751:4",
      "cognates": "Hebrew kināh, Akkadian kanû, Arabic qiniya",
      "confidence": 0.85,
      "gloss": "merchandise",
      "notes": "Phase 1 - critical priority. Commercial vocabulary vital for administrative and economic records",
      "part_of_speech": "noun",
      "root": "knt",
      "semantic_field": "trade",
      "transliteration": "kantu",
      "unicode": "𐎋𐎐𐎚"
    },
    {
      "citations": "KTU 1.3:III:42",
      "confidence": 0.94,
      "gloss": "palm; hand",
      "notes": "Phase 4.1 strategic completion",
      "part_of_speech": "noun",
      "root": "kf",
      "semantic_field": "body",
      "transliteration": "kappu",
      "unicode": "𐎋𐎔"
    },
    {
      "citations": "KTU 1.14:I:1; RS 2.003",
      "cognates": "Ugaritic toponym",
      "confidence": 0.85,
      "gloss": "Kerett",
      "notes": "legendary king",
      "part_of_speech": "proper_noun",
      "root": "krt",
      "semantic_field": "place",
      "transliteration": "karatu",
      "unicode": "𐎋𐎗𐎚"
    },
    {
      "citations": "KTU 1.4:I:26",
      "cognates": "Hebrew kesep, Akkadian kaspu, Arabic fiḍḍa",
      "confidence": 0.85,
      "gloss": "silver",
      "notes": "Phase 1 - critical priority. Technical vocabulary for metallurgy and artisan activities",
      "part_of_speech": "noun",
      "root": "ksp",
      "semantic_field": "craft",
      "transliteration": "kaspu",
      "unicode": "𐎋𐎒𐎔"
    },
    {
      "citations": "KTU 4.182:6",
      "confidence": 0.84,
      "gloss": "to weigh; measure",
      "notes": "Phase 4.1 strategic completion",
      "part_of_speech": "verb",
      "root": "kslm",
      "semantic_field": "trade",
      "transliteration": "kasālu",
      "unicode": "𐎋𐎒𐎍"
    },
    {
      "citations": "KTU 1.3:IV:42; RS 3.367",
      "cognates": "Hebrew kôkābîm Arabic kawākib",
      "confidence": 1.0,
      "gloss": "stars",
      "notes": "celestial bodies",
      "part_of_speech": "noun",
      "root": "kbkm",
      "semantic_field": "nature",
      "transliteration": "kawkabuma",
      "unicode": "𐎋𐎁𐎋𐎎"
    },
    {
      "citations": "KTU 1.4:II:26",
      "confidence": 0.86,
      "gloss": "tunic; robe",
      "notes": "Phase 4.1 strategic completion",
      "part_of_speech": "noun",
      "root": "ktn",
      "semantic_field": "material",
      "transliteration": "kuttānu",
      "unicode": "𐎋𐎚𐎐"
    },
    {
      "citations": "KTU 1.6:VI:46; RS 24.258",
      "cognates": "Hebrew kōhēn Akkadian kāhinu",
      "confidence": 0.95,
      "gloss": "priest",
      "notes": "religious official",
      "part_of_speech": "noun",
      "root": "khn",
      "semantic_field": "religious",
      "transliteration": "kāhinu",
      "unicode": "𐎋𐎄𐎐"
    },
    {
      "citations": "KTU 1.4:I:28",
      "confidence": 0.89,
      "gloss": "white; pure",
      "notes": "Phase 4.1 strategic completion",
      "part_of_speech": "adjective",
      "root": "lbn",
      "semantic_field": "material",
      "transliteration": "labānu",
      "unicode": "𐎍𐎁𐎐"
    },
    {
      "citations": "KTU 1.4:VI:25; 1.17:II:8",
      "cognates": "Hebrew lāqaḥ, Akkadian leqû",
      "confidence": 0.93,
      "gloss": "to take; receive",
      "notes": "Phase 4.1 - acquisition verb",
      "part_of_speech": "verb",
      "root": "lqḥ",
      "semantic_field": "action",
      "transliteration": "laqāḥu",
      "unicode": "𐎍𐎖𐎃"
    },
    {
      "citations": "KTU 1.4:VI:26; RS 3.367",
      "cognates": "Hebrew laylāh Akkadian līlu",
      "confidence": 0.96,
      "gloss": "night",
      "notes": "time",
      "part_of_speech": "noun",
      "root": "lyt",
      "semantic_field": "time",
      "transliteration": "laylu",
      "unicode": "𐎍𐎊𐎚"
    },
    {
      "citations": "KTU 1.3:II:15; RS 3.367",
      "cognates": "Hebrew lāḥam Akkadian laḫāmu",
      "confidence": 0.95,
      "gloss": "to fight; wage war",
      "notes": "warfare",
      "part_of_speech": "verb",
      "root": "lḥm",
      "semantic_field": "action",
      "transliteration": "laḥāmu",
      "unicode": "𐎍𐎃𐎎"
    },
    {
      "citations": "KTU 1.3:IV:8",
      "confidence": 0.95,
      "gloss": "heart; mind",
      "notes": "Phase 4.1 strategic completion",
      "part_of_speech": "noun",
      "root": "lb",
      "semantic_field": "body",
      "transliteration": "libbu",
      "unicode": "𐎍𐎁"
    },
    {
      "citations": "KTU 1.4:I:42",
      "confidence": 0.94,
      "gloss": "clothing; garment",
      "notes": "Phase 4.1 strategic completion",
      "part_of_speech": "noun",
      "root": "lbš",
      "semantic_field": "material",
      "transliteration": "lubušu",
      "unicode": "𐎍𐎁𐎌"
    },
    {
      "citations": "KTU 4.182:3; 4.247:5",
      "cognates": "Hebrew middāh, Akkadian mandattu",
      "confidence": 0.86,
      "gloss": "tribute; tax",
      "notes": "Phase 4.1 - fiscal term",
      "part_of_speech": "noun",
      "root": "mdn",
      "semantic_field": "administration",
      "transliteration": "madānu",
      "unicode": "𐎎𐎃𐎐"
    },
    {
      "citations": "KTU 1.4:IV:14",
      "confidence": 0.86,
      "gloss": "chariot; vehicle",
      "notes": "Phase 4.1 strategic completion",
      "part_of_speech": "noun",
      "root": "mglt",
      "semantic_field": "material",
      "transliteration": "magallatu",
      "unicode": "𐎎𐎂𐎍𐎚"
    },
    {
      "citations": "KTU 1.14:III:8",
      "cognates": "Hebrew māgēn, Akkadian āru, Arabic turs",
      "confidence": 0.85,
      "gloss": "shield",
      "notes": "Phase 1 - critical priority. Military terminology crucial for epic and historical narratives",
      "part_of_speech": "noun",
      "root": "mgn",
      "semantic_field": "warfare",
      "transliteration": "magānu",
      "unicode": "𐎎𐎂𐎐"
    },
    {
      "citations": "KTU 1.24:7",
      "cognates": "Hebrew māhār, Akkadian mahāru, Arabic mihr",
      "confidence": 0.85,
      "gloss": "price; value",
      "notes": "Phase 1 - critical priority. Commercial vocabulary vital for administrative and economic records",
      "part_of_speech": "noun",
      "root": "mhr",
      "semantic_field": "trade",
      "transliteration": "mahru",
      "unicode": "𐎎𐎅𐎗"
    },
    {
      "citations": "KTU 4.182:7",
      "confidence": 0.91,
      "gloss": "to sell; trade",
      "notes": "Phase 4.1 strategic completion",
      "part_of_speech": "verb",
      "root": "mkr",
      "semantic_field": "trade",
      "transliteration": "makāru",
      "unicode": "𐎎𐎋𐎗"
    },
    {
      "citations": "KTU 1.2:I:17; RS 2.002",
      "cognates": "Hebrew melek Akkadian šarru",
      "confidence": 1.0,
      "gloss": "king",
      "notes": "ruler",
      "part_of_speech": "noun",
      "root": "mk",
      "semantic_field": "royal",
      "transliteration": "malaku",
      "unicode": "𐎎𐎍𐎋"
    },
    {
      "citations": "KTU 1.107:3; RS 24.264",
      "cognates": "Hebrew melek Akkadian maliku",
      "confidence": 0.88,
      "gloss": "king; Malik",
      "notes": "underworld king",
      "part_of_speech": "noun",
      "root": "mlk",
      "semantic_field": "divine",
      "transliteration": "maliku",
      "unicode": "𐎎𐎍𐎋"
    },
    {
      "citations": "KTU 1.14:I:12",
      "cognates": "Hebrew malkāh, Akkadian šarratu, Arabic malika",
      "confidence": 0.8,
      "gloss": "queen",
      "notes": "Phase 2 - high priority. Administrative and royal terminology for political texts",
      "part_of_speech": "noun",
      "root": "mlkt",
      "semantic_field": "royal",
      "transliteration": "malkatu",
      "unicode": "𐎎𐎍𐎋𐎚"
    },
    {
      "citations": "KTU 1.14:I:5",
      "cognates": "Hebrew mamlākāh, Akkadian šarrūtu, Arabic mamlaka",
      "confidence": 0.8,
      "gloss": "kingdom; realm",
      "notes": "Phase 2 - high priority. Administrative and royal terminology for political texts",
      "part_of_speech": "noun",
      "root": "mmlkt",
      "semantic_field": "royal",
      "transliteration": "mamlaktu",
      "unicode": "𐎎𐎎𐎍𐎋𐎚"
    },
    {
      "citations": "KTU 1.16:VI:17",
      "confidence": 0.85,
      "gloss": "illness; disease",
      "notes": "Phase 4.1 strategic completion",
      "part_of_speech": "noun",
      "root": "mrṣ",
      "semantic_field": "body",
      "transliteration": "marāṣu",
      "unicode": "𐎎𐎗𐎕"
    },
    {
      "citations": "KTU 1.14:IV:3",
      "cognates": "Hebrew mattān, Akkadian šūbultu, Arabic ʿaṭīya",
      "confidence": 0.85,
      "gloss": "gift; tribute",
      "notes": "Phase 1 - critical priority. Commercial vocabulary vital for administrative and economic records",
      "part_of_speech": "noun",
      "root": "mtn",
      "semantic_field": "trade",
      "transliteration": "mattānu",
      "unicode": "𐎎𐎚𐎐"
    },
    {
      "citations": "KTU 1.5:I:5",
      "cognates": "Research needed",
      "confidence": 0.8,
      "gloss": "Mot (death god)",
      "notes": "Phase 3 - medium priority. Theological vocabulary for mythological narratives",
      "part_of_speech": "proper_noun",
      "root": "mwt",
      "semantic_field": "divine",
      "transliteration": "mawtu",
      "unicode": "𐎎𐎜𐎚"
    },
    {
      "citations": "KTU 1.3:II:23; RS 3.367",
      "cognates": "Hebrew māḥaṣ Akkadian maḫāṣu",
      "confidence": 0.93,
      "gloss": "to strike; smite",
      "notes": "violence",
      "part_of_speech": "verb",
      "root": "mḥṣ",
      "semantic_field": "action",
      "transliteration": "maḫāṣu",
      "unicode": "𐎎𐎃𐎕"
    },
    {
      "citations": "KTU 1.3:II:40",
      "confidence": 0.97,
      "gloss": "rain; rainfall",
      "notes": "Phase 4.1 strategic completion",
      "part_of_speech": "noun",
      "root": "mṭr",
      "semantic_field": "nature",
      "transliteration": "maṭaru",
      "unicode": "𐎎𐎉𐎗"
    },
    {
      "citations": "KTU 1.3:II:23",
      "cognates": "Hebrew milḥāmāh, Akkadian tāḫāzu, Arabic ḥarb",
      "confidence": 0.85,
      "gloss": "battle; war",
      "notes": "Phase 1 - critical priority. Military terminology crucial for epic and historical narratives",
      "part_of_speech": "noun",
      "root": "mlḥmt",
      "semantic_field": "warfare",
      "transliteration": "milḥamtu",
      "unicode": "𐎎𐎍𐎃𐎎𐎚"
    },
    {
      "citations": "KTU 4.63:I:10; RS 15.88",
      "cognates": "Hebrew mēʾāh Akkadian miʾtu",
      "confidence": 0.94,
      "gloss": "hundred",
      "notes": "number",
      "part_of_speech": "noun",
      "root": "mʾt",
      "semantic_field": "quantity",
      "transliteration": "miʾatu",
      "unicode": "𐎎𐎀𐎚"
    },
    {
      "citations": "KTU 1.5:I:1; 1.6:II:20; RS 24.258",
      "cognates": "Hebrew māwet Akkadian mūtu",
      "confidence": 1.0,
      "gloss": "Mot",
      "notes": "death god",
      "part_of_speech": "proper_noun",
      "root": "mt",
      "semantic_field": "divine",
      "transliteration": "môtu",
      "unicode": "𐎎𐎚"
    },
    {
      "citations": "KTU 1.4:II:35; RS 3.367",
      "cognates": "Hebrew mayim Akkadian mû",
      "confidence": 1.0,
      "gloss": "water",
      "notes": "element",
      "part_of_speech": "noun",
      "root": "mym",
      "semantic_field": "nature",
      "transliteration": "māyu",
      "unicode": "𐎎𐎊𐎎"
    },
    {
      "citations": "KTU 1.16:I:35; RS 2.004",
      "cognates": "Hebrew neder Akkadian nadāru",
      "confidence": 0.93,
      "gloss": "vow",
      "notes": "ritual",
      "part_of_speech": "noun",
      "root": "ndr",
      "semantic_field": "religious",
      "transliteration": "nadaru",
      "unicode": "𐎐𐎃𐎗"
    },
    {
      "citations": "KTU 1.2:III:6; RS 2.008",
      "cognates": "Akkadian nahru Hebrew nāhār",
      "confidence": 0.92,
      "gloss": "Nahar",
      "notes": "river god",
      "part_of_speech": "proper_noun",
      "root": "nhr",
      "semantic_field": "divine",
      "transliteration": "naharu",
      "unicode": "𐎐𐎄𐎗"
    },
    {
      "citations": "KTU 4.751:12",
      "cognates": "Hebrew nokrī, Akkadian nakāru, Arabic ʾajnabī",
      "confidence": 0.85,
      "gloss": "foreigner; merchant",
      "notes": "Phase 1 - critical priority. Commercial vocabulary vital for administrative and economic records",
      "part_of_speech": "noun",
      "root": "nkr",
      "semantic_field": "trade",
      "transliteration": "nakāru",
      "unicode": "𐎐𐎋𐎗"
    },
    {
      "citations": "KTU 1.5:VI:17",
      "confidence": 0.9,
      "gloss": "to fall; drop",
      "notes": "Phase 4.1 strategic completion",
      "part_of_speech": "verb",
      "root": "npl",
      "semantic_field": "action",
      "transliteration": "napālu",
      "unicode": "𐎐𐎔𐎍"
    },
    {
      "citations": "KTU 1.4:I:33",
      "cognates": "Hebrew nāsak, Akkadian nasāku, Arabic sabb",
      "confidence": 0.85,
      "gloss": "to cast; pour",
      "notes": "Phase 1 - critical priority. Technical vocabulary for metallurgy and artisan activities",
      "part_of_speech": "verb",
      "root": "nsk",
      "semantic_field": "craft",
      "transliteration": "nasāku",
      "unicode": "𐎐𐎒𐎋"
    },
    {
      "citations": "KTU 1.4:IV:40; 1.14:I:20",
      "cognates": "Hebrew nātan, Akkadian nadānu",
      "confidence": 0.95,
      "gloss": "to give; grant",
      "notes": "Phase 4.1 - transfer verb",
      "part_of_speech": "verb",
      "root": "ntn",
      "semantic_field": "action",
      "transliteration": "natānu",
      "unicode": "𐎐𐎚𐎐"
    },
    {
      "citations": "KTU 1.19:I:42",
      "cognates": "Hebrew nešer, Akkadian našru, Arabic nisr",
      "confidence": 0.85,
      "gloss": "eagle",
      "notes": "Phase 1 - critical priority. Core pastoral/hunting vocabulary essential for Bronze Age texts",
      "part_of_speech": "noun",
      "root": "nšr",
      "semantic_field": "animals",
      "transliteration": "našru",
      "unicode": "𐎐𐎌𐎗"
    },
    {
      "citations": "KTU 1.19:I:7",
      "confidence": 0.82,
      "gloss": "sandal; shoe",
      "notes": "Phase 4.1 strategic completion",
      "part_of_speech": "noun",
      "root": "nʿl",
      "semantic_field": "material",
      "transliteration": "naʿlu",
      "unicode": "𐎐𐎓𐎍"
    },
    {
      "citations": "KTU 4.63:I:11",
      "cognates": "Hebrew nəḥōšet, Akkadian erû, Arabic naḥḥās",
      "confidence": 0.85,
      "gloss": "copper; bronze",
      "notes": "Phase 1 - critical priority. Technical vocabulary for metallurgy and artisan activities",
      "part_of_speech": "noun",
      "root": "nḥšt",
      "semantic_field": "craft",
      "transliteration": "naḥuštu",
      "unicode": "𐎐𐎃𐎌𐎚"
    },
    {
      "citations": "KTU 1.5:I:3",
      "confidence": 0.92,
      "gloss": "serpent; snake",
      "notes": "Phase 4.1 strategic completion",
      "part_of_speech": "noun",
      "root": "nḥš",
      "semantic_field": "animals",
      "transliteration": "naḥāšu",
      "unicode": "𐎐𐎃𐎌"
    },
    {
      "citations": "KTU 1.5:VI:15",
      "confidence": 0.91,
      "gloss": "to descend; go down",
      "notes": "Phase 4.1 strategic completion",
      "part_of_speech": "verb",
      "root": "nḥt",
      "semantic_field": "action",
      "transliteration": "naḫātu",
      "unicode": "𐎐𐎃𐎚"
    },
    {
      "citations": "KTU 1.3:II:40; RS 3.367",
      "cognates": "Hebrew ʾēš Akkadian išātu",
      "confidence": 0.92,
      "gloss": "fire",
      "notes": "element",
      "part_of_speech": "noun",
      "root": "nš",
      "semantic_field": "nature",
      "transliteration": "nāru",
      "unicode": "𐎐𐎌"
    },
    {
      "citations": "KTU 1.3:III:38",
      "cognates": "Hebrew pāgaʿ, Akkadian pagû",
      "confidence": 0.85,
      "gloss": "to meet; encounter",
      "notes": "Phase 4.1 final completion",
      "part_of_speech": "verb",
      "root": "pkg",
      "semantic_field": "action",
      "transliteration": "pakāgu",
      "unicode": "𐎔𐎋𐎂"
    },
    {
      "citations": "KTU 1.2:I:35",
      "confidence": 0.96,
      "gloss": "face; presence",
      "notes": "Phase 4.1 strategic completion",
      "part_of_speech": "noun",
      "root": "pnm",
      "semantic_field": "body",
      "transliteration": "panīmu",
      "unicode": "𐎔𐎐𐎎"
    },
    {
      "citations": "KTU 1.2:I:37; RS 2.002",
      "cognates": "Hebrew peh Akkadian pû",
      "confidence": 0.96,
      "gloss": "mouth",
      "notes": "anatomy",
      "part_of_speech": "noun",
      "root": "pḥ",
      "semantic_field": "body",
      "transliteration": "pîhu",
      "unicode": "𐎔𐎃"
    },
    {
      "citations": "KTU 4.247:11",
      "confidence": 0.92,
      "gloss": "flour; grain",
      "notes": "Phase 4.1 strategic completion",
      "part_of_speech": "noun",
      "root": "qmḥ",
      "semantic_field": "food",
      "transliteration": "qamḫu",
      "unicode": "𐎖𐎎𐎃"
    },
    {
      "citations": "KTU 4.247:15",
      "confidence": 0.87,
      "gloss": "to buy; acquire",
      "notes": "Phase 4.1 strategic completion",
      "part_of_speech": "verb",
      "root": "qnw",
      "semantic_field": "trade",
      "transliteration": "qanāwu",
      "unicode": "𐎖𐎐𐎆"
    },
    {
      "citations": "KTU 1.14:III:10; 2.30:18",
      "cognates": "Hebrew qiryāh, Akkadian ālu",
      "confidence": 0.94,
      "gloss": "city; town",
      "notes": "Phase 4.1 - settlement type",
      "part_of_speech": "noun",
      "root": "qrt",
      "semantic_field": "administration",
      "transliteration": "qaryatu",
      "unicode": "𐎖𐎗𐎚"
    },
    {
      "citations": "KTU 1.14:I:35; RS 2.003",
      "cognates": "Hebrew qārāʾ Akkadian qerû",
      "confidence": 0.96,
      "gloss": "to call; read",
      "notes": "communication",
      "part_of_speech": "verb",
      "root": "qrʾ",
      "semantic_field": "action",
      "transliteration": "qarāʾu",
      "unicode": "𐎖𐎗𐎀"
    },
    {
      "citations": "KTU 1.17:VI:41",
      "cognates": "Hebrew qešet, Akkadian qaštu, Arabic qaws",
      "confidence": 0.85,
      "gloss": "bow",
      "notes": "Phase 1 - critical priority. Military terminology crucial for epic and historical narratives",
      "part_of_speech": "noun",
      "root": "qšt",
      "semantic_field": "warfare",
      "transliteration": "qaštu",
      "unicode": "𐎖𐎌𐎚"
    },
    {
      "citations": "KTU 1.4:III:14; RS 3.367",
      "cognates": "Hebrew qādēš Akkadian qadištu",
      "confidence": 0.88,
      "gloss": "sacred prostitute",
      "notes": "temple official",
      "part_of_speech": "noun",
      "root": "qdsm",
      "semantic_field": "religious",
      "transliteration": "qudašu",
      "unicode": "𐎖𐎃𐎌𐎎"
    },
    {
      "citations": "KTU 1.4:VI:24; RS 3.367",
      "cognates": "Hebrew qōdeš Akkadian qudšu",
      "confidence": 0.96,
      "gloss": "sanctuary; holiness",
      "notes": "sacred",
      "part_of_speech": "noun",
      "root": "qds",
      "semantic_field": "religious",
      "transliteration": "qudšu",
      "unicode": "𐎖𐎃𐎌"
    },
    {
      "citations": "KTU 1.4:IV:47",
      "cognates": "Hebrew qōdeš, Akkadian quduštu, Arabic muqaddas",
      "confidence": 0.85,
      "gloss": "sanctuary; holy place",
      "notes": "Phase 1 - critical priority. Religious terminology essential for liturgical and mythological texts",
      "part_of_speech": "noun",
      "root": "qdš",
      "semantic_field": "ritual",
      "transliteration": "qudšu",
      "unicode": "𐎖𐎃𐎌"
    },
    {
      "citations": "KTU 1.43:2",
      "cognates": "Hebrew qorbān, Akkadian qurbannu, Arabic qurbān",
      "confidence": 0.85,
      "gloss": "offering; sacrifice",
      "notes": "Phase 1 - critical priority. Religious terminology essential for liturgical and mythological texts",
      "part_of_speech": "noun",
      "root": "qrbn",
      "semantic_field": "ritual",
      "transliteration": "qurbānu",
      "unicode": "𐎖𐎗𐎁𐎐"
    },
    {
      "citations": "KTU 1.2:I:31",
      "confidence": 0.95,
      "gloss": "to stand; rise",
      "notes": "Phase 4.1 strategic completion",
      "part_of_speech": "verb",
      "root": "qwm",
      "semantic_field": "action",
      "transliteration": "qūmu",
      "unicode": "𐎖𐎆𐎎"
    },
    {
      "citations": "KTU 4.63:II:7; RS 15.88",
      "cognates": "Akkadian rabbu Hebrew rab",
      "confidence": 0.92,
      "gloss": "chief; great one",
      "notes": "high official",
      "part_of_speech": "noun",
      "root": "rb",
      "semantic_field": "administration",
      "transliteration": "rabbu",
      "unicode": "𐎗𐎁"
    },
    {
      "citations": "KTU 1.4:III:18",
      "confidence": 0.92,
      "gloss": "foot; leg",
      "notes": "Phase 4.1 strategic completion",
      "part_of_speech": "noun",
      "root": "rgl",
      "semantic_field": "body",
      "transliteration": "raglu",
      "unicode": "𐎗𐎂𐎍"
    },
    {
      "citations": "KTU 1.4:IV:14",
      "confidence": 0.92,
      "gloss": "to ride; mount",
      "notes": "Phase 4.1 strategic completion",
      "part_of_speech": "verb",
      "root": "rkb",
      "semantic_field": "action",
      "transliteration": "rakābu",
      "unicode": "𐎗𐎋𐎁"
    },
    {
      "citations": "KTU 1.16:VI:18",
      "confidence": 0.87,
      "gloss": "to heal; cure",
      "notes": "Phase 4.1 strategic completion",
      "part_of_speech": "verb",
      "root": "rpʾ",
      "semantic_field": "action",
      "transliteration": "rapāʾu",
      "unicode": "𐎗𐎔𐎀"
    },
    {
      "citations": "KTU 1.14:I:18; RS 20.24",
      "cognates": "Hebrew rešep Egyptian rshf",
      "confidence": 0.95,
      "gloss": "Reshep",
      "notes": "plague and war god",
      "part_of_speech": "proper_noun",
      "root": "rshp",
      "semantic_field": "divine",
      "transliteration": "rashpu",
      "unicode": "𐎗𐎌𐎔"
    },
    {
      "citations": "KTU 1.3:II:26; 1.4:IV:14",
      "cognates": "Hebrew rāʾāh, Akkadian amāru",
      "confidence": 0.94,
      "gloss": "to see; behold",
      "notes": "Phase 4.1 - perception verb",
      "part_of_speech": "verb",
      "root": "rʾy",
      "semantic_field": "action",
      "transliteration": "raʾāyu",
      "unicode": "𐎗𐎀𐎊"
    },
    {
      "citations": "KTU 1.17:VI:46",
      "confidence": 0.83,
      "gloss": "evil; misfortune",
      "notes": "Phase 4.1 strategic completion",
      "part_of_speech": "noun",
      "root": "rʿ",
      "semantic_field": "social",
      "transliteration": "raʿu",
      "unicode": "𐎗𐎓"
    },
    {
      "citations": "KTU 4.63:II:8; RS 15.88",
      "cognates": "Hebrew rebaʿ Akkadian rebû",
      "confidence": 0.88,
      "gloss": "fourth part; quarter",
      "notes": "fraction",
      "part_of_speech": "noun",
      "root": "rbʿ",
      "semantic_field": "quantity",
      "transliteration": "rubʿu",
      "unicode": "𐎗𐎁𐎓"
    },
    {
      "citations": "KTU 1.4:I:42",
      "cognates": "Hebrew roqaḥ, Akkadian rikqu",
      "confidence": 0.84,
      "gloss": "spice; perfume",
      "notes": "Phase 4.1 final completion",
      "part_of_speech": "noun",
      "root": "rqḥ",
      "semantic_field": "material",
      "transliteration": "ruqāḫu",
      "unicode": "𐎗𐎖𐎃"
    },
    {
      "citations": "KTU 1.2:I:18; RS 2.002",
      "cognates": "Hebrew rūaḥ Akkadian rīḫu",
      "confidence": 0.94,
      "gloss": "wind; spirit",
      "notes": "element",
      "part_of_speech": "noun",
      "root": "rḥ",
      "semantic_field": "nature",
      "transliteration": "rūḫu",
      "unicode": "𐎗𐎃"
    },
    {
      "citations": "KTU 4.63:I:5; RS 15.88",
      "cognates": "Akkadian šāpiru Hebrew sōpēr",
      "confidence": 0.98,
      "gloss": "scribe",
      "notes": "writer/official",
      "part_of_speech": "noun",
      "root": "spr",
      "semantic_field": "administration",
      "transliteration": "sapiru",
      "unicode": "𐎒𐎔𐎗"
    },
    {
      "citations": "KTU 4.751:8",
      "cognates": "Hebrew sāḥar, Akkadian tamkāru, Arabic tājir",
      "confidence": 0.85,
      "gloss": "to trade",
      "notes": "Phase 1 - critical priority. Commercial vocabulary vital for administrative and economic records",
      "part_of_speech": "verb",
      "root": "sḥr",
      "semantic_field": "trade",
      "transliteration": "saḥāru",
      "unicode": "𐎒𐎃𐎗"
    },
    {
      "citations": "KTU 4.182:5",
      "confidence": 0.95,
      "gloss": "eight",
      "notes": "Phase 4.1 strategic completion",
      "part_of_speech": "number",
      "root": "tmn",
      "semantic_field": "quantity",
      "transliteration": "tamānu",
      "unicode": "𐎚𐎎𐎐"
    },
    {
      "citations": "KTU 1.5:I:1; RS 24.258",
      "cognates": "Hebrew tannīn Akkadian tannīnu",
      "confidence": 0.9,
      "gloss": "Tannin",
      "notes": "sea dragon",
      "part_of_speech": "noun",
      "root": "tnn",
      "semantic_field": "divine",
      "transliteration": "tannīnu",
      "unicode": "𐎚𐎐𐎐"
    },
    {
      "citations": "KTU 1.16:I:11",
      "confidence": 0.83,
      "gloss": "prayer; supplication",
      "notes": "Phase 4.1 strategic completion",
      "part_of_speech": "noun",
      "root": "tplt",
      "semantic_field": "religious",
      "transliteration": "tapillatu",
      "unicode": "𐎚𐎔𐎍𐎚"
    },
    {
      "citations": "KTU 1.23:61",
      "confidence": 0.88,
      "gloss": "fig; fruit",
      "notes": "Phase 4.1 strategic completion",
      "part_of_speech": "noun",
      "root": "tʾn",
      "semantic_field": "food",
      "transliteration": "tiʾnu",
      "unicode": "𐎚𐎀𐎐"
    },
    {
      "citations": "KTU 1.17:VI:33",
      "cognates": "Hebrew tuklāh, Akkadian tukultu",
      "confidence": 0.83,
      "gloss": "trust; confidence",
      "notes": "Phase 4.1 final completion",
      "part_of_speech": "noun",
      "root": "tkl",
      "semantic_field": "social",
      "transliteration": "tuklu",
      "unicode": "𐎚𐎋𐎍"
    },
    {
      "citations": "KTU 1.17:I:25",
      "confidence": 0.86,
      "gloss": "goodness; prosperity",
      "notes": "Phase 4.1 strategic completion",
      "part_of_speech": "noun",
      "root": "twb",
      "semantic_field": "social",
      "transliteration": "tūbu",
      "unicode": "𐎚𐎜𐎁"
    },
    {
      "citations": "KTU 4.63:I:1; RS 15.88",
      "cognates": "Akkadian ugarit Egyptian w3g3rt",
      "confidence": 1.0,
      "gloss": "Ugarit",
      "notes": "capital city",
      "part_of_speech": "proper_noun",
      "root": "ugrt",
      "semantic_field": "place",
      "transliteration": "ugarītu",
      "unicode": "𐎜𐎂𐎗𐎚"
    },
    {
      "citations": "KTU 1.3:I:25; RS 3.367",
      "cognates": "Hebrew yād Akkadian qātu",
      "confidence": 1.0,
      "gloss": "hand",
      "notes": "anatomy",
      "part_of_speech": "noun",
      "root": "yd",
      "semantic_field": "body",
      "transliteration": "yadu",
      "unicode": "𐎊𐎃"
    },
    {
      "citations": "KTU 1.4:IV:40",
      "confidence": 0.96,
      "gloss": "to know; understand",
      "notes": "Phase 4.1 strategic completion",
      "part_of_speech": "verb",
      "root": "ydʿ",
      "semantic_field": "action",
      "transliteration": "yadāʿu",
      "unicode": "𐎊𐎃𐎓"
    },
    {
      "citations": "KTU 1.2:III:5; 1.3:III:38; RS 2.008",
      "cognates": "Hebrew yām Akkadian yam",
      "confidence": 1.0,
      "gloss": "Yam",
      "notes": "sea god",
      "part_of_speech": "proper_noun",
      "root": "ym",
      "semantic_field": "divine",
      "transliteration": "yammu",
      "unicode": "𐎊𐎎"
    },
    {
      "citations": "KTU 1.2:IV:27",
      "cognates": "Research needed",
      "confidence": 0.8,
      "gloss": "Yam (sea god)",
      "notes": "Phase 3 - medium priority. Theological vocabulary for mythological narratives",
      "part_of_speech": "proper_noun",
      "root": "yam",
      "semantic_field": "divine",
      "transliteration": "yammu",
      "unicode": "𐎊𐎎"
    },
    {
      "citations": "KTU 1.6:III:12",
      "confidence": 0.84,
      "gloss": "green; fresh",
      "notes": "Phase 4.1 strategic completion",
      "part_of_speech": "adjective",
      "root": "yrq",
      "semantic_field": "material",
      "transliteration": "yarqu",
      "unicode": "𐎊𐎗𐎖"
    },
    {
      "citations": "KTU 1.4:V:7",
      "confidence": 0.97,
      "gloss": "month; moon",
      "notes": "Phase 4.1 strategic completion",
      "part_of_speech": "noun",
      "root": "yrḥ",
      "semantic_field": "time",
      "transliteration": "yarḫu",
      "unicode": "𐎊𐎗𐎃"
    },
    {
      "citations": "KTU 1.4:V:6; 1.6:II:6",
      "cognates": "Hebrew yôm, Akkadian ūmu",
      "confidence": 1.0,
      "gloss": "day; daylight",
      "notes": "Phase 4.1 - temporal noun",
      "part_of_speech": "noun",
      "root": "ywm",
      "semantic_field": "time",
      "transliteration": "yawmu",
      "unicode": "𐎊𐎆𐎎"
    },
    {
      "citations": "KTU 1.3:I:9",
      "cognates": "Hebrew yayin, Akkadian īnu, Arabic nabīdh",
      "confidence": 0.85,
      "gloss": "wine",
      "notes": "Phase 1 - critical priority. Agricultural and dietary terms fundamental to economic texts",
      "part_of_speech": "noun",
      "root": "yyn",
      "semantic_field": "food",
      "transliteration": "yaynu",
      "unicode": "𐎊𐎊𐎐"
    },
    {
      "citations": "KTU 1.4:I:15; RS 3.367",
      "cognates": "Hebrew yāšab Akkadian ašābu",
      "confidence": 0.98,
      "gloss": "to sit; dwell",
      "notes": "settlement",
      "part_of_speech": "verb",
      "root": "yšb",
      "semantic_field": "action",
      "transliteration": "yašābu",
      "unicode": "𐎊𐎌𐎁"
    },
    {
      "citations": "KTU 1.4:VI:40",
      "cognates": "Hebrew zebaḥ, Akkadian zību, Arabic ḏabīḥa",
      "confidence": 0.85,
      "gloss": "sacrifice; feast",
      "notes": "Phase 1 - critical priority. Religious terminology essential for liturgical and mythological texts",
      "part_of_speech": "noun",
      "root": "zḇḥ",
      "semantic_field": "ritual",
      "transliteration": "zabaḥu",
      "unicode": "𐎇𐎁𐎃"
    },
    {
      "citations": "KTU 1.17:I:26",
      "confidence": 0.91,
      "gloss": "to remember; recall",
      "notes": "Phase 4.1 strategic completion",
      "part_of_speech": "verb",
      "root": "zkr",
      "semantic_field": "action",
      "transliteration": "zakāru",
      "unicode": "𐎇𐎋𐎗"
    },
    {
      "citations": "KTU 1.17:I:25",
      "cognates": "Hebrew zeraʿ, Akkadian zēru",
      "confidence": 0.95,
      "gloss": "seed; offspring",
      "notes": "Phase 4.1 final completion",
      "part_of_speech": "noun",
      "root": "zrʿ",
      "semantic_field": "family",
      "transliteration": "zarʿu",
      "unicode": "𐎇𐎗𐎓"
    },
    {
      "citations": "KTU 1.23:7",
      "confidence": 0.93,
      "gloss": "olive; oil",
      "notes": "Phase 4.1 strategic completion",
      "part_of_speech": "noun",
      "root": "zyt",
      "semantic_field": "food",
      "transliteration": "zaytu",
      "unicode": "𐎇𐎊𐎚"
    },
    {
      "citations": "KTU 1.14:II:9; RS 2.003",
      "cognates": "Hebrew zāqēn Akkadian šību",
      "confidence": 0.91,
      "gloss": "elder; old one",
      "notes": "age/authority",
      "part_of_speech": "noun",
      "root": "zqn",
      "semantic_field": "social",
      "transliteration": "ziqnu",
      "unicode": "𐎇𐎖𐎐"
    },
    {
      "citations": "KTU 1.4:IV:31",
      "cognates": "Hebrew śāmaḥ, Akkadian ṣanāḫu",
      "confidence": 0.89,
      "gloss": "to rejoice; be glad",
      "notes": "Phase 4.1 final completion",
      "part_of_speech": "verb",
      "root": "śmḥ",
      "semantic_field": "action",
      "transliteration": "śamāḥu",
      "unicode": "𐎅𐎎𐎃"
    },
    {
      "citations": "KTU 1.3:V:26",
      "confidence": 0.89,
      "gloss": "to hate; despise",
      "notes": "Phase 4.1 strategic completion",
      "part_of_speech": "verb",
      "root": "śnʾ",
      "semantic_field": "action",
      "transliteration": "śanāʾu",
      "unicode": "𐎚𐎐𐎀"
    },
    {
      "citations": "KTU 4.63:I:3; RS 15.88",
      "cognates": "Akkadian śaru Hebrew śar",
      "confidence": 0.95,
      "gloss": "prince; official",
      "notes": "royal officer",
      "part_of_speech": "noun",
      "root": "šr",
      "semantic_field": "administration",
      "transliteration": "śaru",
      "unicode": "𐎌𐎗"
    },
    {
      "citations": "KTU 1.23:8",
      "confidence": 0.98,
      "gloss": "seven",
      "notes": "Phase 4.1 strategic completion",
      "part_of_speech": "number",
      "root": "šbʿ",
      "semantic_field": "quantity",
      "transliteration": "šabʿu",
      "unicode": "𐎌𐎁𐎓"
    },
    {
      "citations": "KTU 1.17:VI:33",
      "confidence": 0.87,
      "gloss": "to forget; neglect",
      "notes": "Phase 4.1 strategic completion",
      "part_of_speech": "verb",
      "root": "šḫḥ",
      "semantic_field": "action",
      "transliteration": "šakāḫu",
      "unicode": "𐎌𐎃𐎃"
    },
    {
      "citations": "KTU 1.23:52",
      "cognates": "Research needed",
      "confidence": 0.8,
      "gloss": "Shalem (dusk god)",
      "notes": "Phase 3 - medium priority. Theological vocabulary for mythological narratives",
      "part_of_speech": "proper_noun",
      "root": "šlm",
      "semantic_field": "divine",
      "transliteration": "šalāmu",
      "unicode": "𐎌𐎍𐎎"
    },
    {
      "citations": "KTU 1.4:IV:62",
      "cognates": "Hebrew šemen, Akkadian šamnu, Arabic samt",
      "confidence": 0.85,
      "gloss": "oil; fat",
      "notes": "Phase 1 - critical priority. Agricultural and dietary terms fundamental to economic texts",
      "part_of_speech": "noun",
      "root": "šmn",
      "semantic_field": "food",
      "transliteration": "šamnu",
      "unicode": "𐎌𐎎𐎐"
    },
    {
      "citations": "KTU 1.2:I:13; RS 24.252",
      "cognates": "Hebrew šāmayim Akkadian šamû",
      "confidence": 1.0,
      "gloss": "heavens; sky",
      "notes": "cosmology",
      "part_of_speech": "noun",
      "root": "šmm",
      "semantic_field": "nature",
      "transliteration": "šamāmu",
      "unicode": "𐎌𐎎𐎎"
    },
    {
      "citations": "KTU 1.3:III:21; 1.4:V:6",
      "cognates": "Hebrew šāmaʿ, Akkadian šemû",
      "confidence": 0.96,
      "gloss": "to hear; listen",
      "notes": "Phase 4.1 - auditory verb",
      "part_of_speech": "verb",
      "root": "šmʿ",
      "semantic_field": "action",
      "transliteration": "šamāʿu",
      "unicode": "𐎌𐎎𐎓"
    },
    {
      "citations": "KTU 1.14:I:25; RS 2.003",
      "cognates": "Hebrew šānāh Akkadian šattu",
      "confidence": 0.98,
      "gloss": "year",
      "notes": "time",
      "part_of_speech": "noun",
      "root": "šnt",
      "semantic_field": "time",
      "transliteration": "šanatu",
      "unicode": "𐎌𐎐𐎚"
    },
    {
      "citations": "KTU 4.182:6",
      "cognates": "Hebrew šāqal, Akkadian šaqālu, Arabic wazana",
      "confidence": 0.85,
      "gloss": "to weigh",
      "notes": "Phase 1 - critical priority. Commercial vocabulary vital for administrative and economic records",
      "part_of_speech": "verb",
      "root": "šqv",
      "semantic_field": "trade",
      "transliteration": "šaqālu",
      "unicode": "𐎌𐎖𐎍"
    },
    {
      "citations": "KTU 1.4:II:41; RS 3.367",
      "cognates": "Hebrew šātāh Akkadian šatû",
      "confidence": 0.98,
      "gloss": "to drink",
      "notes": "consumption",
      "part_of_speech": "verb",
      "root": "šty",
      "semantic_field": "action",
      "transliteration": "šatāyu",
      "unicode": "𐎌𐎚𐎊"
    },
    {
      "citations": "KTU 4.182:4",
      "confidence": 0.96,
      "gloss": "six",
      "notes": "Phase 4.1 strategic completion",
      "part_of_speech": "number",
      "root": "šš",
      "semantic_field": "quantity",
      "transliteration": "šaššu",
      "unicode": "𐎌𐎌"
    },
    {
      "citations": "KTU 1.4:IV:8; 2.72:25",
      "cognates": "Hebrew šaʿar, Akkadian bābu",
      "confidence": 0.89,
      "gloss": "gate; entrance",
      "notes": "Phase 4.1 - civic structure",
      "part_of_speech": "noun",
      "root": "šʿr",
      "semantic_field": "administration",
      "transliteration": "šaʿru",
      "unicode": "𐎌𐎓𐎗"
    },
    {
      "citations": "KTU 4.182:54",
      "cognates": "Hebrew śeʿōrāh, Akkadian šuʾuru, Arabic šaʿīr",
      "confidence": 0.85,
      "gloss": "barley",
      "notes": "Phase 1 - critical priority. Agricultural and dietary terms fundamental to economic texts",
      "part_of_speech": "noun",
      "root": "šʿrt",
      "semantic_field": "food",
      "transliteration": "šaʿīratu",
      "unicode": "𐎌𐎓𐎗𐎚"
    },
    {
      "citations": "KTU 1.23:52",
      "cognates": "Research needed",
      "confidence": 0.8,
      "gloss": "Shahar (dawn god)",
      "notes": "Phase 3 - medium priority. Theological vocabulary for mythological narratives",
      "part_of_speech": "proper_noun",
      "root": "šḥr",
      "semantic_field": "divine",
      "transliteration": "šaḥāru",
      "unicode": "𐎌𐎃𐎗"
    },
    {
      "citations": "KTU 1.101:3",
      "confidence": 0.87,
      "gloss": "song; music",
      "notes": "Phase 4.1 strategic completion",
      "part_of_speech": "noun",
      "root": "šyr",
      "semantic_field": "social",
      "transliteration": "šīru",
      "unicode": "𐎌𐎊𐎗"
    },
    {
      "citations": "KTU 1.6:VI:18",
      "cognates": "Hebrew šôr, Akkadian šūru, Arabic thawr",
      "confidence": 0.85,
      "gloss": "bull; ox",
      "notes": "Phase 1 - critical priority. Core pastoral/hunting vocabulary essential for Bronze Age texts",
      "part_of_speech": "noun",
      "root": "šwr",
      "semantic_field": "animals",
      "transliteration": "šūru",
      "unicode": "𐎌𐎜𐎗"
    },
    {
      "citations": "KTU 1.14:I:10; RS 2.003",
      "cognates": "Hebrew ʾāb Akkadian abu",
      "confidence": 1.0,
      "gloss": "father",
      "notes": "family",
      "part_of_speech": "noun",
      "root": "ʾb",
      "semantic_field": "family",
      "transliteration": "ʾabu",
      "unicode": "𐎀𐎁𐎜"
    },
    {
      "citations": "KTU 1.4:I:27",
      "confidence": 0.87,
      "gloss": "red; ruddy",
      "notes": "Phase 4.1 strategic completion",
      "part_of_speech": "adjective",
      "root": "ʾdm",
      "semantic_field": "material",
      "transliteration": "ʾadāmu",
      "unicode": "𐎀𐎃𐎎"
    },
    {
      "citations": "KTU 1.23:59",
      "confidence": 0.93,
      "gloss": "to love; cherish",
      "notes": "Phase 4.1 strategic completion",
      "part_of_speech": "verb",
      "root": "ʾhb",
      "semantic_field": "action",
      "transliteration": "ʾahabu",
      "unicode": "𐎀𐎅𐎁"
    },
    {
      "citations": "KTU 1.4:II:40; RS 3.367",
      "cognates": "Hebrew ʾākal Akkadian akālu",
      "confidence": 1.0,
      "gloss": "to eat",
      "notes": "consumption",
      "part_of_speech": "verb",
      "root": "ʾkl",
      "semantic_field": "action",
      "transliteration": "ʾakālu",
      "unicode": "𐎀𐎋𐎍"
    },
    {
      "citations": "KTU 1.4:II:15; RS 3.367",
      "cognates": "Hebrew ʾelep Akkadian alpu",
      "confidence": 0.95,
      "gloss": "thousand; cattle",
      "notes": "number/animal",
      "part_of_speech": "noun",
      "root": "ʾlp",
      "semantic_field": "quantity",
      "transliteration": "ʾalpu",
      "unicode": "𐎀𐎍𐎔"
    },
    {
      "citations": "KTU 1.23:8",
      "cognates": "Hebrew ʾayil, Akkadian alû, Arabic ʾayyal",
      "confidence": 0.85,
      "gloss": "ewe; female sheep",
      "notes": "Phase 1 - critical priority. Core pastoral/hunting vocabulary essential for Bronze Age texts",
      "part_of_speech": "noun",
      "root": "ʾlt",
      "semantic_field": "animals",
      "transliteration": "ʾalītu",
      "unicode": "𐎀𐎍𐎚"
    },
    {
      "citations": "KTU 1.2:I:30; RS 2.002",
      "cognates": "Hebrew ʾāmar Akkadian amāru",
      "confidence": 1.0,
      "gloss": "to say; speak",
      "notes": "communication",
      "part_of_speech": "verb",
      "root": "ʾmr",
      "semantic_field": "action",
      "transliteration": "ʾamāru",
      "unicode": "𐎀𐎎𐎗"
    },
    {
      "citations": "KTU 1.14:III:5",
      "cognates": "Hebrew ʾonīyāh, Akkadian eleppu, Arabic sufun",
      "confidence": 0.85,
      "gloss": "ship; boat",
      "notes": "Phase 1 - critical priority. Commercial vocabulary vital for administrative and economic records",
      "part_of_speech": "noun",
      "root": "ʾnyt",
      "semantic_field": "trade",
      "transliteration": "ʾanītu",
      "unicode": "𐎀𐎐𐎊𐎚"
    },
    {
      "citations": "KTU 1.2:I:35; RS 2.002",
      "cognates": "Hebrew ʾap Akkadian appu",
      "confidence": 0.98,
      "gloss": "nose; face",
      "notes": "anatomy",
      "part_of_speech": "noun",
      "root": "ʾp",
      "semantic_field": "body",
      "transliteration": "ʾappu",
      "unicode": "𐎀𐎔"
    },
    {
      "citations": "KTU 1.23:61",
      "cognates": "Hebrew ʾaryēh, Akkadian arû, Arabic ʾasad",
      "confidence": 0.85,
      "gloss": "lion",
      "notes": "Phase 1 - critical priority. Core pastoral/hunting vocabulary essential for Bronze Age texts",
      "part_of_speech": "noun",
      "root": "ʾry",
      "semantic_field": "animals",
      "transliteration": "ʾaryū",
      "unicode": "𐎀𐎗𐎊"
    },
    {
      "citations": "KTU 1.4:VI:18; RS 3.367",
      "cognates": "Hebrew ʾārôn Akkadian arānu",
      "confidence": 0.89,
      "gloss": "chest; ark",
      "notes": "container",
      "part_of_speech": "noun",
      "root": "ʾrn",
      "semantic_field": "material",
      "transliteration": "ʾarānu",
      "unicode": "𐎀𐎗𐎐"
    },
    {
      "citations": "KTU 1.3:III:35",
      "cognates": "Research needed",
      "confidence": 0.8,
      "gloss": "earth; land",
      "notes": "Phase 3 - medium priority. Cosmological terms for creation and geographical texts",
      "part_of_speech": "noun",
      "root": "ʾrṣ",
      "semantic_field": "nature",
      "transliteration": "ʾarṣu",
      "unicode": "𐎀𐎗𐎕"
    },
    {
      "citations": "KTU 1.3:III:38; 1.4:IV:29",
      "cognates": "Hebrew ʾātāh, Akkadian atû",
      "confidence": 0.9,
      "gloss": "to come; arrive",
      "notes": "Phase 4.1 - motion verb",
      "part_of_speech": "verb",
      "root": "ʾty",
      "semantic_field": "action",
      "transliteration": "ʾatāyu",
      "unicode": "𐎀𐎚𐎊"
    },
    {
      "citations": "KTU 1.4:VIII:8",
      "confidence": 0.82,
      "gloss": "island; coastland",
      "notes": "Phase 4.1 strategic completion",
      "part_of_speech": "noun",
      "root": "ʾy",
      "semantic_field": "place",
      "transliteration": "ʾayyu",
      "unicode": "𐎀𐎊"
    },
    {
      "citations": "KTU 1.4:I:14; RS 24.252",
      "cognates": "Hebrew ʾăšērāh Akkadian ašratu",
      "confidence": 1.0,
      "gloss": "Asherah",
      "notes": "El's consort",
      "part_of_speech": "proper_noun",
      "root": "ʾšrt",
      "semantic_field": "divine",
      "transliteration": "ʾaširatu",
      "unicode": "𐎀𐎌𐎗𐎚"
    },
    {
      "citations": "KTU 1.14:I:15; RS 2.003",
      "cognates": "Hebrew ʾāḥ Akkadian aḫu",
      "confidence": 1.0,
      "gloss": "brother",
      "notes": "family",
      "part_of_speech": "noun",
      "root": "ʾḫ",
      "semantic_field": "family",
      "transliteration": "ʾaḫu",
      "unicode": "𐎀𐎃𐎜"
    },
    {
      "citations": "KTU 1.14:I:16",
      "confidence": 0.98,
      "gloss": "sister",
      "notes": "Phase 4.1 strategic completion",
      "part_of_speech": "noun",
      "root": "ʾḫt",
      "semantic_field": "family",
      "transliteration": "ʾaḫātu",
      "unicode": "𐎀𐎃𐎚"
    },
    {
      "citations": "KTU 1.1:III:21; 1.2:I:13; RS 24.252",
      "cognates": "Hebrew ʾēl Akkadian ilu",
      "confidence": 1.0,
      "gloss": "El (supreme god)",
      "notes": "father of gods",
      "part_of_speech": "proper_noun",
      "root": "ʾl",
      "semantic_field": "divine",
      "transliteration": "ʾilu",
      "unicode": "𐎀𐎍"
    },
    {
      "citations": "KTU 1.2:I:13",
      "cognates": "Hebrew ʾĕlōhīm, Akkadian ilu",
      "confidence": 0.97,
      "gloss": "god; deity",
      "notes": "Phase 4.1 final completion",
      "part_of_speech": "noun",
      "root": "ʾlh",
      "semantic_field": "divine",
      "transliteration": "ʾilāhu",
      "unicode": "𐎀𐎍𐎅"
    },
    {
      "citations": "KTU 1.14:I:13; 1.23:55",
      "cognates": "Hebrew ʾiššāh, Akkadian aššatu",
      "confidence": 0.98,
      "gloss": "woman; wife",
      "notes": "Phase 4.1 - gender noun",
      "part_of_speech": "noun",
      "root": "ʾšt",
      "semantic_field": "family",
      "transliteration": "ʾištu",
      "unicode": "𐎀𐎌𐎚"
    },
    {
      "citations": "KTU 1.14:I:12; RS 2.003",
      "cognates": "Hebrew ʾēm Akkadian ummu",
      "confidence": 1.0,
      "gloss": "mother",
      "notes": "family",
      "part_of_speech": "noun",
      "root": "ʾm",
      "semantic_field": "family",
      "transliteration": "ʾummu",
      "unicode": "𐎀𐎎"
    },
    {
      "citations": "KTU 1.4:V:6",
      "confidence": 0.92,
      "gloss": "light; illumination",
      "notes": "Phase 4.1 strategic completion",
      "part_of_speech": "noun",
      "root": "ʾwr",
      "semantic_field": "nature",
      "transliteration": "ʾūru",
      "unicode": "𐎀𐎜𐎗"
    },
    {
      "citations": "KTU 2.72:19",
      "cognates": "Hebrew ʿebed, Akkadian wardu, Arabic ʿabd",
      "confidence": 0.8,
      "gloss": "servant; official",
      "notes": "Phase 2 - high priority. Administrative and royal terminology for political texts",
      "part_of_speech": "noun",
      "root": "ʿbd",
      "semantic_field": "royal",
      "transliteration": "ʿabdu",
      "unicode": "𐎓𐎁𐎃"
    },
    {
      "citations": "KTU 1.5:V:18",
      "confidence": 0.94,
      "gloss": "calf; young bull",
      "notes": "Phase 4.1 strategic completion",
      "part_of_speech": "noun",
      "root": "ʿgl",
      "semantic_field": "animals",
      "transliteration": "ʿaglu",
      "unicode": "𐎓𐎂𐎍"
    },
    {
      "citations": "KTU 1.3:III:35",
      "confidence": 0.93,
      "gloss": "to ascend; go up",
      "notes": "Phase 4.1 strategic completion",
      "part_of_speech": "verb",
      "root": "ʿlw",
      "semantic_field": "action",
      "transliteration": "ʿalāwu",
      "unicode": "𐎓𐎍𐎆"
    },
    {
      "citations": "KTU 1.3:III:40; 1.18:I:17; RS 3.367",
      "cognates": "Hebrew ʿănāt Egyptian ʿnt",
      "confidence": 1.0,
      "gloss": "Anat",
      "notes": "virgin warrior goddess",
      "part_of_speech": "proper_noun",
      "root": "ʿnt",
      "semantic_field": "divine",
      "transliteration": "ʿanatu",
      "unicode": "𐎓𐎐𐎚"
    },
    {
      "citations": "KTU 1.4:V:9",
      "confidence": 0.91,
      "gloss": "cloud; storm cloud",
      "notes": "Phase 4.1 strategic completion",
      "part_of_speech": "noun",
      "root": "ʿnn",
      "semantic_field": "nature",
      "transliteration": "ʿanānu",
      "unicode": "𐎓𐎐𐎐"
    },
    {
      "citations": "KTU 1.3:III:14; RS 3.367",
      "cognates": "Hebrew ʿānāh Akkadian anû",
      "confidence": 0.94,
      "gloss": "to answer",
      "notes": "communication",
      "part_of_speech": "verb",
      "root": "ʿny",
      "semantic_field": "action",
      "transliteration": "ʿanāyu",
      "unicode": "𐎓𐎐𐎊"
    },
    {
      "citations": "KTU 1.4:II:8; RS 3.367",
      "cognates": "Hebrew ʿayin Akkadian īnu",
      "confidence": 1.0,
      "gloss": "eye",
      "notes": "anatomy",
      "part_of_speech": "noun",
      "root": "ʿyn",
      "semantic_field": "body",
      "transliteration": "ʿaynu",
      "unicode": "𐎓𐎊𐎐"
    },
    {
      "citations": "KTU 1.23:7",
      "confidence": 0.91,
      "gloss": "grape; vine",
      "notes": "Phase 4.1 strategic completion",
      "part_of_speech": "noun",
      "root": "ʿnb",
      "semantic_field": "food",
      "transliteration": "ʿinbu",
      "unicode": "𐎓𐎐𐎁"
    },
    {
      "citations": "KTU 1.43:11",
      "cognates": "Hebrew ʿōlāh, Akkadian šutēšubu, Arabic muḥraqa",
      "confidence": 0.85,
      "gloss": "burnt offering",
      "notes": "Phase 1 - critical priority. Religious terminology essential for liturgical and mythological texts",
      "part_of_speech": "noun",
      "root": "ʿlt",
      "semantic_field": "ritual",
      "transliteration": "ʿulītu",
      "unicode": "𐎓𐎍𐎚"
    },
    {
      "citations": "KTU 3.1:15; RS 15.89",
      "cognates": "Hebrew ʿēd Akkadian šūdu",
      "confidence": 0.9,
      "gloss": "witness",
      "notes": "legal witness",
      "part_of_speech": "noun",
      "root": "ʿd",
      "semantic_field": "legal",
      "transliteration": "ʿādu",
      "unicode": "𐎓𐎃"
    },
    {
      "citations": "KTU 1.4:I:26",
      "cognates": "Hebrew zāhāb, Akkadian ḫurāṣu, Arabic ḏahab",
      "confidence": 0.85,
      "gloss": "gold",
      "notes": "Phase 1 - critical priority. Technical vocabulary for metallurgy and artisan activities",
      "part_of_speech": "noun",
      "root": "ḏhb",
      "semantic_field": "craft",
      "transliteration": "ḏahabu",
      "unicode": "𐎏𐎃𐎁"
    },
    {
      "citations": "KTU 1.23:62",
      "confidence": 0.88,
      "gloss": "wolf; jackal",
      "notes": "Phase 4.1 strategic completion",
      "part_of_speech": "noun",
      "root": "ḏʾb",
      "semantic_field": "animals",
      "transliteration": "ḏiʾbu",
      "unicode": "𐎏𐎀𐎁"
    },
    {
      "citations": "KTU 1.17:VI:33",
      "confidence": 0.88,
      "gloss": "wisdom; skill",
      "notes": "Phase 4.1 strategic completion",
      "part_of_speech": "noun",
      "root": "ḥkmt",
      "semantic_field": "social",
      "transliteration": "ḥakmatu",
      "unicode": "𐎃𐎋𐎎𐎚"
    },
    {
      "citations": "KTU 1.17:V:7",
      "confidence": 0.92,
      "gloss": "to judge; rule",
      "notes": "Phase 4.1 strategic completion",
      "part_of_speech": "verb",
      "root": "ḥkm",
      "semantic_field": "legal",
      "transliteration": "ḥakāmu",
      "unicode": "𐎃𐎋𐎎"
    },
    {
      "citations": "KTU 1.23:61",
      "cognates": "Hebrew ḥālab, Akkadian šizbu, Arabic ḥalīb",
      "confidence": 0.85,
      "gloss": "milk",
      "notes": "Phase 1 - critical priority. Agricultural and dietary terms fundamental to economic texts",
      "part_of_speech": "noun",
      "root": "ḥlb",
      "semantic_field": "food",
      "transliteration": "ḥalbu",
      "unicode": "𐎃𐎍𐎁"
    },
    {
      "citations": "KTU 1.14:III:40",
      "confidence": 0.89,
      "gloss": "mother-in-law",
      "notes": "Phase 4.1 strategic completion",
      "part_of_speech": "noun",
      "root": "ḥmt",
      "semantic_field": "family",
      "transliteration": "ḥamātu",
      "unicode": "𐎃𐎎𐎚"
    },
    {
      "citations": "KTU 1.2:IV:17",
      "cognates": "Hebrew ḥereb, Akkadian šipru, Arabic sayf",
      "confidence": 0.85,
      "gloss": "sword",
      "notes": "Phase 1 - critical priority. Military terminology crucial for epic and historical narratives",
      "part_of_speech": "noun",
      "root": "ḥrb",
      "semantic_field": "warfare",
      "transliteration": "ḥarbu",
      "unicode": "𐎃𐎗𐎁"
    },
    {
      "citations": "KTU 1.17:I:26",
      "cognates": "Hebrew ḥāyāh, Arabic ḥayiya",
      "confidence": 0.96,
      "gloss": "to live; be alive",
      "notes": "Phase 4.1 final completion",
      "part_of_speech": "verb",
      "root": "ḥwy",
      "semantic_field": "action",
      "transliteration": "ḥawāyu",
      "unicode": "𐎃𐎆𐎊"
    },
    {
      "citations": "KTU 4.63:I:6",
      "cognates": "Hebrew ḥămôr, Akkadian imēru, Arabic ḥimār",
      "confidence": 0.85,
      "gloss": "donkey; ass",
      "notes": "Phase 1 - critical priority. Core pastoral/hunting vocabulary essential for Bronze Age texts",
      "part_of_speech": "noun",
      "root": "ḥmr",
      "semantic_field": "animals",
      "transliteration": "ḥimāru",
      "unicode": "𐎃𐎎𐎗"
    },
    {
      "citations": "KTU 1.17:VI:42",
      "cognates": "Hebrew ḥēṣ, Akkadian uṣṣu, Arabic sahm",
      "confidence": 0.85,
      "gloss": "arrow",
      "notes": "Phase 1 - critical priority. Military terminology crucial for epic and historical narratives",
      "part_of_speech": "noun",
      "root": "ḥṣ",
      "semantic_field": "warfare",
      "transliteration": "ḥiṣṣu",
      "unicode": "𐎃𐎕"
    },
    {
      "citations": "KTU 4.247:11",
      "cognates": "Hebrew ḥiṭṭāh, Akkadian ḫiṭṭu, Arabic ḥinṭa",
      "confidence": 0.85,
      "gloss": "wheat",
      "notes": "Phase 1 - critical priority. Agricultural and dietary terms fundamental to economic texts",
      "part_of_speech": "noun",
      "root": "ḥṭt",
      "semantic_field": "food",
      "transliteration": "ḥiṭṭatu",
      "unicode": "𐎃𐎉𐎚"
    },
    {
      "citations": "KTU 1.14:I:35",
      "cognates": "Hebrew ḥălôm, Akkadian šutēšubu",
      "confidence": 0.87,
      "gloss": "dream; vision",
      "notes": "Phase 4.1 final completion",
      "part_of_speech": "noun",
      "root": "ḥlm",
      "semantic_field": "religious",
      "transliteration": "ḥulmu",
      "unicode": "𐎃𐎍𐎎"
    },
    {
      "citations": "KTU 4.63:I:23",
      "cognates": "Hebrew ḥārāš, Akkadian ummānu, Arabic ṣāniʿ",
      "confidence": 0.85,
      "gloss": "craftsman",
      "notes": "Phase 1 - critical priority. Technical vocabulary for metallurgy and artisan activities",
      "part_of_speech": "noun",
      "root": "ḥrš",
      "semantic_field": "craft",
      "transliteration": "ḥārišu",
      "unicode": "𐎃𐎗𐎌"
    },
    {
      "citations": "KTU 4.182:3",
      "confidence": 0.97,
      "gloss": "five",
      "notes": "Phase 4.1 strategic completion",
      "part_of_speech": "number",
      "root": "ḥmš",
      "semantic_field": "quantity",
      "transliteration": "ḫamšu",
      "unicode": "𐎃𐎎𐎌"
    },
    {
      "citations": "KTU 1.14:II:26",
      "cognates": "Hebrew ḥārab, Akkadian ḫaribu, Arabic muḥārib",
      "confidence": 0.85,
      "gloss": "warrior",
      "notes": "Phase 1 - critical priority. Military terminology crucial for epic and historical narratives",
      "part_of_speech": "noun",
      "root": "ḫrb",
      "semantic_field": "warfare",
      "transliteration": "ḫaribu",
      "unicode": "𐎃𐎗𐎁"
    },
    {
      "citations": "KTU 1.6:II:7",
      "confidence": 0.86,
      "gloss": "autumn; harvest",
      "notes": "Phase 4.1 strategic completion",
      "part_of_speech": "noun",
      "root": "ḫrp",
      "semantic_field": "time",
      "transliteration": "ḫaripu",
      "unicode": "𐎃𐎗𐎔"
    },
    {
      "citations": "KTU 4.63:I:4; 4.182:12",
      "cognates": "Hebrew ḥōtām, Akkadian kunukku",
      "confidence": 0.92,
      "gloss": "seal; signet",
      "notes": "Phase 4.1 - authentication device",
      "part_of_speech": "noun",
      "root": "ḫtm",
      "semantic_field": "administration",
      "transliteration": "ḫatmu",
      "unicode": "𐎃𐎚𐎎"
    },
    {
      "citations": "KTU 1.14:IV:8",
      "confidence": 0.91,
      "gloss": "son-in-law",
      "notes": "Phase 4.1 strategic completion",
      "part_of_speech": "noun",
      "root": "ḥtn",
      "semantic_field": "family",
      "transliteration": "ḫatnu",
      "unicode": "𐎃𐎚𐎐"
    },
    {
      "citations": "KTU 1.3:III:50",
      "confidence": 0.9,
      "gloss": "strength; force",
      "notes": "Phase 4.1 strategic completion",
      "part_of_speech": "noun",
      "root": "ḫyl",
      "semantic_field": "warfare",
      "transliteration": "ḫaylu",
      "unicode": "𐎃𐎊𐎍"
    },
    {
      "citations": "KTU 1.23:14",
      "cognates": "Hebrew ḥăzīr, Akkadian ḫuzīru, Arabic khinzīr",
      "confidence": 0.85,
      "gloss": "pig; boar",
      "notes": "Phase 1 - critical priority. Core pastoral/hunting vocabulary essential for Bronze Age texts",
      "part_of_speech": "noun",
      "root": "ḫzr",
      "semantic_field": "animals",
      "transliteration": "ḫazīru",
      "unicode": "𐎃𐎇𐎗"
    },
    {
      "citations": "KTU 1.4:VIII:8",
      "confidence": 0.89,
      "gloss": "darkness; gloom",
      "notes": "Phase 4.1 strategic completion",
      "part_of_speech": "noun",
      "root": "ḥšk",
      "semantic_field": "nature",
      "transliteration": "ḫašāku",
      "unicode": "𐎃𐎌𐎋"
    },
    {
      "citations": "KTU 1.4:IV:20; RS 3.367",
      "cognates": "Akkadian ḫubur Hebrew ḥbr",
      "confidence": 0.87,
      "gloss": "Khubur",
      "notes": "underworld river",
      "part_of_speech": "proper_noun",
      "root": "ḫbr",
      "semantic_field": "place",
      "transliteration": "ḫuburu",
      "unicode": "𐎃𐎁𐎗"
    },
    {
      "citations": "KTU 4.63:II:5; RS 15.88",
      "cognates": "Akkadian ḫaurānu Hebrew ḥôrān",
      "confidence": 0.9,
      "gloss": "Hauran",
      "notes": "regional name",
      "part_of_speech": "proper_noun",
      "root": "ḥrn",
      "semantic_field": "place",
      "transliteration": "ḫurānu",
      "unicode": "𐎃𐎗𐎐"
    },
    {
      "citations": "KTU 1.10:III:13",
      "confidence": 0.89,
      "gloss": "gazelle; deer",
      "notes": "Phase 4.1 strategic completion",
      "part_of_speech": "noun",
      "root": "ṣbʾ",
      "semantic_field": "animals",
      "transliteration": "ṣabiʾu",
      "unicode": "𐎕𐎁𐎀"
    },
    {
      "citations": "KTU 1.3:II:23",
      "confidence": 0.94,
      "gloss": "army; host",
      "notes": "Phase 4.1 strategic completion",
      "part_of_speech": "noun",
      "root": "ṣbʾ",
      "semantic_field": "warfare",
      "transliteration": "ṣabāʾu",
      "unicode": "𐎕𐎁𐎀"
    },
    {
      "citations": "KTU 1.17:V:8",
      "confidence": 0.85,
      "gloss": "justice; righteousness",
      "notes": "Phase 4.1 strategic completion",
      "part_of_speech": "noun",
      "root": "ṣdq",
      "semantic_field": "legal",
      "transliteration": "ṣadāqu",
      "unicode": "𐎕𐎃𐎖"
    },
    {
      "citations": "KTU 1.4:I:43",
      "confidence": 0.9,
      "gloss": "image; statue",
      "notes": "Phase 4.1 strategic completion",
      "part_of_speech": "noun",
      "root": "ṣlm",
      "semantic_field": "religious",
      "transliteration": "ṣalmu",
      "unicode": "𐎕𐎍𐎎"
    },
    {
      "citations": "KTU 1.3:I:20; RS 3.367",
      "cognates": "Hebrew ṣāpôn Akkadian ṣapānu",
      "confidence": 1.0,
      "gloss": "Mount Zaphon",
      "notes": "Baal's mountain",
      "part_of_speech": "proper_noun",
      "root": "ṣpn",
      "semantic_field": "place",
      "transliteration": "ṣapānu",
      "unicode": "𐎕𐎔𐎐"
    },
    {
      "citations": "KTU 4.63:II:4",
      "cognates": "Hebrew ṣārap, Akkadian ṣarāpu, Arabic ṣahhar",
      "confidence": 0.85,
      "gloss": "to refine; smelt",
      "notes": "Phase 1 - critical priority. Technical vocabulary for metallurgy and artisan activities",
      "part_of_speech": "verb",
      "root": "ṣrf",
      "semantic_field": "craft",
      "transliteration": "ṣarāpu",
      "unicode": "𐎕𐎗𐎔"
    },
    {
      "citations": "KTU 1.15:III:18",
      "cognates": "Hebrew ṣōʾn, Akkadian ṣēnu, Arabic ḍaʾn",
      "confidence": 0.85,
      "gloss": "flock; sheep",
      "notes": "Phase 1 - critical priority. Core pastoral/hunting vocabulary essential for Bronze Age texts",
      "part_of_speech": "noun",
      "root": "ṣʾn",
      "semantic_field": "animals",
      "transliteration": "ṣāʾnu",
      "unicode": "𐎕𐎀𐎐"
    },
    {
      "citations": "KTU 1.4:IV:35",
      "confidence": 0.89,
      "gloss": "to cook; prepare",
      "notes": "Phase 4.1 strategic completion",
      "part_of_speech": "verb",
      "root": "ṭbḫ",
      "semantic_field": "action",
      "transliteration": "ṭabaḫu",
      "unicode": "𐎉𐎁𐎃"
    },
    {
      "citations": "KTU 1.40:25",
      "cognates": "Hebrew ṭāhēr, Akkadian ullulu, Arabic ṭahhar",
      "confidence": 0.85,
      "gloss": "to purify",
      "notes": "Phase 1 - critical priority. Religious terminology essential for liturgical and mythological texts",
      "part_of_speech": "verb",
      "root": "ṭhr",
      "semantic_field": "ritual",
      "transliteration": "ṭahāru",
      "unicode": "𐎉𐎅𐎗"
    }
  ],
  "metadata": {
    "author": "Lackadaisical Security 2025",
    "description": "Authentic Ugaritic lexicon with academic citations",
    "last_updated": "2025-08-07",
    "license": "GPL-3.0-or-later",
    "name": "UGARIT Cuneiform Lexicon",
    "total_entries": 203,
    "version": "1.0.0"
  }
}