root,transliteration,unicode,gloss,part_of_speech,semantic_field,citations,notes,cognates,confidence
bky,bakāyu,𐎁𐎋𐎊,to weep; cry,verb,action,KTU 1.5:VI:11,Phase 4.1 final completion,"Hebrew bākāh, Akkadian bakû",0.92
bnw,banāwu,𐎁𐎐𐎆,to build; construct,verb,action,KTU 1.4:VI:10,Phase 4.1 final completion,"Hebrew bānāh, Akkadian banû",0.94
bšl,bašālu,𐎁𐎌𐎍,to boil; stew,verb,action,KTU 1.4:IV:36,Phase 4.1 strategic completion,,0.85
dbr,dabāru,𐎃𐎁𐎗,to speak; say,verb,action,KTU 1.2:I:30; 1.3:II:15,Phase 4.1 - communication verb,"Hebrew dābar, Akkadian dabābu",0.91
hlk,halāku,𐎄𐎍𐎋,to go; walk,verb,action,KTU 1.3:I:3; RS 3.367,movement,Hebrew hālak Akkadian alāku,1.0
hrg,harāgu,𐎄𐎗𐎂,to kill; slay,verb,action,KTU 1.3:II:30; RS 3.367,violence,Hebrew hārag Akkadian ḫarāgu,0.96
hrs,harāsu,𐎅𐎗𐎒,to destroy; demolish,verb,action,KTU 1.3:III:44,Phase 4.1 final completion,"Hebrew hāras, Akkadian harāsu",0.91
hwy,hawāyu,𐎅𐎆𐎊,to be; exist,verb,action,KTU 1.4:IV:59; 1.17:I:26,Phase 4.1 - existential verb,"Hebrew hāyāh, Arabic hawiya",0.92
lqḥ,laqāḥu,𐎍𐎖𐎃,to take; receive,verb,action,KTU 1.4:VI:25; 1.17:II:8,Phase 4.1 - acquisition verb,"Hebrew lāqaḥ, Akkadian leqû",0.93
lḥm,laḥāmu,𐎍𐎃𐎎,to fight; wage war,verb,action,KTU 1.3:II:15; RS 3.367,warfare,Hebrew lāḥam Akkadian laḫāmu,0.95
mḥṣ,maḫāṣu,𐎎𐎃𐎕,to strike; smite,verb,action,KTU 1.3:II:23; RS 3.367,violence,Hebrew māḥaṣ Akkadian maḫāṣu,0.93
npl,napālu,𐎐𐎔𐎍,to fall; drop,verb,action,KTU 1.5:VI:17,Phase 4.1 strategic completion,,0.9
ntn,natānu,𐎐𐎚𐎐,to give; grant,verb,action,KTU 1.4:IV:40; 1.14:I:20,Phase 4.1 - transfer verb,"Hebrew nātan, Akkadian nadānu",0.95
nḥt,naḫātu,𐎐𐎃𐎚,to descend; go down,verb,action,KTU 1.5:VI:15,Phase 4.1 strategic completion,,0.91
pkg,pakāgu,𐎔𐎋𐎂,to meet; encounter,verb,action,KTU 1.3:III:38,Phase 4.1 final completion,"Hebrew pāgaʿ, Akkadian pagû",0.85
qrʾ,qarāʾu,𐎖𐎗𐎀,to call; read,verb,action,KTU 1.14:I:35; RS 2.003,communication,Hebrew qārāʾ Akkadian qerû,0.96
qwm,qūmu,𐎖𐎆𐎎,to stand; rise,verb,action,KTU 1.2:I:31,Phase 4.1 strategic completion,,0.95
rkb,rakābu,𐎗𐎋𐎁,to ride; mount,verb,action,KTU 1.4:IV:14,Phase 4.1 strategic completion,,0.92
rpʾ,rapāʾu,𐎗𐎔𐎀,to heal; cure,verb,action,KTU 1.16:VI:18,Phase 4.1 strategic completion,,0.87
rʾy,raʾāyu,𐎗𐎀𐎊,to see; behold,verb,action,KTU 1.3:II:26; 1.4:IV:14,Phase 4.1 - perception verb,"Hebrew rāʾāh, Akkadian amāru",0.94
ydʿ,yadāʿu,𐎊𐎃𐎓,to know; understand,verb,action,KTU 1.4:IV:40,Phase 4.1 strategic completion,,0.96
yšb,yašābu,𐎊𐎌𐎁,to sit; dwell,verb,action,KTU 1.4:I:15; RS 3.367,settlement,Hebrew yāšab Akkadian ašābu,0.98
zkr,zakāru,𐎇𐎋𐎗,to remember; recall,verb,action,KTU 1.17:I:26,Phase 4.1 strategic completion,,0.91
śmḥ,śamāḥu,𐎅𐎎𐎃,to rejoice; be glad,verb,action,KTU 1.4:IV:31,Phase 4.1 final completion,"Hebrew śāmaḥ, Akkadian ṣanāḫu",0.89
śnʾ,śanāʾu,𐎚𐎐𐎀,to hate; despise,verb,action,KTU 1.3:V:26,Phase 4.1 strategic completion,,0.89
šḫḥ,šakāḫu,𐎌𐎃𐎃,to forget; neglect,verb,action,KTU 1.17:VI:33,Phase 4.1 strategic completion,,0.87
šmʿ,šamāʿu,𐎌𐎎𐎓,to hear; listen,verb,action,KTU 1.3:III:21; 1.4:V:6,Phase 4.1 - auditory verb,"Hebrew šāmaʿ, Akkadian šemû",0.96
šty,šatāyu,𐎌𐎚𐎊,to drink,verb,action,KTU 1.4:II:41; RS 3.367,consumption,Hebrew šātāh Akkadian šatû,0.98
ʾhb,ʾahabu,𐎀𐎅𐎁,to love; cherish,verb,action,KTU 1.23:59,Phase 4.1 strategic completion,,0.93
ʾkl,ʾakālu,𐎀𐎋𐎍,to eat,verb,action,KTU 1.4:II:40; RS 3.367,consumption,Hebrew ʾākal Akkadian akālu,1.0
ʾmr,ʾamāru,𐎀𐎎𐎗,to say; speak,verb,action,KTU 1.2:I:30; RS 2.002,communication,Hebrew ʾāmar Akkadian amāru,1.0
ʾty,ʾatāyu,𐎀𐎚𐎊,to come; arrive,verb,action,KTU 1.3:III:38; 1.4:IV:29,Phase 4.1 - motion verb,"Hebrew ʾātāh, Akkadian atû",0.9
ʿlw,ʿalāwu,𐎓𐎍𐎆,to ascend; go up,verb,action,KTU 1.3:III:35,Phase 4.1 strategic completion,,0.93
ʿny,ʿanāyu,𐎓𐎐𐎊,to answer,verb,action,KTU 1.3:III:14; RS 3.367,communication,Hebrew ʿānāh Akkadian anû,0.94
ḥwy,ḥawāyu,𐎃𐎆𐎊,to live; be alive,verb,action,KTU 1.17:I:26,Phase 4.1 final completion,"Hebrew ḥāyāh, Arabic ḥayiya",0.96
ṭbḫ,ṭabaḫu,𐎉𐎁𐎃,to cook; prepare,verb,action,KTU 1.4:IV:35,Phase 4.1 strategic completion,,0.89
mdn,madānu,𐎎𐎃𐎐,tribute; tax,noun,administration,KTU 4.182:3; 4.247:5,Phase 4.1 - fiscal term,"Hebrew middāh, Akkadian mandattu",0.86
qrt,qaryatu,𐎖𐎗𐎚,city; town,noun,administration,KTU 1.14:III:10; 2.30:18,Phase 4.1 - settlement type,"Hebrew qiryāh, Akkadian ālu",0.94
rb,rabbu,𐎗𐎁,chief; great one,noun,administration,KTU 4.63:II:7; RS 15.88,high official,Akkadian rabbu Hebrew rab,0.92
spr,sapiru,𐎒𐎔𐎗,scribe,noun,administration,KTU 4.63:I:5; RS 15.88,writer/official,Akkadian šāpiru Hebrew sōpēr,0.98
šr,śaru,𐎌𐎗,prince; official,noun,administration,KTU 4.63:I:3; RS 15.88,royal officer,Akkadian śaru Hebrew śar,0.95
šʿr,šaʿru,𐎌𐎓𐎗,gate; entrance,noun,administration,KTU 1.4:IV:8; 2.72:25,Phase 4.1 - civic structure,"Hebrew šaʿar, Akkadian bābu",0.89
ḫtm,ḫatmu,𐎃𐎚𐎎,seal; signet,noun,administration,KTU 4.63:I:4; 4.182:12,Phase 4.1 - authentication device,"Hebrew ḥōtām, Akkadian kunukku",0.92
klb,kalbu,𐎋𐎍𐎁,dog,noun,animals,KTU 1.114:18,Phase 1 - critical priority. Core pastoral/hunting vocabulary essential for Bronze Age texts,"Hebrew keleb, Akkadian kalbu, Arabic kalb",0.85
nšr,našru,𐎐𐎌𐎗,eagle,noun,animals,KTU 1.19:I:42,Phase 1 - critical priority. Core pastoral/hunting vocabulary essential for Bronze Age texts,"Hebrew nešer, Akkadian našru, Arabic nisr",0.85
nḥš,naḥāšu,𐎐𐎃𐎌,serpent; snake,noun,animals,KTU 1.5:I:3,Phase 4.1 strategic completion,,0.92
šwr,šūru,𐎌𐎜𐎗,bull; ox,noun,animals,KTU 1.6:VI:18,Phase 1 - critical priority. Core pastoral/hunting vocabulary essential for Bronze Age texts,"Hebrew šôr, Akkadian šūru, Arabic thawr",0.85
ʾlt,ʾalītu,𐎀𐎍𐎚,ewe; female sheep,noun,animals,KTU 1.23:8,Phase 1 - critical priority. Core pastoral/hunting vocabulary essential for Bronze Age texts,"Hebrew ʾayil, Akkadian alû, Arabic ʾayyal",0.85
ʾry,ʾaryū,𐎀𐎗𐎊,lion,noun,animals,KTU 1.23:61,Phase 1 - critical priority. Core pastoral/hunting vocabulary essential for Bronze Age texts,"Hebrew ʾaryēh, Akkadian arû, Arabic ʾasad",0.85
ʿgl,ʿaglu,𐎓𐎂𐎍,calf; young bull,noun,animals,KTU 1.5:V:18,Phase 4.1 strategic completion,,0.94
ḏʾb,ḏiʾbu,𐎏𐎀𐎁,wolf; jackal,noun,animals,KTU 1.23:62,Phase 4.1 strategic completion,,0.88
ḥmr,ḥimāru,𐎃𐎎𐎗,donkey; ass,noun,animals,KTU 4.63:I:6,Phase 1 - critical priority. Core pastoral/hunting vocabulary essential for Bronze Age texts,"Hebrew ḥămôr, Akkadian imēru, Arabic ḥimār",0.85
ḫzr,ḫazīru,𐎃𐎇𐎗,pig; boar,noun,animals,KTU 1.23:14,Phase 1 - critical priority. Core pastoral/hunting vocabulary essential for Bronze Age texts,"Hebrew ḥăzīr, Akkadian ḫuzīru, Arabic khinzīr",0.85
ṣbʾ,ṣabiʾu,𐎕𐎁𐎀,gazelle; deer,noun,animals,KTU 1.10:III:13,Phase 4.1 strategic completion,,0.89
ṣʾn,ṣāʾnu,𐎕𐎀𐎐,flock; sheep,noun,animals,KTU 1.15:III:18,Phase 1 - critical priority. Core pastoral/hunting vocabulary essential for Bronze Age texts,"Hebrew ṣōʾn, Akkadian ṣēnu, Arabic ḍaʾn",0.85
kf,kappu,𐎋𐎔,palm; hand,noun,body,KTU 1.3:III:42,Phase 4.1 strategic completion,,0.94
lb,libbu,𐎍𐎁,heart; mind,noun,body,KTU 1.3:IV:8,Phase 4.1 strategic completion,,0.95
mrṣ,marāṣu,𐎎𐎗𐎕,illness; disease,noun,body,KTU 1.16:VI:17,Phase 4.1 strategic completion,,0.85
pnm,panīmu,𐎔𐎐𐎎,face; presence,noun,body,KTU 1.2:I:35,Phase 4.1 strategic completion,,0.96
pḥ,pîhu,𐎔𐎃,mouth,noun,body,KTU 1.2:I:37; RS 2.002,anatomy,Hebrew peh Akkadian pû,0.96
rgl,raglu,𐎗𐎂𐎍,foot; leg,noun,body,KTU 1.4:III:18,Phase 4.1 strategic completion,,0.92
yd,yadu,𐎊𐎃,hand,noun,body,KTU 1.3:I:25; RS 3.367,anatomy,Hebrew yād Akkadian qātu,1.0
ʾp,ʾappu,𐎀𐎔,nose; face,noun,body,KTU 1.2:I:35; RS 2.002,anatomy,Hebrew ʾap Akkadian appu,0.98
ʿyn,ʿaynu,𐎓𐎊𐎐,eye,noun,body,KTU 1.4:II:8; RS 3.367,anatomy,Hebrew ʿayin Akkadian īnu,1.0
kly,kalīyu,𐎋𐎍𐎊,vessel; tool,noun,craft,KTU 1.4:I:44,Phase 1 - critical priority. Technical vocabulary for metallurgy and artisan activities,"Hebrew kəlī, Akkadian unūtu, Arabic ʾilāt",0.85
ksp,kaspu,𐎋𐎒𐎔,silver,noun,craft,KTU 1.4:I:26,Phase 1 - critical priority. Technical vocabulary for metallurgy and artisan activities,"Hebrew kesep, Akkadian kaspu, Arabic fiḍḍa",0.85
nsk,nasāku,𐎐𐎒𐎋,to cast; pour,verb,craft,KTU 1.4:I:33,Phase 1 - critical priority. Technical vocabulary for metallurgy and artisan activities,"Hebrew nāsak, Akkadian nasāku, Arabic sabb",0.85
nḥšt,naḥuštu,𐎐𐎃𐎌𐎚,copper; bronze,noun,craft,KTU 4.63:I:11,Phase 1 - critical priority. Technical vocabulary for metallurgy and artisan activities,"Hebrew nəḥōšet, Akkadian erû, Arabic naḥḥās",0.85
ḏhb,ḏahabu,𐎏𐎃𐎁,gold,noun,craft,KTU 1.4:I:26,Phase 1 - critical priority. Technical vocabulary for metallurgy and artisan activities,"Hebrew zāhāb, Akkadian ḫurāṣu, Arabic ḏahab",0.85
ḥrš,ḥārišu,𐎃𐎗𐎌,craftsman,noun,craft,KTU 4.63:I:23,Phase 1 - critical priority. Technical vocabulary for metallurgy and artisan activities,"Hebrew ḥārāš, Akkadian ummānu, Arabic ṣāniʿ",0.85
ṣrf,ṣarāpu,𐎕𐎗𐎔,to refine; smelt,verb,craft,KTU 4.63:II:4,Phase 1 - critical priority. Technical vocabulary for metallurgy and artisan activities,"Hebrew ṣārap, Akkadian ṣarāpu, Arabic ṣahhar",0.85
bʿl,baʿlu,𐎁𐎓𐎍,Baal,proper_noun,divine,KTU 1.2:I:19; 1.3:I:1; RS 2.002,storm and fertility god,Hebrew baʿal Akkadian bēlu,1.0
il,ilu,𐎛𐎍,god,noun,divine,KTU 1.2:I:13; RS 24.252,deity,Hebrew ʾēl Akkadian ilu,1.0
mlk,maliku,𐎎𐎍𐎋,king; Malik,noun,divine,KTU 1.107:3; RS 24.264,underworld king,Hebrew melek Akkadian maliku,0.88
mwt,mawtu,𐎎𐎜𐎚,Mot (death god),proper_noun,divine,KTU 1.5:I:5,Phase 3 - medium priority. Theological vocabulary for mythological narratives,Research needed,0.8
mt,môtu,𐎎𐎚,Mot,proper_noun,divine,KTU 1.5:I:1; 1.6:II:20; RS 24.258,death god,Hebrew māwet Akkadian mūtu,1.0
nhr,naharu,𐎐𐎄𐎗,Nahar,proper_noun,divine,KTU 1.2:III:6; RS 2.008,river god,Akkadian nahru Hebrew nāhār,0.92
rshp,rashpu,𐎗𐎌𐎔,Reshep,proper_noun,divine,KTU 1.14:I:18; RS 20.24,plague and war god,Hebrew rešep Egyptian rshf,0.95
tnn,tannīnu,𐎚𐎐𐎐,Tannin,noun,divine,KTU 1.5:I:1; RS 24.258,sea dragon,Hebrew tannīn Akkadian tannīnu,0.9
ym,yammu,𐎊𐎎,Yam,proper_noun,divine,KTU 1.2:III:5; 1.3:III:38; RS 2.008,sea god,Hebrew yām Akkadian yam,1.0
yam,yammu,𐎊𐎎,Yam (sea god),proper_noun,divine,KTU 1.2:IV:27,Phase 3 - medium priority. Theological vocabulary for mythological narratives,Research needed,0.8
šlm,šalāmu,𐎌𐎍𐎎,Shalem (dusk god),proper_noun,divine,KTU 1.23:52,Phase 3 - medium priority. Theological vocabulary for mythological narratives,Research needed,0.8
šḥr,šaḥāru,𐎌𐎃𐎗,Shahar (dawn god),proper_noun,divine,KTU 1.23:52,Phase 3 - medium priority. Theological vocabulary for mythological narratives,Research needed,0.8
ʾšrt,ʾaširatu,𐎀𐎌𐎗𐎚,Asherah,proper_noun,divine,KTU 1.4:I:14; RS 24.252,El's consort,Hebrew ʾăšērāh Akkadian ašratu,1.0
ʾl,ʾilu,𐎀𐎍,El (supreme god),proper_noun,divine,KTU 1.1:III:21; 1.2:I:13; RS 24.252,father of gods,Hebrew ʾēl Akkadian ilu,1.0
ʾlh,ʾilāhu,𐎀𐎍𐎅,god; deity,noun,divine,KTU 1.2:I:13,Phase 4.1 final completion,"Hebrew ʾĕlōhīm, Akkadian ilu",0.97
ʿnt,ʿanatu,𐎓𐎐𐎚,Anat,proper_noun,divine,KTU 1.3:III:40; 1.18:I:17; RS 3.367,virgin warrior goddess,Hebrew ʿănāt Egyptian ʿnt,1.0
bn,banu,𐎁𐎐,son,noun,family,KTU 1.14:I:13; RS 2.003,family,Hebrew bēn Akkadian māru,1.0
bt,battu,𐎁𐎚,daughter,noun,family,KTU 1.14:I:14; RS 2.003,family,Hebrew bat Akkadian mārtu,0.98
klt,kalātu,𐎋𐎍𐎚,daughter-in-law,noun,family,KTU 1.15:II:26,Phase 4.1 strategic completion,,0.87
zrʿ,zarʿu,𐎇𐎗𐎓,seed; offspring,noun,family,KTU 1.17:I:25,Phase 4.1 final completion,"Hebrew zeraʿ, Akkadian zēru",0.95
ʾb,ʾabu,𐎀𐎁𐎜,father,noun,family,KTU 1.14:I:10; RS 2.003,family,Hebrew ʾāb Akkadian abu,1.0
ʾḫ,ʾaḫu,𐎀𐎃𐎜,brother,noun,family,KTU 1.14:I:15; RS 2.003,family,Hebrew ʾāḥ Akkadian aḫu,1.0
ʾḫt,ʾaḫātu,𐎀𐎃𐎚,sister,noun,family,KTU 1.14:I:16,Phase 4.1 strategic completion,,0.98
ʾšt,ʾištu,𐎀𐎌𐎚,woman; wife,noun,family,KTU 1.14:I:13; 1.23:55,Phase 4.1 - gender noun,"Hebrew ʾiššāh, Akkadian aššatu",0.98
ʾm,ʾummu,𐎀𐎎,mother,noun,family,KTU 1.14:I:12; RS 2.003,family,Hebrew ʾēm Akkadian ummu,1.0
ḥmt,ḥamātu,𐎃𐎎𐎚,mother-in-law,noun,family,KTU 1.14:III:40,Phase 4.1 strategic completion,,0.89
ḥtn,ḫatnu,𐎃𐎚𐎐,son-in-law,noun,family,KTU 1.14:IV:8,Phase 4.1 strategic completion,,0.91
dvš,dibšu,𐎃𐎁𐎌,honey,noun,food,KTU 1.23:61,Phase 1 - critical priority. Agricultural and dietary terms fundamental to economic texts,"Hebrew dəbaš, Akkadian dišpu, Arabic ʿasal",0.85
qmḥ,qamḫu,𐎖𐎎𐎃,flour; grain,noun,food,KTU 4.247:11,Phase 4.1 strategic completion,,0.92
tʾn,tiʾnu,𐎚𐎀𐎐,fig; fruit,noun,food,KTU 1.23:61,Phase 4.1 strategic completion,,0.88
yyn,yaynu,𐎊𐎊𐎐,wine,noun,food,KTU 1.3:I:9,Phase 1 - critical priority. Agricultural and dietary terms fundamental to economic texts,"Hebrew yayin, Akkadian īnu, Arabic nabīdh",0.85
zyt,zaytu,𐎇𐎊𐎚,olive; oil,noun,food,KTU 1.23:7,Phase 4.1 strategic completion,,0.93
šmn,šamnu,𐎌𐎎𐎐,oil; fat,noun,food,KTU 1.4:IV:62,Phase 1 - critical priority. Agricultural and dietary terms fundamental to economic texts,"Hebrew šemen, Akkadian šamnu, Arabic samt",0.85
šʿrt,šaʿīratu,𐎌𐎓𐎗𐎚,barley,noun,food,KTU 4.182:54,Phase 1 - critical priority. Agricultural and dietary terms fundamental to economic texts,"Hebrew śeʿōrāh, Akkadian šuʾuru, Arabic šaʿīr",0.85
ʿnb,ʿinbu,𐎓𐎐𐎁,grape; vine,noun,food,KTU 1.23:7,Phase 4.1 strategic completion,,0.91
ḥlb,ḥalbu,𐎃𐎍𐎁,milk,noun,food,KTU 1.23:61,Phase 1 - critical priority. Agricultural and dietary terms fundamental to economic texts,"Hebrew ḥālab, Akkadian šizbu, Arabic ḥalīb",0.85
ḥṭt,ḥiṭṭatu,𐎃𐎉𐎚,wheat,noun,food,KTU 4.247:11,Phase 1 - critical priority. Agricultural and dietary terms fundamental to economic texts,"Hebrew ḥiṭṭāh, Akkadian ḫiṭṭu, Arabic ḥinṭa",0.85
dm,damu,𐎃𐎎,blood; bloodprice,noun,legal,KTU 1.3:II:35; RS 3.367,legal compensation,Hebrew dām Akkadian dāmu,0.92
dyn,dayānu,𐎃𐎊𐎐,judge,noun,legal,KTU 1.16:VI:28; RS 2.004,legal official,Hebrew dayyān Akkadian dayānu,0.93
ʿd,ʿādu,𐎓𐎃,witness,noun,legal,KTU 3.1:15; RS 15.89,legal witness,Hebrew ʿēd Akkadian šūdu,0.9
ḥkm,ḥakāmu,𐎃𐎋𐎎,to judge; rule,verb,legal,KTU 1.17:V:7,Phase 4.1 strategic completion,,0.92
ṣdq,ṣadāqu,𐎕𐎃𐎖,justice; righteousness,noun,legal,KTU 1.17:V:8,Phase 4.1 strategic completion,,0.85
byt,baytu,𐎁𐎊𐎚,house; temple,noun,material,KTU 1.4:VI:10; RS 3.367,architecture,Hebrew bayit Akkadian bītu,1.0
hkl,haikalu,𐎄𐎋𐎍,temple; palace,noun,material,KTU 1.4:VI:12; RS 3.367,architecture,Hebrew hêkāl Akkadian ēkallu,0.94
ktn,kuttānu,𐎋𐎚𐎐,tunic; robe,noun,material,KTU 1.4:II:26,Phase 4.1 strategic completion,,0.86
lbn,labānu,𐎍𐎁𐎐,white; pure,adjective,material,KTU 1.4:I:28,Phase 4.1 strategic completion,,0.89
lbš,lubušu,𐎍𐎁𐎌,clothing; garment,noun,material,KTU 1.4:I:42,Phase 4.1 strategic completion,,0.94
mglt,magallatu,𐎎𐎂𐎍𐎚,chariot; vehicle,noun,material,KTU 1.4:IV:14,Phase 4.1 strategic completion,,0.86
nʿl,naʿlu,𐎐𐎓𐎍,sandal; shoe,noun,material,KTU 1.19:I:7,Phase 4.1 strategic completion,,0.82
rqḥ,ruqāḫu,𐎗𐎖𐎃,spice; perfume,noun,material,KTU 1.4:I:42,Phase 4.1 final completion,"Hebrew roqaḥ, Akkadian rikqu",0.84
yrq,yarqu,𐎊𐎗𐎖,green; fresh,adjective,material,KTU 1.6:III:12,Phase 4.1 strategic completion,,0.84
ʾdm,ʾadāmu,𐎀𐎃𐎎,red; ruddy,adjective,material,KTU 1.4:I:27,Phase 4.1 strategic completion,,0.87
ʾrn,ʾarānu,𐎀𐎗𐎐,chest; ark,noun,material,KTU 1.4:VI:18; RS 3.367,container,Hebrew ʾārôn Akkadian arānu,0.89
brq,barqu,𐎁𐎗𐎖,lightning; flash,noun,nature,KTU 1.4:V:8,Phase 4.1 strategic completion,,0.88
bqʿt,buqʿatu,𐎁𐎖𐎓𐎚,valley; plain,noun,nature,KTU 1.6:I:59,Phase 4.1 strategic completion,,0.88
hr,harru,𐎅𐎗,mountain; hill,noun,nature,KTU 1.3:III:29,Phase 4.1 strategic completion,,0.96
kbkm,kawkabuma,𐎋𐎁𐎋𐎎,stars,noun,nature,KTU 1.3:IV:42; RS 3.367,celestial bodies,Hebrew kôkābîm Arabic kawākib,1.0
mṭr,maṭaru,𐎎𐎉𐎗,rain; rainfall,noun,nature,KTU 1.3:II:40,Phase 4.1 strategic completion,,0.97
mym,māyu,𐎎𐎊𐎎,water,noun,nature,KTU 1.4:II:35; RS 3.367,element,Hebrew mayim Akkadian mû,1.0
nš,nāru,𐎐𐎌,fire,noun,nature,KTU 1.3:II:40; RS 3.367,element,Hebrew ʾēš Akkadian išātu,0.92
rḥ,rūḫu,𐎗𐎃,wind; spirit,noun,nature,KTU 1.2:I:18; RS 2.002,element,Hebrew rūaḥ Akkadian rīḫu,0.94
šmm,šamāmu,𐎌𐎎𐎎,heavens; sky,noun,nature,KTU 1.2:I:13; RS 24.252,cosmology,Hebrew šāmayim Akkadian šamû,1.0
ʾrṣ,ʾarṣu,𐎀𐎗𐎕,earth; land,noun,nature,KTU 1.3:III:35,Phase 3 - medium priority. Cosmological terms for creation and geographical texts,Research needed,0.8
ʾwr,ʾūru,𐎀𐎜𐎗,light; illumination,noun,nature,KTU 1.4:V:6,Phase 4.1 strategic completion,,0.92
ʿnn,ʿanānu,𐎓𐎐𐎐,cloud; storm cloud,noun,nature,KTU 1.4:V:9,Phase 4.1 strategic completion,,0.91
ḥšk,ḫašāku,𐎃𐎌𐎋,darkness; gloom,noun,nature,KTU 1.4:VIII:8,Phase 4.1 strategic completion,,0.89
dtn,ditānu,𐎃𐎚𐎐,Ditan,proper_noun,place,KTU 1.14:III:31; RS 2.003,city name,Ugaritic toponym,0.82
gbl,gabūlu,𐎂𐎁𐎍,boundary; border,noun,place,KTU 1.4:VII:52,Phase 4.1 final completion,"Hebrew gəbūl, Akkadian gablu",0.88
krt,karatu,𐎋𐎗𐎚,Kerett,proper_noun,place,KTU 1.14:I:1; RS 2.003,legendary king,Ugaritic toponym,0.85
ugrt,ugarītu,𐎜𐎂𐎗𐎚,Ugarit,proper_noun,place,KTU 4.63:I:1; RS 15.88,capital city,Akkadian ugarit Egyptian w3g3rt,1.0
ʾy,ʾayyu,𐎀𐎊,island; coastland,noun,place,KTU 1.4:VIII:8,Phase 4.1 strategic completion,,0.82
ḫbr,ḫuburu,𐎃𐎁𐎗,Khubur,proper_noun,place,KTU 1.4:IV:20; RS 3.367,underworld river,Akkadian ḫubur Hebrew ḥbr,0.87
ḥrn,ḫurānu,𐎃𐎗𐎐,Hauran,proper_noun,place,KTU 4.63:II:5; RS 15.88,regional name,Akkadian ḫaurānu Hebrew ḥôrān,0.9
ṣpn,ṣapānu,𐎕𐎔𐎐,Mount Zaphon,proper_noun,place,KTU 1.3:I:20; RS 3.367,Baal's mountain,Hebrew ṣāpôn Akkadian ṣapānu,1.0
mʾt,miʾatu,𐎎𐎀𐎚,hundred,noun,quantity,KTU 4.63:I:10; RS 15.88,number,Hebrew mēʾāh Akkadian miʾtu,0.94
rbʿ,rubʿu,𐎗𐎁𐎓,fourth part; quarter,noun,quantity,KTU 4.63:II:8; RS 15.88,fraction,Hebrew rebaʿ Akkadian rebû,0.88
tmn,tamānu,𐎚𐎎𐎐,eight,number,quantity,KTU 4.182:5,Phase 4.1 strategic completion,,0.95
šbʿ,šabʿu,𐎌𐎁𐎓,seven,number,quantity,KTU 1.23:8,Phase 4.1 strategic completion,,0.98
šš,šaššu,𐎌𐎌,six,number,quantity,KTU 4.182:4,Phase 4.1 strategic completion,,0.96
ʾlp,ʾalpu,𐎀𐎍𐎔,thousand; cattle,noun,quantity,KTU 1.4:II:15; RS 3.367,number/animal,Hebrew ʾelep Akkadian alpu,0.95
ḥmš,ḫamšu,𐎃𐎎𐎌,five,number,quantity,KTU 4.182:3,Phase 4.1 strategic completion,,0.97
kbwr,kabāru,𐎋𐎁𐎆𐎗,grave; tomb,noun,religious,KTU 1.17:I:30,Phase 4.1 final completion,"Hebrew qeber, Akkadian qabru",0.86
khn,kāhinu,𐎋𐎄𐎐,priest,noun,religious,KTU 1.6:VI:46; RS 24.258,religious official,Hebrew kōhēn Akkadian kāhinu,0.95
ndr,nadaru,𐎐𐎃𐎗,vow,noun,religious,KTU 1.16:I:35; RS 2.004,ritual,Hebrew neder Akkadian nadāru,0.93
qdsm,qudašu,𐎖𐎃𐎌𐎎,sacred prostitute,noun,religious,KTU 1.4:III:14; RS 3.367,temple official,Hebrew qādēš Akkadian qadištu,0.88
qds,qudšu,𐎖𐎃𐎌,sanctuary; holiness,noun,religious,KTU 1.4:VI:24; RS 3.367,sacred,Hebrew qōdeš Akkadian qudšu,0.96
tplt,tapillatu,𐎚𐎔𐎍𐎚,prayer; supplication,noun,religious,KTU 1.16:I:11,Phase 4.1 strategic completion,,0.83
ḥlm,ḥulmu,𐎃𐎍𐎎,dream; vision,noun,religious,KTU 1.14:I:35,Phase 4.1 final completion,"Hebrew ḥălôm, Akkadian šutēšubu",0.87
ṣlm,ṣalmu,𐎕𐎍𐎎,image; statue,noun,religious,KTU 1.4:I:43,Phase 4.1 strategic completion,,0.9
brk,barāku,𐎁𐎗𐎋,to bless,verb,ritual,KTU 1.17:I:25,Phase 1 - critical priority. Religious terminology essential for liturgical and mythological texts,"Hebrew bārak, Akkadian karābu, Arabic bārak",0.85
qdš,qudšu,𐎖𐎃𐎌,sanctuary; holy place,noun,ritual,KTU 1.4:IV:47,Phase 1 - critical priority. Religious terminology essential for liturgical and mythological texts,"Hebrew qōdeš, Akkadian quduštu, Arabic muqaddas",0.85
qrbn,qurbānu,𐎖𐎗𐎁𐎐,offering; sacrifice,noun,ritual,KTU 1.43:2,Phase 1 - critical priority. Religious terminology essential for liturgical and mythological texts,"Hebrew qorbān, Akkadian qurbannu, Arabic qurbān",0.85
zḇḥ,zabaḥu,𐎇𐎁𐎃,sacrifice; feast,noun,ritual,KTU 1.4:VI:40,Phase 1 - critical priority. Religious terminology essential for liturgical and mythological texts,"Hebrew zebaḥ, Akkadian zību, Arabic ḏabīḥa",0.85
ʿlt,ʿulītu,𐎓𐎍𐎚,burnt offering,noun,ritual,KTU 1.43:11,Phase 1 - critical priority. Religious terminology essential for liturgical and mythological texts,"Hebrew ʿōlāh, Akkadian šutēšubu, Arabic muḥraqa",0.85
ṭhr,ṭahāru,𐎉𐎅𐎗,to purify,verb,ritual,KTU 1.40:25,Phase 1 - critical priority. Religious terminology essential for liturgical and mythological texts,"Hebrew ṭāhēr, Akkadian ullulu, Arabic ṭahhar",0.85
kht,kahātu,𐎋𐎅𐎚,throne,noun,royal,KTU 1.4:IV:12,Phase 2 - high priority. Administrative and royal terminology for political texts,"Hebrew kīssēʾ, Akkadian kussû, Arabic ʿarš",0.8
mk,malaku,𐎎𐎍𐎋,king,noun,royal,KTU 1.2:I:17; RS 2.002,ruler,Hebrew melek Akkadian šarru,1.0
mlkt,malkatu,𐎎𐎍𐎋𐎚,queen,noun,royal,KTU 1.14:I:12,Phase 2 - high priority. Administrative and royal terminology for political texts,"Hebrew malkāh, Akkadian šarratu, Arabic malika",0.8
mmlkt,mamlaktu,𐎎𐎎𐎍𐎋𐎚,kingdom; realm,noun,royal,KTU 1.14:I:5,Phase 2 - high priority. Administrative and royal terminology for political texts,"Hebrew mamlākāh, Akkadian šarrūtu, Arabic mamlaka",0.8
ʿbd,ʿabdu,𐎓𐎁𐎃,servant; official,noun,royal,KTU 2.72:19,Phase 2 - high priority. Administrative and royal terminology for political texts,"Hebrew ʿebed, Akkadian wardu, Arabic ʿabd",0.8
bnt,binātu,𐎁𐎐𐎚,understanding; insight,noun,social,KTU 1.17:VI:34,Phase 4.1 strategic completion,,0.84
knh,kannāru,𐎋𐎐𐎗,lyre; harp,noun,social,KTU 1.101:4,Phase 4.1 strategic completion,,0.84
rʿ,raʿu,𐎗𐎓,evil; misfortune,noun,social,KTU 1.17:VI:46,Phase 4.1 strategic completion,,0.83
tkl,tuklu,𐎚𐎋𐎍,trust; confidence,noun,social,KTU 1.17:VI:33,Phase 4.1 final completion,"Hebrew tuklāh, Akkadian tukultu",0.83
twb,tūbu,𐎚𐎜𐎁,goodness; prosperity,noun,social,KTU 1.17:I:25,Phase 4.1 strategic completion,,0.86
zqn,ziqnu,𐎇𐎖𐎐,elder; old one,noun,social,KTU 1.14:II:9; RS 2.003,age/authority,Hebrew zāqēn Akkadian šību,0.91
šyr,šīru,𐎌𐎊𐎗,song; music,noun,social,KTU 1.101:3,Phase 4.1 strategic completion,,0.87
ḥkmt,ḥakmatu,𐎃𐎋𐎎𐎚,wisdom; skill,noun,social,KTU 1.17:VI:33,Phase 4.1 strategic completion,,0.88
lyt,laylu,𐎍𐎊𐎚,night,noun,time,KTU 1.4:VI:26; RS 3.367,time,Hebrew laylāh Akkadian līlu,0.96
yrḥ,yarḫu,𐎊𐎗𐎃,month; moon,noun,time,KTU 1.4:V:7,Phase 4.1 strategic completion,,0.97
ywm,yawmu,𐎊𐎆𐎎,day; daylight,noun,time,KTU 1.4:V:6; 1.6:II:6,Phase 4.1 - temporal noun,"Hebrew yôm, Akkadian ūmu",1.0
šnt,šanatu,𐎌𐎐𐎚,year,noun,time,KTU 1.14:I:25; RS 2.003,time,Hebrew šānāh Akkadian šattu,0.98
ḫrp,ḫaripu,𐎃𐎗𐎔,autumn; harvest,noun,time,KTU 1.6:II:7,Phase 4.1 strategic completion,,0.86
knt,kantu,𐎋𐎐𐎚,merchandise,noun,trade,KTU 4.751:4,Phase 1 - critical priority. Commercial vocabulary vital for administrative and economic records,"Hebrew kināh, Akkadian kanû, Arabic qiniya",0.85
kslm,kasālu,𐎋𐎒𐎍,to weigh; measure,verb,trade,KTU 4.182:6,Phase 4.1 strategic completion,,0.84
mhr,mahru,𐎎𐎅𐎗,price; value,noun,trade,KTU 1.24:7,Phase 1 - critical priority. Commercial vocabulary vital for administrative and economic records,"Hebrew māhār, Akkadian mahāru, Arabic mihr",0.85
mkr,makāru,𐎎𐎋𐎗,to sell; trade,verb,trade,KTU 4.182:7,Phase 4.1 strategic completion,,0.91
mtn,mattānu,𐎎𐎚𐎐,gift; tribute,noun,trade,KTU 1.14:IV:3,Phase 1 - critical priority. Commercial vocabulary vital for administrative and economic records,"Hebrew mattān, Akkadian šūbultu, Arabic ʿaṭīya",0.85
nkr,nakāru,𐎐𐎋𐎗,foreigner; merchant,noun,trade,KTU 4.751:12,Phase 1 - critical priority. Commercial vocabulary vital for administrative and economic records,"Hebrew nokrī, Akkadian nakāru, Arabic ʾajnabī",0.85
qnw,qanāwu,𐎖𐎐𐎆,to buy; acquire,verb,trade,KTU 4.247:15,Phase 4.1 strategic completion,,0.87
sḥr,saḥāru,𐎒𐎃𐎗,to trade,verb,trade,KTU 4.751:8,Phase 1 - critical priority. Commercial vocabulary vital for administrative and economic records,"Hebrew sāḥar, Akkadian tamkāru, Arabic tājir",0.85
šqv,šaqālu,𐎌𐎖𐎍,to weigh,verb,trade,KTU 4.182:6,Phase 1 - critical priority. Commercial vocabulary vital for administrative and economic records,"Hebrew šāqal, Akkadian šaqālu, Arabic wazana",0.85
ʾnyt,ʾanītu,𐎀𐎐𐎊𐎚,ship; boat,noun,trade,KTU 1.14:III:5,Phase 1 - critical priority. Commercial vocabulary vital for administrative and economic records,"Hebrew ʾonīyāh, Akkadian eleppu, Arabic sufun",0.85
gbr,gabru,𐎂𐎁𐎗,warrior; hero,noun,warfare,KTU 1.3:III:50,Phase 1 - critical priority. Military terminology crucial for epic and historical narratives,"Hebrew gibōr, Akkadian qardu, Arabic jayyid",0.85
mgn,magānu,𐎎𐎂𐎐,shield,noun,warfare,KTU 1.14:III:8,Phase 1 - critical priority. Military terminology crucial for epic and historical narratives,"Hebrew māgēn, Akkadian āru, Arabic turs",0.85
mlḥmt,milḥamtu,𐎎𐎍𐎃𐎎𐎚,battle; war,noun,warfare,KTU 1.3:II:23,Phase 1 - critical priority. Military terminology crucial for epic and historical narratives,"Hebrew milḥāmāh, Akkadian tāḫāzu, Arabic ḥarb",0.85
qšt,qaštu,𐎖𐎌𐎚,bow,noun,warfare,KTU 1.17:VI:41,Phase 1 - critical priority. Military terminology crucial for epic and historical narratives,"Hebrew qešet, Akkadian qaštu, Arabic qaws",0.85
ḥrb,ḥarbu,𐎃𐎗𐎁,sword,noun,warfare,KTU 1.2:IV:17,Phase 1 - critical priority. Military terminology crucial for epic and historical narratives,"Hebrew ḥereb, Akkadian šipru, Arabic sayf",0.85
ḥṣ,ḥiṣṣu,𐎃𐎕,arrow,noun,warfare,KTU 1.17:VI:42,Phase 1 - critical priority. Military terminology crucial for epic and historical narratives,"Hebrew ḥēṣ, Akkadian uṣṣu, Arabic sahm",0.85
ḫrb,ḫaribu,𐎃𐎗𐎁,warrior,noun,warfare,KTU 1.14:II:26,Phase 1 - critical priority. Military terminology crucial for epic and historical narratives,"Hebrew ḥārab, Akkadian ḫaribu, Arabic muḥārib",0.85
ḫyl,ḫaylu,𐎃𐎊𐎍,strength; force,noun,warfare,KTU 1.3:III:50,Phase 4.1 strategic completion,,0.9
ṣbʾ,ṣabāʾu,𐎕𐎁𐎀,army; host,noun,warfare,KTU 1.3:II:23,Phase 4.1 strategic completion,,0.94
