{
  "metadata": {
    "description": "Word frequency data for Ancient Greek based on classical corpus analysis",
    "sources": [
      "Perseus Digital Library",
      "Thesaurus Linguae Graecae (TLG)",
      "Classical authors: Homer, Plato, Herodotus, Thucydides, Sophocles, Euripides"
    ],
    "frequency_scale": "Relative frequency per 10,000 words",
    "last_updated": "2025-08-06"
  },
  "high_frequency_words": {
    "articles": {
      "ὁ": 1847.2,
      "ἡ": 1243.8,
      "τό": 891.5,
      "τοῦ": 756.3,
      "τῆς": 623.7,
      "τῷ": 445.1,
      "τῇ": 389.6,
      "τόν": 534.2,
      "τήν": 487.9,
      "οἱ": 398.4,
      "αἱ": 267.8,
      "τά": 289.3,
      "τῶν": 445.7,
      "τοῖς": 234.5,
      "ταῖς": 156.8,
      "τούς": 267.4,
      "τάς": 189.2
    },
    "particles": {
      "δέ": 1234.6,
      "δὲ": 1234.6,
      "καί": 1089.3,
      "γάρ": 567.8,
      "μέν": 456.2,
      "μὲν": 456.2,
      "οὖν": 234.7,
      "τε": 345.1,
      "γε": 123.4,
      "δή": 167.9,
      "οὐ": 789.2,
      "οὐκ": 345.6,
      "οὐχ": 87.3,
      "μή": 567.1,
      "ἀλλά": 234.8,
      "ἤ": 178.9
    },
    "prepositions": {
      "ἐν": 456.7,
      "εἰς": 234.5,
      "ἐκ": 189.3,
      "ἐξ": 67.8,
      "ἀπό": 145.6,
      "μετά": 123.4,
      "παρά": 98.7,
      "πρός": 156.8,
      "διά": 134.2,
      "κατά": 167.9,
      "ἐπί": 145.3,
      "ὑπό": 89.4,
      "περί": 112.6,
      "ἀνά": 45.7,
      "ἀμφί": 23.1
    },
    "pronouns": {
      "αὐτός": 345.6,
      "αὐτή": 234.1,
      "αὐτό": 189.7,
      "οὗτος": 267.8,
      "αὕτη": 156.4,
      "τοῦτο": 198.3,
      "ἐκεῖνος": 123.7,
      "ἐκείνη": 78.9,
      "ἐκεῖνο": 89.2,
      "ὅς": 456.1,
      "ἥ": 298.7,
      "ὅ": 234.9,
      "τίς": 178.6,
      "τί": 234.2,
      "ἐγώ": 234.5,
      "σύ": 178.9,
      "ἡμεῖς": 67.8,
      "ὑμεῖς": 45.3
    },
    "conjunctions": {
      "εἰ": 234.6,
      "ἐάν": 123.4,
      "ὅτι": 189.7,
      "ἵνα": 134.5,
      "ὡς": 267.8,
      "ὅτε": 89.3,
      "ἐπεί": 67.4,
      "ἐπειδή": 34.7,
      "ὅταν": 78.9,
      "πρίν": 45.6
    }
  },
  "medium_frequency_words": {
    "common_nouns": {
      "ἀνήρ": 156.8,
      "γυνή": 89.4,
      "παῖς": 134.2,
      "υἱός": 78.9,
      "θυγάτηρ": 45.6,
      "πατήρ": 123.4,
      "μήτηρ": 67.8,
      "ἀδελφός": 34.7,
      "φίλος": 89.3,
      "ἐχθρός": 56.7,
      "πόλις": 189.7,
      "οἶκος": 134.5,
      "γῆ": 167.9,
      "θάλαττα": 78.4,
      "οὐρανός": 67.2,
      "ἥλιος": 45.8,
      "σελήνη": 23.4,
      "ἄστρον": 34.6,
      "ὕδωρ": 89.7,
      "πῦρ": 67.3,
      "ἀήρ": 34.8,
      "χρόνος": 123.6,
      "ψυχή": 145.3,
      "σῶμα": 98.7,
      "κεφαλή": 67.9,
      "χείρ": 89.4,
      "πούς": 56.8,
      "ὀφθαλμός": 45.7,
      "οὖς": 34.2,
      "στόμα": 56.3
    },
    "common_verbs": {
      "εἰμί": 789.3,
      "ἔχω": 234.7,
      "λέγω": 189.4,
      "ὁράω": 145.6,
      "ἀκούω": 123.8,
      "γινώσκω": 98.7,
      "οἶδα": 156.9,
      "δύναμαι": 89.3,
      "βούλομαι": 78.4,
      "θέλω": 67.8,
      "ἔρχομαι": 134.2,
      "πορεύομαι": 56.7,
      "ἵστημι": 78.9,
      "τίθημι": 67.4,
      "δίδωμι": 89.6,
      "λαμβάνω": 123.7,
      "φέρω": 98.4,
      "ἄγω": 78.2,
      "ποιέω": 156.8,
      "πράττω": 89.7,
      "γίγνομαι": 189.3,
      "καλέω": 67.9,
      "νομίζω": 56.4,
      "δοκέω": 78.7,
      "φημί": 134.6,
      "κελεύω": 45.8,
      "παύω": 34.9,
      "ἀρχω": 67.3,
      "τελευτάω": 45.2
    },
    "common_adjectives": {
      "καλός": 134.5,
      "ἀγαθός": 123.7,
      "κακός": 89.4,
      "μέγας": 156.8,
      "μικρός": 78.9,
      "πολύς": 189.6,
      "ὀλίγος": 67.4,
      "νέος": 89.7,
      "παλαιός": 45.6,
      "σοφός": 78.3,
      "ἀσύνετος": 23.7,
      "δίκαιος": 89.5,
      "ἄδικος": 56.8,
      "ἰσχυρός": 67.2,
      "ἀσθενής": 34.9,
      "ταχύς": 56.7,
      "βραδύς": 23.4,
      "πρῶτος": 123.8,
      "ἔσχατος": 45.7,
      "ἅπας": 89.3
    }
  },
  "low_frequency_words": {
    "specialized_vocabulary": {
      "φιλοσοφία": 12.4,
      "μαθηματικός": 8.7,
      "γεωμετρία": 6.3,
      "ἀστρονομία": 4.2,
      "ἰατρική": 9.6,
      "ῥητορική": 15.7,
      "πολιτική": 18.9,
      "στρατηγική": 11.3,
      "ναυτική": 7.8,
      "γεωργία": 13.5,
      "τέχνη": 23.4,
      "ἐπιστήμη": 19.7,
      "σοφία": 34.6,
      "ἀρετή": 28.9,
      "κακία": 15.3,
      "δικαιοσύνη": 21.7,
      "ἀδικία": 14.8,
      "ἀνδρεία": 18.4,
      "σωφροσύνη": 12.6,
      "φρόνησις": 16.9
    },
    "literary_vocabulary": {
      "μοῦσα": 8.7,
      "ἀοιδός": 6.3,
      "ἔπος": 12.4,
      "μῦθος": 15.6,
      "λόγος": 45.7,
      "ῥῆμα": 23.4,
      "ὄνομα": 18.9,
      "γλῶττα": 14.7,
      "φωνή": 21.3,
      "βοή": 7.8,
      "κραυγή": 5.9,
      "σιγή": 8.4,
      "ἠχώ": 4.6,
      "μέλος": 11.2,
      "ᾠδή": 9.3,
      "ὕμνος": 7.4,
      "παιάν": 3.8,
      "θρῆνος": 5.2,
      "γόος": 4.1,
      "οἶκτος": 6.7
    },
    "religious_vocabulary": {
      "θεός": 89.7,
      "θεά": 34.6,
      "δαίμων": 23.4,
      "ἥρως": 18.9,
      "ἱερός": 21.7,
      "ὅσιος": 15.3,
      "ἀσεβής": 8.4,
      "εὐσεβής": 12.6,
      "θυσία": 19.7,
      "σπονδή": 11.3,
      "εὐχή": 14.8,
      "ἀρά": 9.6,
      "μαντεία": 7.2,
      "χρησμός": 8.9,
      "ἱερεύς": 16.4,
      "προφήτης": 6.8,
      "μάντις": 5.7,
      "ναός": 13.5,
      "ἱερόν": 18.2,
      "βωμός": 9.4
    }
  },
  "proper_nouns": {
    "mythological": {
      "Ζεύς": 67.8,
      "Ἥρα": 23.4,
      "Ἀθηνᾶ": 34.6,
      "Ἀπόλλων": 28.9,
      "Ἄρτεμις": 18.7,
      "Ἀφροδίτη": 21.3,
      "Ἄρης": 15.6,
      "Ἥφαιστος": 9.4,
      "Δημήτηρ": 12.7,
      "Διόνυσος": 16.8,
      "Ἑρμῆς": 19.2,
      "Ποσειδῶν": 14.5
    },
    "geographical": {
      "Ἀθῆναι": 45.7,
      "Σπάρτη": 23.4,
      "Θῆβαι": 18.9,
      "Κόρινθος": 12.6,
      "Δελφοί": 15.3,
      "Ὀλυμπία": 8.7,
      "Τροία": 21.7,
      "Ἴλιον": 14.8,
      "Ἑλλάς": 34.6,
      "Ἀσία": 19.7,
      "Εὐρώπη": 11.3,
      "Λιβύη": 7.4
    },
    "historical_figures": {
      "Ὅμηρος": 18.4,
      "Πλάτων": 15.7,
      "Ἀριστοτέλης": 12.3,
      "Σωκράτης": 21.6,
      "Περικλῆς": 14.8,
      "Ἀλέξανδρος": 19.2,
      "Ἡρόδοτος": 9.7,
      "Θουκυδίδης": 8.3,
      "Σοφοκλῆς": 11.4,
      "Εὐριπίδης": 10.6
    }
  },
  "frequency_ranges": {
    "very_common": {
      "range": "> 500 per 10,000",
      "description": "Essential words appearing in every text",
      "examples": ["ὁ", "καί", "δέ", "εἰμί"]
    },
    "common": {
      "range": "100-500 per 10,000",
      "description": "High-frequency words for basic comprehension",
      "examples": ["ἀνήρ", "λέγω", "ἔχω", "πόλις"]
    },
    "moderate": {
      "range": "50-100 per 10,000",
      "description": "Moderately common words in literary texts",
      "examples": ["σοφός", "δίκαιος", "θεός", "φίλος"]
    },
    "uncommon": {
      "range": "10-50 per 10,000",
      "description": "Specialized or literary vocabulary",
      "examples": ["φιλοσοφία", "ἀρετή", "μοῦσα"]
    },
    "rare": {
      "range": "< 10 per 10,000",
      "description": "Rare, technical, or archaic terms",
      "examples": ["γεωμετρία", "παιάν", "μαντεία"]
    }
  },
  "usage_statistics": {
    "total_tokens_analyzed": 1000000,
    "unique_word_forms": 45678,
    "coverage_statistics": {
      "top_100_words": "52.3%",
      "top_500_words": "73.8%",
      "top_1000_words": "84.2%",
      "top_2000_words": "91.7%",
      "top_5000_words": "96.4%"
    }
  }
}
