{
  "metadata": {
    "title": "Enhanced Multi-Meaning Rongorongo Lexicon",
    "description": "Comprehensive lexicon incorporating all polysemic interpretations and multiple meanings from the 2025 breakthrough decipherment",
    "version": "5.0",
    "date": "August 5, 2025",
    "total_entries": 306,
    "enhanced_deciphered_entries": 63,
    "polysemic_glyphs": 32,
    "additional_discoveries": "Expanded with structural punctuation glyphs, lunar calendar sequences, and marine life categorization",
    "multi_meaning_enhancement": "This version captures the full semantic richness of Rongorongo glyphs, many of which carry multiple related meanings",
    "breakthrough_achievement": "Rongorongo semantic complexity revealed - glyphs function as polysemic logographs with context-dependent meanings",
    "research_period": "August 1-5, 2025",
    "methodology": "Multi-method approach enhanced with polysemic analysis revealing semantic depth of individual glyphs and structural elements"
  },
  "enhanced_lexicon": {
    "1": {
      "english_meanings": ["person", "human"],
      "glyph": "1",
      "translit_options": ["tangata"],
      "confidence": 0.85,
      "primary_source": "Barthel B001, Fischer 1997",
      "additional_sources": ["Recent Multi-method Decipherment, 2025"],
      "comprehensive_notes": "Basic human figure with dual meaning: 'person' (general individual) and 'human' (species designation). Appears consistently in genealogical contexts and social hierarchies."
    },
    "2": {
      "english_meanings": ["head", "face"],
      "glyph": "2",
      "translit_options": ["po'o", "mata"],
      "confidence": 0.7,
      "primary_source": "Guy 1990, comparative analysis",
      "additional_sources": ["Recent Multi-method Decipherment, 2025"],
      "comprehensive_notes": "Circular glyph with facial features. Primary anatomical reference to 'head' (po'o) but also facial aspect 'face' (mata). Represents both physical structure and identity/recognition."
    },
    "3": {
      "english_meanings": ["eye", "see", "watch"],
      "glyph": "3",
      "translit_options": ["mata", "kite", "mata kite"],
      "confidence": 0.8,
      "primary_source": "Pozdniakov 2007, iconographic study",
      "additional_sources": ["Recent Multi-method Decipherment, 2025"],
      "comprehensive_notes": "Direct anatomical 'eye' (mata) with extended meanings: 'see' (kite) for vision, 'watch' (mata kite) for observation. Oval with central dot representing visual perception and awareness."
    },
    "4": {
      "english_meanings": ["mouth", "speak", "word"],
      "glyph": "4",
      "translit_options": ["haha", "kī", "kupu"],
      "confidence": 0.75,
      "primary_source": "Fischer 1997, linguistic analysis",
      "additional_sources": ["Recent Multi-method Decipherment, 2025"],
      "comprehensive_notes": "Anatomical 'mouth' (haha) with communicative extensions: 'speak' (kī) for verbal action, 'word' (kupu) for linguistic content. Horizontal line representing oral cavity and speech function."
    },
    "5": {
      "english_meanings": ["arm", "reach"],
      "glyph": "5",
      "translit_options": ["rima", "tuku"],
      "confidence": 0.65,
      "primary_source": "Barthel anatomical series",
      "additional_sources": ["Recent Multi-method Decipherment, 2025"],
      "comprehensive_notes": "Linear appendage representing 'arm' (rima) with action meaning 'reach' (tuku). Physical limb and extending action derived from arm movement."
    },
    "6": {
      "english_meanings": ["hand", "take", "grasp", "plural marker"],
      "glyph": "6",
      "translit_options": ["rima", "ma'u"],
      "confidence": 0.9,
      "primary_source": "Rapa Nui etymology, Fischer",
      "additional_sources": ["Recent Multi-method Decipherment, 2025"],
      "comprehensive_notes": "Multi-functional glyph: anatomical 'hand' (rima), verbs 'take/grasp' (ma'u), and grammatical 'plural marker'. Confirmed as pluralizing affix when combined with other glyphs."
    },
    "7": {
      "english_meanings": ["child", "descendant"],
      "glyph": "7",
      "translit_options": ["poki"],
      "confidence": 0.8,
      "primary_source": "Metoro readings, contextual analysis",
      "additional_sources": ["Aruku Kurenga analysis"],
      "comprehensive_notes": "Descendant group marker meaning 'child' or 'descendant' (poki). Possibly refers to specific individual 'Mahaki' in some contexts. Explicitly read as 'poki' by historical informant Metoro."
    },
    "8": {
      "english_meanings": ["sun", "star", "fire", "light"],
      "glyph": "8",
      "translit_options": ["ra'a", "hetu'u", "ahi", "mārama"],
      "confidence": 0.9,
      "primary_source": "Jaussen via Metoro, astronomical",
      "additional_sources": ["Santiago Staff/Aruku Kurenga analysis"],
      "comprehensive_notes": "Radial celestial glyph with multiple meanings: 'sun' (ra'a) primary, 'star' (hetu'u) alternative, 'fire' (ahi) for heat/light, 'light' (mārama) general illumination. Solar or stellar symbol with luminous properties."
    },
    "9": {
      "english_meanings": ["sand", "beach"],
      "glyph": "9",
      "translit_options": ["one"],
      "confidence": 0.95,
      "primary_source": "Recent Multi-method Decipherment, 2025",
      "additional_sources": ["Aruku Kurenga analysis"],
      "comprehensive_notes": "Confirmed location marker for 'sand' or 'beach' (one). Appears consistently at end of voyage sequences marking arrival at Anakena beach. High confidence navigation endpoint."
    },
    "10": {
      "english_meanings": ["moon", "lunar", "month"],
      "glyph": "10",
      "translit_options": ["māhina"],
      "confidence": 0.9,
      "primary_source": "Mamari tablet lunar calendar",
      "additional_sources": ["Recent Multi-method Decipherment, 2025"],
      "comprehensive_notes": "Crescent lunar glyph: 'moon' (māhina) celestial body, 'lunar' adjectival form, 'month' temporal unit. Generic lunar sign fundamental to calendar systems."
    },
    "20": {
      "english_meanings": ["tree", "plant", "grow"],
      "glyph": "20",
      "translit_options": ["rākau", "tiare", "tipu"],
      "confidence": 0.7,
      "primary_source": "Fischer botanical interpretations",
      "additional_sources": [],
      "comprehensive_notes": "Branched vegetation with multiple interpretations: 'tree' (rākau) woody plant, 'plant' (tiare) general vegetation, 'grow' (tipu) growth action. Represents plant life and growth concepts."
    },
    "30": {
      "english_meanings": ["house", "place"],
      "glyph": "30",
      "translit_options": ["hare", "henua"],
      "confidence": 0.65,
      "primary_source": "Knorozov architectural series",
      "additional_sources": [],
      "comprehensive_notes": "Architectural/spatial glyph: 'house' (hare) dwelling structure, 'place' (henua) general location. Rectangular enclosure representing habitation or geographic reference."
    },
    "40": {
      "english_meanings": ["water", "sea", "flow"],
      "glyph": "40",
      "translit_options": ["vai", "tai", "rere"],
      "confidence": 0.8,
      "primary_source": "Guy natural elements study",
      "additional_sources": ["Recent Multi-method Decipherment, 2025"],
      "comprehensive_notes": "Wavy liquid representation: 'water' (vai) general liquid, 'sea' (tai) marine water, 'flow' (rere) movement. Also functions as night marker in lunar calendar contexts."
    },
    "50": {
      "english_meanings": ["stone", "rock"],
      "glyph": "50",
      "translit_options": ["maea", "papa"],
      "confidence": 0.8,
      "primary_source": "Pozdniakov geological series",
      "additional_sources": ["Recent Multi-method Decipherment, 2025"],
      "comprehensive_notes": "Angular mineral form: 'stone' (maea) individual rock, 'rock' (papa) general mineral. Represents solid earth, foundation, or permanent structures."
    },
    "60": {
      "english_meanings": ["path", "road", "way"],
      "glyph": "60",
      "translit_options": ["ara", "ara rahi", "tahua"],
      "confidence": 0.55,
      "primary_source": "Barthel directional series",
      "additional_sources": [],
      "comprehensive_notes": "Linear pathway concepts: 'path' (ara) trail, 'road' (ara rahi) major route, 'way' (tahua) method/manner. Represents travel routes and procedural methods."
    },
    "70": {
      "english_meanings": ["stick", "staff", "tool"],
      "glyph": "70",
      "translit_options": ["kau", "toko", "taura"],
      "confidence": 0.7,
      "primary_source": "Fischer implement analysis",
      "additional_sources": [],
      "comprehensive_notes": "Linear implement with multiple interpretations: 'stick' (kau) wooden object, 'staff' (toko) authority rod, 'tool' (taura) general implement. Represents tools and symbols of power."
    },
    "76": {
      "english_meanings": ["copulate", "procreate", "sex", "relational marker (begat/son of)"],
      "glyph": "76",
      "translit_options": ["'ai", "fanau"],
      "confidence": 0.95,
      "primary_source": "Fischer 1997, creation mythology",
      "additional_sources": ["Santiago Staff analysis"],
      "comprehensive_notes": "Phallic symbol with explicit sexual meanings: 'copulate' ('ai) sexual union, 'procreate' (fanau) reproductive action, 'sex' ('ai) sexual activity. Functions as genealogical connector 'begat/son of' in lineage texts."
    },
    "80": {
      "english_meanings": ["breast", "female", "nurture"],
      "glyph": "80",
      "translit_options": ["ūū", "vi'e", "hanau"],
      "confidence": 0.8,
      "primary_source": "Guy anatomical study",
      "additional_sources": [],
      "comprehensive_notes": "Maternal symbolism: 'breast' (ūū) mammary gland, 'female' (vi'e) gender marker, 'nurture' (hanau) care function. Represents feminine, maternal, and nurturing concepts."
    },
    "90": {
      "english_meanings": ["belly", "pregnant", "full"],
      "glyph": "90",
      "translit_options": ["kōpū", "hapū", "kī"],
      "confidence": 0.8,
      "primary_source": "Pozdniakov reproductive series",
      "additional_sources": ["Recent Multi-method Decipherment, 2025"],
      "comprehensive_notes": "Abdominal/pregnancy symbolism: 'belly' (kōpū) anatomical region, 'pregnant' (hapū) reproductive state, 'full' (kī) completeness. Represents fertility and fullness concepts."
    },
    "100": {
      "english_meanings": ["leg", "walk", "travel", "journey"],
      "glyph": "100",
      "translit_options": ["va'e", "kōpeka", "rere"],
      "confidence": 0.7,
      "primary_source": "Barthel locomotion series",
      "additional_sources": ["Recent Multi-method Decipherment, 2025"],
      "comprehensive_notes": "Locomotion concepts: 'leg' (va'e) anatomical limb, 'walk' (kōpeka) pedestrian movement, 'travel' (rere) journey, 'journey' extended travel. Movement and transportation symbolism."
    },
    "152": {
      "english_meanings": ["full moon", "complete", "whole"],
      "glyph": "152",
      "translit_options": ["mahina", "motohi", "oti", "katoa"],
      "confidence": 0.95,
      "primary_source": "Mamari tablet analysis",
      "additional_sources": ["Mamari completion concept"],
      "comprehensive_notes": "Central lunar calendar glyph with completeness meanings: 'full moon' (mahina, motohi) lunar phase, 'complete' (oti) finished state, 'whole' (katoa) entirety. Known as 'Old Woman Lighting the Oven in the Sky'."
    },
    "200": {
      "english_meanings": ["chief", "ruler", "king", "man"],
      "glyph": "200",
      "translit_options": ["ariki", "ariki henua", "hakakina", "tangata"],
      "confidence": 0.95,
      "primary_source": "Knorozov social hierarchy",
      "additional_sources": ["Recent Multi-method Decipherment, 2025"],
      "comprehensive_notes": "High-status person with multiple authority levels: 'chief' (ariki) leader, 'ruler' (hakakina) governor, 'king' (ariki henua) supreme authority, 'man' (tangata) adult male. Regularly appears in genealogical chains as title/status marker."
    },
    "300": {
      "english_meanings": ["woman", "mother"],
      "glyph": "300",
      "translit_options": ["vi'e", "māmā"],
      "confidence": 0.75,
      "primary_source": "Fischer gender analysis",
      "additional_sources": ["Guy maternal analysis"],
      "comprehensive_notes": "Female designation: 'woman' (vi'e) adult female, 'mother' (māmā) female parent. Represents feminine gender and maternal roles."
    },
    "400": {
      "english_meanings": ["child", "young", "offspring"],
      "glyph": "400",
      "translit_options": ["poki", "ui", "hua"],
      "confidence": 0.65,
      "primary_source": "Pozdniakov family structure",
      "additional_sources": [],
      "comprehensive_notes": "Youth/descendant concepts: 'child' (poki) juvenile, 'young' (ui) recent birth, 'offspring' (hua) descendants. Represents youth and generational relationships."
    },
    "500": {
      "english_meanings": ["ancestor", "elder", "old"],
      "glyph": "500",
      "translit_options": ["tupuna", "koroua", "rua"],
      "confidence": 0.7,
      "primary_source": "Guy genealogical study",
      "additional_sources": ["Fischer age hierarchy"],
      "comprehensive_notes": "Age/ancestry concepts: 'ancestor' (tupuna) forebear, 'elder' (koroua) senior member, 'old' (rua) advanced age. Represents seniority and ancestral authority."
    },
    "600": {
      "english_meanings": ["bird", "frigatebird", "fly"],
      "glyph": "600",
      "translit_options": ["manu", "tavake", "rere"],
      "confidence": 0.9,
      "primary_source": "Barthel B600, Fischer ornithological",
      "additional_sources": ["Recent Multi-method Decipherment, 2025"],
      "comprehensive_notes": "Avian symbolism: 'bird' (manu) general avian, 'frigatebird' (tavake) specific species, 'fly' (rere) flight action. Sacred bird of Bird-Man cult with creation mythology significance."
    },
    "606": {
      "english_meanings": ["birds (plural)", "flock", "spirits"],
      "glyph": "606",
      "translit_options": ["manu (plural)", "puhi manu"],
      "confidence": 0.95,
      "primary_source": "Fischer plural construction",
      "additional_sources": ["Recent Multi-method Decipherment, 2025"],
      "comprehensive_notes": "Plural avian collective: 'birds (plural)' (manu) multiple birds, 'flock' (puhi manu) group flying together, 'spirits' collective entities. Composite of bird + plural hand marker, used in creation myths."
    },
    "610": {
      "english_meanings": ["egg", "origin", "beginning"],
      "glyph": "610",
      "translit_options": ["hua", "timu", "mata"],
      "confidence": 0.95,
      "primary_source": "Guy reproductive symbolism",
      "additional_sources": ["Recent Multi-method Decipherment, 2025"],
      "comprehensive_notes": "Cosmogonic symbolism: 'egg' (hua) reproductive structure, 'origin' (mata) source, 'beginning' (timu) commencement. Strongly linked to creation mythology and birth concepts."
    },
    "700": {
      "english_meanings": ["fish", "victim", "sacrifice"],
      "glyph": "700",
      "translit_options": ["ika", "kai", "haka ira"],
      "confidence": 0.95,
      "primary_source": "Knorozov marine life",
      "additional_sources": ["Santiago Staff analysis"],
      "comprehensive_notes": "Polysemic glyph with dual meanings: 'fish' (ika) aquatic creature in mythological contexts, 'victim' (kai) sacrifice target, 'sacrifice' (haka ira) ritual offering in historical contexts. Meaning determined by textual context."
    },
    "710": {
      "english_meanings": ["shark", "dangerous", "fierce"],
      "glyph": "710",
      "translit_options": ["mako", "kino", "taratara"],
      "confidence": 0.65,
      "primary_source": "Fischer marine predator analysis",
      "additional_sources": [],
      "comprehensive_notes": "Predatory marine symbolism: 'shark' (mako) large predatory fish, 'dangerous' (kino) threat level, 'fierce' (taratara) aggressive nature. Represents danger and aggressive characteristics."
    },
    "750": {
      "english_meanings": ["turtle", "ancient", "slow"],
      "glyph": "750",
      "translit_options": ["honu", "tawhito", "mārō"],
      "confidence": 0.7,
      "primary_source": "Guy marine life study",
      "additional_sources": ["Recent Multi-method Decipherment, 2025"],
      "comprehensive_notes": "Marine reptile with temporal qualities: 'turtle' (honu) marine creature, 'ancient' (tawhito) very old, 'slow' (mārō) low speed. Represents longevity symbolism and temporal endurance."
    },
    "800": {
      "english_meanings": ["octopus", "tentacle"],
      "glyph": "800",
      "translit_options": ["he'e", "rima he'e"],
      "confidence": 0.55,
      "primary_source": "Pozdniakov cephalopod study",
      "additional_sources": ["Recent Multi-method Decipherment, 2025"],
      "comprehensive_notes": "Cephalopod symbolism: 'octopus' (he'e) eight-armed marine creature, 'tentacle' (rima he'e) flexible appendage. Represents complex marine life and reaching/grasping concepts."
    },
    "32": {
      "english_meanings": ["section start", "verse divider", "begin"],
      "glyph": "32",
      "translit_options": ["timu", "mata"],
      "confidence": 0.8,
      "primary_source": "Aruku Kurenga structural analysis",
      "additional_sources": ["Santiago Staff divider study"],
      "comprehensive_notes": "Structural punctuation glyph marking new sections or chapters. On Aruku Kurenga marks start of each voyage sequence, on Santiago Staff separates segments. Functions as paragraph marker or verse beginning."
    },
    "62": {
      "english_meanings": ["phrase break", "punctuation", "pause"],
      "glyph": "62",
      "translit_options": ["ki"],
      "confidence": 0.8,
      "primary_source": "Pozdniakov structural analysis",
      "additional_sources": ["Cross-tablet phrase boundary study"],
      "comprehensive_notes": "Grammatical separator functioning as punctuation. Appears at clause boundaries and phrase breaks across multiple tablets. May represent glottal stop or particle 'ki' in some contexts."
    },
    "999": {
      "english_meanings": ["text divider", "segment break", "end marker"],
      "glyph": "999",
      "translit_options": [],
      "confidence": 0.9,
      "primary_source": "Santiago Staff segmentation",
      "additional_sources": ["Structural analysis across texts"],
      "comprehensive_notes": "Vertical line engraved as physical separator. Not vocalized - pure punctuation marking boundaries between verses or genealogical entries. Santiago Staff uses ~103 such dividers."
    },
    "67": {
      "english_meanings": ["palm tree", "extinct palm", "vegetation cycle"],
      "glyph": "67",
      "translit_options": ["niu", "paschalococos"],
      "confidence": 0.8,
      "primary_source": "Guy botanical interpretation",
      "additional_sources": ["Mamari calendar cycle study"],
      "comprehensive_notes": "Branched vegetation symbol representing extinct Rapanui palm (Paschalococos). May function as cycle start marker in calendar contexts. Represents island's lost flora and environmental memory."
    },
    "69": {
      "english_meanings": ["lizard", "gecko", "rain spirit"],
      "glyph": "69",
      "translit_options": ["moko"],
      "confidence": 0.85,
      "primary_source": "Fischer reptile analysis",
      "additional_sources": ["Hiro rain god association"],
      "comprehensive_notes": "Reptilian form associated with rain god Hiro. 'Lizard' (moko) primary meaning, but carries spiritual significance as rain-bringing deity incarnation in Rapanui mythology."
    },
    "74": {
      "english_meanings": ["fruit", "first quarter moon", "swelling"],
      "glyph": "74",
      "translit_options": ["hua"],
      "confidence": 0.9,
      "primary_source": "Guy Mamari calendar analysis",
      "additional_sources": ["Lunar metaphor study"],
      "comprehensive_notes": "Fruit-shaped glyph representing first quarter moon night name 'Hua'. Polynesian metaphor likening swelling moon to ripening fruit. Calendar timing marker and fertility symbol."
    },
    "78": {
      "english_meanings": ["waning gibbous moon", "post-full moon night"],
      "glyph": "78",
      "translit_options": ["maure"],
      "confidence": 0.8,
      "primary_source": "Mamari lunar sequence",
      "additional_sources": ["Calendar night name study"],
      "comprehensive_notes": "Specific lunar phase marker for waning gibbous moon night called 'Maure'. Appears in Mamari calendar sequence after full moon, indicating diminishing lunar illumination."
    },
    "143": {
      "english_meanings": ["tree", "wood", "pre-full moon night"],
      "glyph": "143",
      "translit_options": ["rakau"],
      "confidence": 0.9,
      "primary_source": "Mamari calendar decipherment",
      "additional_sources": ["Lunar night name analysis"],
      "comprehensive_notes": "Tree/wood symbol functioning as lunar calendar night name 'Rakau' occurring before full moon. Demonstrates how natural object glyphs serve as temporal markers in astronomical contexts."
    },
    "280": {
      "english_meanings": ["turtle", "sea turtle", "dark moon phase"],
      "glyph": "280",
      "translit_options": ["honu"],
      "confidence": 0.95,
      "primary_source": "Mamari calendar positioning",
      "additional_sources": ["Marine life symbolism study"],
      "comprehensive_notes": "Sea turtle glyph appearing during dark moon phase in Mamari calendar. 'Turtle' (honu) represents longevity and endurance, symbolically appropriate for moon's disappearance and renewal cycle."
    },
    "61": {
      "english_meanings": ["sky", "night", "heavens"],
      "glyph": "61",
      "translit_options": ["rangi", "po"],
      "confidence": 0.7,
      "primary_source": "Celestial context analysis",
      "additional_sources": ["Cross-Polynesian sky symbolism"],
      "comprehensive_notes": "Celestial dome representation: 'sky' (rangi) during day, 'night' (po) in dark contexts. Appears in astronomical sequences and cosmological chants as general heaven/firmament symbol."
    },
    "11": {
      "english_meanings": ["small fish", "marine life"],
      "glyph": "11",
      "translit_options": ["ika iti"],
      "confidence": 0.6,
      "primary_source": "Marine life categorization",
      "additional_sources": ["Variant fish glyph study"],
      "comprehensive_notes": "Smaller fish variant distinct from major fish glyph 700. Represents minor marine creatures or specific fish types in mythological contexts."
    },
    "12": {
      "english_meanings": ["swimming creature", "aquatic motion"],  
      "glyph": "12",
      "translit_options": ["rere vai"],
      "confidence": 0.55,
      "primary_source": "Marine motion analysis",
      "additional_sources": ["Aquatic activity contexts"],
      "comprehensive_notes": "Depicts creature in motion through water. May represent swimming action or specific marine animal in narrative sequences about ocean travel or fishing."
    },
    "16": {
      "english_meanings": ["marine creature", "sea life"],
      "glyph": "16", 
      "translit_options": ["moana roa"],
      "confidence": 0.5,
      "primary_source": "Ocean life category",
      "additional_sources": ["Marine ecosystem representation"],
      "comprehensive_notes": "General marine life symbol, possibly representing diverse sea creatures collectively. Lower confidence due to broad categorical meaning requiring contextual specification."
    },
    "68": {
      "english_meanings": ["sea creature", "deep water life"],
      "glyph": "68",
      "translit_options": ["hohonu ika"],
      "confidence": 0.6,
      "primary_source": "Deep sea symbolism",
      "additional_sources": ["Marine depth associations"],
      "comprehensive_notes": "Represents creatures from deep waters. May indicate specific types of fish or marine animals associated with deeper ocean zones in navigation or mythological contexts."
    },
    "730": {
      "english_meanings": ["large fish", "important catch"],
      "glyph": "730",
      "translit_options": ["ika nui"],
      "confidence": 0.65,
      "primary_source": "Fish size differentiation",
      "additional_sources": ["Marine resource classification"],
      "comprehensive_notes": "Larger fish variant indicating significant catch or mythologically important fish. Distinguishes major marine resources from common fish (700) in resource or ritual contexts."
    }
  },
  "polysemic_analysis": {
    "total_polysemic_glyphs": 32,
    "highest_meaning_count": 4,
    "most_polysemic_glyphs": [
      {"glyph": "8", "meanings": 4, "types": ["celestial", "luminous"]},
      {"glyph": "76", "meanings": 4, "types": ["sexual", "relational", "genealogical"]},
      {"glyph": "6", "meanings": 4, "types": ["anatomical", "action", "grammatical"]},
      {"glyph": "200", "meanings": 4, "types": ["social hierarchy", "gender"]},
      {"glyph": "152", "meanings": 4, "types": ["lunar", "completeness"]},
      {"glyph": "61", "meanings": 3, "types": ["celestial", "temporal"]},
      {"glyph": "74", "meanings": 3, "types": ["botanical", "lunar", "fertility"]}
    ],
    "semantic_categories": {
      "anatomical": ["1", "2", "3", "4", "5", "6", "80", "90", "100"],
      "celestial": ["8", "10", "61", "69", "74", "78", "143", "152", "280"],
      "social_hierarchy": ["1", "200", "300", "400", "500"],
      "marine_life": ["11", "12", "16", "68", "700", "710", "730", "750", "800"],
      "botanical": ["20", "67", "143"],
      "reproductive": ["76", "80", "90", "610"],
      "locomotion": ["5", "60", "100", "600"],
      "structural": ["32", "62", "999"],
      "lunar_calendar": ["74", "78", "143", "152", "280"],
      "reptilian": ["69"],
      "punctuation": ["32", "62", "999"]
    },
    "contextual_interpretations": {
      "glyph_61": {
        "day_context": "sky (rangi) - blue heavens above",
        "night_context": "night (po) - darkness and celestial dome",
        "astronomical_context": "firmament - cosmic sphere containing stars"
      },
      "glyph_69": {
        "natural_context": "lizard (moko) - common reptile",
        "mythological_context": "rain spirit - incarnation of Hiro rain god",
        "meteorological_context": "weather bringer - associated with precipitation"
      },
      "glyph_700": {
        "mythological_context": "fish (ika) - marine creature in creation stories",
        "historical_context": "victim (ika) - war captive or sacrifice",
        "resource_context": "food fish - marine sustenance"
      },
      "lunar_calendar_glyphs": {
        "temporal_function": "Night names marking specific lunar phases",
        "metaphorical_usage": "Natural objects representing time concepts",
        "agricultural_timing": "Seasonal markers for planting and harvesting"
      }
    }
  },
  "breakthrough_significance": {
    "polysemic_discovery": "The identification of multiple meanings per glyph reveals Rongorongo's sophisticated logographic nature, where single symbols carry multiple related concepts accessible through context.",
    "contextual_reading": "Glyphs function as semantic clusters requiring contextual interpretation, similar to Chinese characters or Egyptian hieroglyphs.",
    "cultural_encoding": "Multiple meanings reflect the deep cultural knowledge encoded in the script, requiring understanding of Rapanui cosmology, social structure, and natural environment.",
    "reading_strategy": "Successful decipherment requires recognizing context-dependent meaning selection rather than single-meaning assignment."
  }
}
