glyph,english_meanings,translit_options,confidence,primary_source,additional_sources,comprehensive_notes
1,"person; human",tangata,0.85,"Barthel B001, Fischer 1997","Recent Multi-method Decipherment, 2025","Basic human figure with dual meaning: 'person' (general) and 'human' (species designation). Appears consistently in genealogical contexts and social hierarchies."
2,"head; face","po'o; mata",0.7,"Guy 1990, comparative analysis","Recent Multi-method Decipherment, 2025","Circular glyph with facial features. Primary anatomical reference to 'head' (po'o) but also facial aspect 'face' (mata). Represents both physical structure and identity/recognition."
3,"eye; see; watch","mata; kite; mata kite",0.8,"Pozdniakov 2007, iconographic study","Recent Multi-method Decipherment, 2025","Direct anatomical 'eye' (mata) with extended meanings: 'see' (kite) for vision, 'watch' (mata kite) for observation. Oval with central dot representing visual perception and awareness."
4,"mouth; speak; word","haha; kī; kupu",0.75,"Fischer 1997, linguistic analysis","Recent Multi-method Decipherment, 2025","Anatomical 'mouth' (haha) with communicative extensions: 'speak' (kī) for verbal action, 'word' (kupu) for linguistic content. Horizontal line representing oral cavity and speech function."
5,"arm; reach","rima; tuku",0.65,"Barthel anatomical series","Recent Multi-method Decipherment, 2025","Linear appendage representing 'arm' (rima) with action meaning 'reach' (tuku). Physical limb and extending action derived from arm movement."
6,"hand; take; grasp; plural marker","rima; ma'u",0.9,"Rapa Nui etymology, Fischer","Recent Multi-method Decipherment, 2025","Multi-functional glyph: anatomical 'hand' (rima), verbs 'take/grasp' (ma'u), and grammatical 'plural marker'. Confirmed as pluralizing affix when combined with other glyphs."
7,"child; descendant","poki",0.8,"Metoro readings, contextual analysis","Aruku Kurenga analysis","Descendant group marker meaning 'child' or 'descendant' (poki). Possibly refers to specific individual 'Mahaki' in some contexts. Explicitly read as 'poki' by historical informant Metoro."
8,"sun; star; fire; light","ra'a; hetu'u; ahi; mārama",0.9,"Jaussen via Metoro, astronomical","Santiago Staff/Aruku Kurenga analysis","Radial celestial glyph with multiple meanings: 'sun' (ra'a) primary, 'star' (hetu'u) alternative, 'fire' (ahi) for heat/light, 'light' (mārama) general illumination. Solar or stellar symbol with luminous properties."
9,"sand; beach",one,0.95,"Recent Multi-method Decipherment, 2025","Aruku Kurenga analysis","Confirmed location marker for 'sand' or 'beach' (one). Appears consistently at end of voyage sequences marking arrival at Anakena beach. High confidence navigation endpoint."
10,"moon; lunar; month",māhina,0.9,"Mamari tablet lunar calendar","Recent Multi-method Decipherment, 2025","Crescent lunar glyph: 'moon' (māhina) celestial body, 'lunar' adjectival form, 'month' temporal unit. Generic lunar sign fundamental to calendar systems."
11,"shark; sea creature",niuhi,0.6,"Recent Multi-method Decipherment, 2025","","Large marine creature interpreted as 'shark' (niuhi). Appears in genealogical sequences possibly representing ancestral totems or mythological beings."
12,fish,ika,0.8,"Recent Multi-method Decipherment, 2025","","Fish pictograph (ika) appearing in creation myths and creature lists. Basic marine life representation in cosmological contexts."
13,"cave; tomb","ana; avanga",0.85,"Metoro readings, Tablet B context","","Burial/shelter symbol: 'cave' (ana) natural formation, 'tomb' (avanga) burial site. Confirmed by contextual appearance in scout expedition death sequence."
16,"tuna fish",kahi,0.6,"Recent Multi-method Decipherment, 2025","","Specific fish species 'tuna' (kahi) identified as incarnation of sea god Tangaroa. More specialized than general fish glyph 12."
20,"tree; plant; grow","rākau; tiare; tipu",0.7,"Fischer botanical interpretations","","Branched vegetation with multiple interpretations: 'tree' (rākau) woody plant, 'plant' (tiare) general vegetation, 'grow' (tipu) growth action. Represents plant life and growth concepts."
30,"house; place","hare; henua",0.65,"Knorozov architectural series","","Architectural/spatial glyph: 'house' (hare) dwelling structure, 'place' (henua) general location. Rectangular enclosure representing habitation or geographic reference."
32,"section start marker; delimiter","",0.75,"Recent Multi-method Decipherment, 2025","Aruku Kurenga analysis","Structural punctuation glyph marking narrative breaks. Functions as section delimiter or start marker, organizing text into segments or verses."
40,"water; sea; flow","vai; tai; rere",0.8,"Guy natural elements study","Recent Multi-method Decipherment, 2025","Wavy liquid representation: 'water' (vai) general liquid, 'sea' (tai) marine water, 'flow' (rere) movement. Also functions as night marker in lunar calendar contexts."
44,frigatebird,taha,0.7,"Barthel ornithological study","","Specific seabird 'frigatebird' (taha), emblem of Miru clan with sacred status. Distinguished from general bird glyph 600 by cultural significance."
50,"stone; rock","maea; papa",0.8,"Pozdniakov geological series","Recent Multi-method Decipherment, 2025","Angular mineral form: 'stone' (maea) individual rock, 'rock' (papa) general mineral. Represents solid earth, foundation, or permanent structures."
60,"path; road; way","ara; ara rahi; tahua",0.55,"Barthel directional series","","Linear pathway concepts: 'path' (ara) trail, 'road' (ara rahi) major route, 'way' (tahua) method/manner. Represents travel routes and procedural methods."
61,"star; night",hetu'u,0.5,"Recent Multi-method Decipherment, 2025","","Possible celestial marker for 'star' (hetu'u) or 'night' based on shape and context in lunar sequences. Lower confidence requiring further verification."
62,"clause break; punctuation","",0.8,"Recent Multi-method Decipherment, 2025","","Grammatical divider separating phrases or clauses. Structural punctuation organizing textual flow and meaning units."
67,"palm tree","niu; palm",0.8,"Recent Multi-method Decipherment, 2025","","Specific tree species 'palm tree' (niu). Likely refers to extinct Paschalococos palm native to Easter Island, distinct from general tree glyph 20."
68,turtle,honu,0.9,"Metoro readings, mythic parallels","","Marine reptile 'turtle' (honu) associated with god Rongo. Appears in mythological contexts with divine/spiritual significance."
69,"lizard; new moon",moko,0.85,"Barthel lunar associations","Recent Multi-method Decipherment, 2025","Dual meaning: 'lizard' (moko) reptile associated with rain god Hiro, and 'new moon' lunar phase marker. Links terrestrial and celestial symbolism."
70,"stick; staff; tool","kau; toko; taura",0.7,"Fischer implement analysis","","Linear implement with multiple interpretations: 'stick' (kau) wooden object, 'staff' (toko) authority rod, 'tool' (taura) general implement. Represents tools and symbols of power."
74,"fruit; first quarter moon",hua,0.9,"Recent Multi-method Decipherment, 2025","","Dual meaning: 'fruit' (hua) botanical product and 'first quarter moon' lunar phase name in calendar system. Links natural cycles with celestial timing."
76,"copulate; procreate; sex; relational marker (begat/son of)","'ai; fanau",0.95,"Fischer 1997, creation mythology","Santiago Staff analysis","Phallic symbol with explicit sexual meanings: 'copulate' ('ai) sexual union, 'procreate' (fanau) reproductive action, 'sex' ('ai) sexual activity. Functions as genealogical connector 'begat/son of' in lineage texts."
78,"waning gibbous moon night",maure,0.8,"Recent Multi-method Decipherment, 2025","","Specific lunar phase 'waning gibbous moon night' (maure) in calendar system. Post-full moon phase name with temporal precision."
80,"breast; female; nurture","ūū; vi'e; hanau",0.8,"Guy anatomical study","","Maternal symbolism: 'breast' (ūū) mammary gland, 'female' (vi'e) gender marker, 'nurture' (hanau) care function. Represents feminine, maternal, and nurturing concepts."
90,"belly; pregnant; full","kōpū; hapū; kī",0.8,"Pozdniakov reproductive series","Recent Multi-method Decipherment, 2025","Abdominal/pregnancy symbolism: 'belly' (kōpū) anatomical region, 'pregnant' (hapū) reproductive state, 'full' (kī) completeness. Represents fertility and fullness concepts."
100,"leg; walk; travel; journey","va'e; kōpeka; rere",0.7,"Barthel locomotion series","Recent Multi-method Decipherment, 2025","Locomotion concepts: 'leg' (va'e) anatomical limb, 'walk' (kōpeka) pedestrian movement, 'travel' (rere) journey, 'journey' extended travel. Movement and transportation symbolism."
143,"tree; night before full moon",rakau,0.9,"Recent Multi-method Decipherment, 2025","","Dual meaning: 'tree' (rakau) vegetation and specific lunar calendar name 'night before full moon'. Combines botanical and temporal significance."
152,"full moon; complete; whole","mahina; motohi; oti; katoa",0.95,"Mamari tablet analysis","Mamari completion concept","Central lunar calendar glyph with completeness meanings: 'full moon' (mahina, motohi) lunar phase, 'complete' (oti) finished state, 'whole' (katoa) entirety. Known as 'Old Woman Lighting the Oven in the Sky'."
200,"chief; ruler; king; man","ariki; ariki henua; hakakina; tangata",0.95,"Knorozov social hierarchy","Recent Multi-method Decipherment, 2025","High-status person with multiple authority levels: 'chief' (ariki) leader, 'ruler' (hakakina) governor, 'king' (ariki henua) supreme authority, 'man' (tangata) adult male. Regularly appears in genealogical chains as title/status marker."
280,turtle,honu,0.95,"Recent Multi-method Decipherment, 2025","","Marine reptile 'turtle' (honu) appearing specifically in dark moon phase of lunar calendar. Distinct from glyph 68 by calendar context."
300,"woman; mother","vi'e; māmā",0.75,"Fischer gender analysis","Guy maternal analysis","Female designation: 'woman' (vi'e) adult female, 'mother' (māmā) female parent. Represents feminine gender and maternal roles."
400,"child; young; offspring","poki; ui; hua",0.65,"Pozdniakov family structure","","Youth/descendant concepts: 'child' (poki) juvenile, 'young' (ui) recent birth, 'offspring' (hua) descendants. Represents youth and generational relationships."
500,"ancestor; elder; old","tupuna; koroua; rua",0.7,"Guy genealogical study","Fischer age hierarchy","Age/ancestry concepts: 'ancestor' (tupuna) forebear, 'elder' (koroua) senior member, 'old' (rua) advanced age. Represents seniority and ancestral authority."
600,"bird; frigatebird; fly","manu; tavake; rere",0.9,"Barthel B600, Fischer ornithological","Recent Multi-method Decipherment, 2025","Avian symbolism: 'bird' (manu) general avian, 'frigatebird' (tavake) specific species, 'fly' (rere) flight action. Sacred bird of Bird-Man cult with creation mythology significance."
606,"birds (plural); flock; spirits","manu (plural); puhi manu",0.95,"Fischer plural construction","Recent Multi-method Decipherment, 2025","Plural avian collective: 'birds (plural)' (manu) multiple birds, 'flock' (puhi manu) group flying together, 'spirits' collective entities. Composite of bird + plural hand marker, used in creation myths."
610,"egg; origin; beginning","hua; timu; mata",0.95,"Guy reproductive symbolism","Recent Multi-method Decipherment, 2025","Cosmogonic symbolism: 'egg' (hua) reproductive structure, 'origin' (mata) source, 'beginning' (timu) commencement. Strongly linked to creation mythology and birth concepts."
680,"variable meaning context-dependent","",0.5,"Recent Multi-method Decipherment, 2025","","Context-dependent glyph with variable meaning requiring specific textual analysis. Meaning shifts based on surrounding glyphs and narrative context."
700,"fish; victim; sacrifice","ika; kai; haka ira",0.95,"Knorozov marine life","Santiago Staff analysis","Polysemic glyph with dual meanings: 'fish' (ika) aquatic creature in mythological contexts, 'victim' (kai) sacrifice target, 'sacrifice' (haka ira) ritual offering in historical contexts. Meaning determined by textual context."
710,"shark; dangerous; fierce","mako; kino; taratara",0.65,"Fischer marine predator analysis","","Predatory marine symbolism: 'shark' (mako) large predatory fish, 'dangerous' (kino) threat level, 'fierce' (taratara) aggressive nature. Represents danger and aggressive characteristics."
730,"large shark",mako,0.6,"Recent Multi-method Decipherment, 2025","","Specific marine predator 'large shark' (mako), used interchangeably with glyph 710 in some texts. Size-specific shark designation."
750,"turtle; ancient; slow","honu; tawhito; mārō",0.7,"Guy marine life study","Recent Multi-method Decipherment, 2025","Marine reptile with temporal qualities: 'turtle' (honu) marine creature, 'ancient' (tawhito) very old, 'slow' (mārō) low speed. Represents longevity symbolism and temporal endurance."
800,"octopus; tentacle","he'e; rima he'e",0.55,"Pozdniakov cephalopod study","Recent Multi-method Decipherment, 2025","Cephalopod symbolism: 'octopus' (he'e) eight-armed marine creature, 'tentacle' (rima he'e) flexible appendage. Represents complex marine life and reaching/grasping concepts."
999,"section divider; punctuation; segment divider","—",0.9,"Santiago Staff analysis","","Non-lexical structural marker: 'section divider' text break, 'punctuation' grammatical mark, 'segment divider' narrative separator. Organizes text into verses or sections."
