{
  "1": {
    "english": "human",
    "translit": "tangata",
    "confidence": 0.85,
    "source": "Barthel B001, Fischer 1997",
    "notes": "Alternative translation of basic anthropomorphic glyph; Basic human figure representing a person or ancestor; appears in genealogical lists."
  },
  "2": {
    "english": "face",
    "translit": "mata",
    "confidence": 0.7,
    "source": "Guy 1990, comparative analysis",
    "notes": "Alternative interpretation focusing on facial aspect"
  },
  "3": {
    "english": "eye",
    "translit": "mata",
    "confidence": 0.8,
    "source": "Pozdniakov 2007, anatomical",
    "notes": "Direct anatomical reference, oval with central dot"
  },
  "4": {
    "english": "mouth",
    "translit": "haha",
    "confidence": 0.75,
    "source": "Fischer 1997, anatomical",
    "notes": "Horizontal line representing oral cavity"
  },
  "5": {
    "english": "reach",
    "translit": "tuku",
    "confidence": 0.6,
    "source": "Barthel action interpretation",
    "notes": "Action derived from arm extension"
  },
  "6": {
    "english": "plural marker; rima (five/many)",
    "translit": "plural marker",
    "confidence": 0.9,
    "source": "Aruku Kurenga",
    "notes": "Updated interpretation, status: confirmed; Hand glyph used as plural or collective marker; attaches to nouns to indicate many."
  },
  "8": {
    "english": "sun/star (ra'a or hetu'u)",
    "translit": "sun/star (ra'a or hetu'u)",
    "confidence": 0.9,
    "source": "Santiago Staff/Aruku Kurenga",
    "notes": "Updated interpretation, status: confirmed; Radiating circular glyph for the sun; can also denote star or light; used as celestial/temporal marker."
  },
  "10": {
    "english": "lunar",
    "translit": "m\u0101hina",
    "confidence": 0.8,
    "source": "Mamari calendar context",
    "notes": "Adjectival form related to moon; Crescent-shaped glyph denoting the moon or month; forms basis of lunar calendar."
  },
  "20": {
    "english": "grow",
    "translit": "tipu",
    "confidence": 0.6,
    "source": "Fischer growth concept",
    "notes": "Action derived from plant symbolism; Branching glyph representing a tree or plant; marks agriculture or growth sections."
  },
  "30": {
    "english": "place",
    "translit": "henua",
    "confidence": 0.6,
    "source": "Knorozov spatial reference",
    "notes": "General location concept; Rectangular or oval enclosure sign; denotes a house, dwelling, or place."
  },
  "40": {
    "english": "flow",
    "translit": "rere",
    "confidence": 0.7,
    "source": "Guy fluid motion analysis",
    "notes": "Movement of water or liquid; Wavy line glyph representing water or sea; universal pictograph used in myths and voyages."
  },
  "50": {
    "english": "rock",
    "translit": "papa",
    "confidence": 0.6,
    "source": "Pozdniakov geological alt.",
    "notes": "Alternative stone/mineral reference; Stone or rock symbol; may denote land or foundation; used in place names."
  },
  "60": {
    "english": "way",
    "translit": "tahua",
    "confidence": 0.55,
    "source": "Barthel method/manner",
    "notes": "Method or manner of doing"
  },
  "70": {
    "english": "tool",
    "translit": "taura",
    "confidence": 0.65,
    "source": "Fischer implement general",
    "notes": "General implement or instrument"
  },
  "76": {
    "english": "copulate/procreate; 'ai' or 'fanau'",
    "translit": "copulate/procreate",
    "confidence": 0.9,
    "source": "Santiago Staff",
    "notes": "Updated interpretation, status: confirmed"
  },
  "80": {
    "english": "female",
    "translit": "vi'e",
    "confidence": 0.8,
    "source": "Guy gender analysis",
    "notes": "Feminine gender marker"
  },
  "90": {
    "english": "full",
    "translit": "k\u012b",
    "confidence": 0.7,
    "source": "Pozdniakov completeness",
    "notes": "State of being filled or complete"
  },
  "100": {
    "english": "travel",
    "translit": "rere",
    "confidence": 0.6,
    "source": "Barthel journey concept",
    "notes": "Movement from place to place"
  },
  "152": {
    "english": "whole",
    "translit": "katoa",
    "confidence": 0.85,
    "source": "Guy totality analysis",
    "notes": "Complete entity without parts missing; Circular disk with internal markings; denotes full moon and completion; in lunar calendar."
  },
  "200": {
    "english": "chief/person (ariki)",
    "translit": "chief/person (ariki)",
    "confidence": 0.75,
    "source": "Aruku Kurenga",
    "notes": "Updated interpretation, status: proposed/high confidence"
  },
  "300": {
    "english": "mother",
    "translit": "m\u0101m\u0101",
    "confidence": 0.75,
    "source": "Guy maternal analysis",
    "notes": "Female parent, birth-giver; Anthropomorphic female figure representing woman or mother; appears in genealogies."
  },
  "400": {
    "english": "offspring",
    "translit": "hua",
    "confidence": 0.65,
    "source": "Pozdniakov reproductive context",
    "notes": "Descendants, children of parents; Small human figure indicating child or offspring; descendant in genealogies."
  },
  "500": {
    "english": "old",
    "translit": "rua",
    "confidence": 0.65,
    "source": "Guy temporal analysis",
    "notes": "Advanced in age or time; Distinguished human figure representing elder or ancestor; tentative."
  },
  "600": {
    "english": "frigatebird",
    "translit": "tavake",
    "confidence": 0.9,
    "source": "Fischer species identification",
    "notes": "Specific seabird species, cultural significance; Bird glyph; the frigatebird sacred to Rapa Nui; used in creation chants and clan totems."
  },
  "606": {
    "english": "plural birds (manu); flock",
    "translit": "plural birds (manu)",
    "confidence": 0.9,
    "source": "Santiago Staff/Aruku Kurenga",
    "notes": "Updated interpretation, status: confirmed; Composite of 600 (bird) and 6 (hand); indicates plural birds or a flock."
  },
  "610": {
    "english": "origin",
    "translit": "mata",
    "confidence": 0.75,
    "source": "Guy creation mythology",
    "notes": "Source or starting point; Oval \u201cegg\u201d glyph representing origin or seed; marks beginning of creation sequence."
  },
  "700": {
    "english": "fish (ika) or victim/sacrifice (haka ira)",
    "translit": "fish (ika) or victim/sacrifice (haka ira)",
    "confidence": 0.75,
    "source": "Santiago Staff",
    "notes": "Updated interpretation, status: ambiguous/polysemic; Fish pictograph that can mean fish or victim/sacrifice depending on context."
  },
  "710": {
    "english": "fierce",
    "translit": "taratara",
    "confidence": 0.6,
    "source": "Fischer aggressive nature",
    "notes": "Aggressive or violent in nature; Fish with fierce teeth; denotes shark or predatory fish, ferocious quality."
  },
  "750": {
    "english": "ancient",
    "translit": "tawhito",
    "confidence": 0.7,
    "source": "Guy longevity symbolism",
    "notes": "Very old or from distant past"
  },
  "800": {
    "english": "tentacle",
    "translit": "rima he'e",
    "confidence": 0.5,
    "source": "Pozdniakov appendage analysis",
    "notes": "Flexible arm-like appendage; Octopus or tentacle glyph; denotes octopus or tentacles."
  },
  "9": {
    "english": "sand (one)",
    "translit": "sand (one)",
    "confidence": 0.75,
    "source": "Aruku Kurenga",
    "notes": "Updated interpretation, status: proposed/high confidence; Represents sand or beach; marks Anakena beach in voyage sequence."
  },
  "7": {
    "english": "child/descendant (poki); possibly Mahaki",
    "translit": "child/descendant (poki)",
    "confidence": 0.75,
    "source": "Aruku Kurenga",
    "notes": "Updated interpretation, status: ambiguous/polysemic; Anthropomorphic figure representing child or descendant; starts sequence of young scouts on Tablet B."
  },
  "32": {
    "english": "section delimiter/start",
    "translit": "section delimiter/start",
    "confidence": 0.75,
    "source": "Aruku Kurenga",
    "notes": "Updated interpretation, status: proposed/high confidence; Marks divisions or section starts; used like punctuation on tablets."
  },
  "999": {
    "english": "segment divider; punctuation",
    "translit": "segment divider",
    "confidence": 0.9,
    "source": "Santiago Staff",
    "notes": "Updated interpretation, status: confirmed; Punctuation-like vertical stroke dividing verses on the Santiago Staff."
  },
  "11": {
    "english": "shark/sea creature",
    "translit": "niuhi/pakia",
    "confidence": 0.5,
    "source": "Placeholder for research",
    "notes": "Large marine creature symbol; interpreted as shark or seal associated with sea god Tangaroa."
  },
  "12": {
    "english": "fish",
    "translit": "ika",
    "confidence": 0.5,
    "source": "Placeholder for research",
    "notes": "Fish pictograph; used literally and in divine names such as Ika roa."
  },
  "13": {
    "english": "cave/tomb",
    "translit": "ana/avanga",
    "confidence": 0.5,
    "source": "Placeholder for research",
    "notes": "Symbol for cave or burial tomb; confirmed by context of scout being buried in a cave."
  },
  "14": {
    "english": "",
    "translit": "",
    "confidence": 0.0,
    "source": "Placeholder for research",
    "notes": "Glyph 14 - awaiting decipherment"
  },
  "15": {
    "english": "",
    "translit": "",
    "confidence": 0.0,
    "source": "Placeholder for research",
    "notes": "Glyph 15 - awaiting decipherment"
  },
  "16": {
    "english": "tuna fish",
    "translit": "kahi",
    "confidence": 0.5,
    "source": "Placeholder for research",
    "notes": "Specific fish glyph identified as tuna; appears with Tangaroa as tuna incarnation."
  },
  "17": {
    "english": "",
    "translit": "",
    "confidence": 0.0,
    "source": "Placeholder for research",
    "notes": "Glyph 17 - awaiting decipherment"
  },
  "18": {
    "english": "",
    "translit": "",
    "confidence": 0.0,
    "source": "Placeholder for research",
    "notes": "Glyph 18 - awaiting decipherment"
  },
  "19": {
    "english": "",
    "translit": "",
    "confidence": 0.0,
    "source": "Placeholder for research",
    "notes": "Glyph 19 - awaiting decipherment"
  },
  "21": {
    "english": "",
    "translit": "",
    "confidence": 0.0,
    "source": "Placeholder for research",
    "notes": "Glyph 21 - awaiting decipherment"
  },
  "22": {
    "english": "",
    "translit": "",
    "confidence": 0.0,
    "source": "Placeholder for research",
    "notes": "Glyph 22 - awaiting decipherment"
  },
  "23": {
    "english": "",
    "translit": "",
    "confidence": 0.0,
    "source": "Placeholder for research",
    "notes": "Glyph 23 - awaiting decipherment"
  },
  "24": {
    "english": "",
    "translit": "",
    "confidence": 0.0,
    "source": "Placeholder for research",
    "notes": "Glyph 24 - awaiting decipherment"
  },
  "25": {
    "english": "",
    "translit": "",
    "confidence": 0.0,
    "source": "Placeholder for research",
    "notes": "Glyph 25 - awaiting decipherment"
  },
  "26": {
    "english": "",
    "translit": "",
    "confidence": 0.0,
    "source": "Placeholder for research",
    "notes": "Glyph 26 - awaiting decipherment"
  },
  "27": {
    "english": "",
    "translit": "",
    "confidence": 0.0,
    "source": "Placeholder for research",
    "notes": "Glyph 27 - awaiting decipherment"
  },
  "28": {
    "english": "",
    "translit": "",
    "confidence": 0.0,
    "source": "Placeholder for research",
    "notes": "Glyph 28 - awaiting decipherment"
  },
  "29": {
    "english": "",
    "translit": "",
    "confidence": 0.0,
    "source": "Placeholder for research",
    "notes": "Glyph 29 - awaiting decipherment"
  },
  "31": {
    "english": "",
    "translit": "",
    "confidence": 0.0,
    "source": "Placeholder for research",
    "notes": "Glyph 31 - awaiting decipherment"
  },
  "33": {
    "english": "",
    "translit": "",
    "confidence": 0.0,
    "source": "Placeholder for research",
    "notes": "Glyph 33 - awaiting decipherment"
  },
  "34": {
    "english": "",
    "translit": "",
    "confidence": 0.0,
    "source": "Placeholder for research",
    "notes": "Glyph 34 - awaiting decipherment"
  },
  "35": {
    "english": "",
    "translit": "",
    "confidence": 0.0,
    "source": "Placeholder for research",
    "notes": "Glyph 35 - awaiting decipherment"
  },
  "36": {
    "english": "",
    "translit": "",
    "confidence": 0.0,
    "source": "Placeholder for research",
    "notes": "Glyph 36 - awaiting decipherment"
  },
  "37": {
    "english": "",
    "translit": "",
    "confidence": 0.0,
    "source": "Placeholder for research",
    "notes": "Glyph 37 - awaiting decipherment"
  },
  "38": {
    "english": "",
    "translit": "",
    "confidence": 0.0,
    "source": "Placeholder for research",
    "notes": "Glyph 38 - awaiting decipherment"
  },
  "39": {
    "english": "",
    "translit": "",
    "confidence": 0.0,
    "source": "Placeholder for research",
    "notes": "Glyph 39 - awaiting decipherment"
  },
  "41": {
    "english": "crescent variant/day marker",
    "translit": "--",
    "confidence": 0.5,
    "source": "Placeholder for research",
    "notes": "Variant shape not used in night count; possibly denotes day or other time unit."
  },
  "42": {
    "english": "",
    "translit": "",
    "confidence": 0.0,
    "source": "Placeholder for research",
    "notes": "Glyph 42 - awaiting decipherment"
  },
  "43": {
    "english": "",
    "translit": "",
    "confidence": 0.0,
    "source": "Placeholder for research",
    "notes": "Glyph 43 - awaiting decipherment"
  },
  "44": {
    "english": "frigate bird",
    "translit": "taha",
    "confidence": 0.5,
    "source": "Placeholder for research",
    "notes": "Bird glyph representing the frigatebird; used as clan totem and sacred symbol."
  },
  "45": {
    "english": "",
    "translit": "",
    "confidence": 0.0,
    "source": "Placeholder for research",
    "notes": "Glyph 45 - awaiting decipherment"
  },
  "46": {
    "english": "",
    "translit": "",
    "confidence": 0.0,
    "source": "Placeholder for research",
    "notes": "Glyph 46 - awaiting decipherment"
  },
  "47": {
    "english": "",
    "translit": "",
    "confidence": 0.0,
    "source": "Placeholder for research",
    "notes": "Glyph 47 - awaiting decipherment"
  },
  "48": {
    "english": "",
    "translit": "",
    "confidence": 0.0,
    "source": "Placeholder for research",
    "notes": "Glyph 48 - awaiting decipherment"
  },
  "49": {
    "english": "",
    "translit": "",
    "confidence": 0.0,
    "source": "Placeholder for research",
    "notes": "Glyph 49 - awaiting decipherment"
  },
  "51": {
    "english": "",
    "translit": "",
    "confidence": 0.0,
    "source": "Placeholder for research",
    "notes": "Glyph 51 - awaiting decipherment"
  },
  "52": {
    "english": "",
    "translit": "",
    "confidence": 0.0,
    "source": "Placeholder for research",
    "notes": "Glyph 52 - awaiting decipherment"
  },
  "53": {
    "english": "",
    "translit": "",
    "confidence": 0.0,
    "source": "Placeholder for research",
    "notes": "Glyph 53 - awaiting decipherment"
  },
  "54": {
    "english": "",
    "translit": "",
    "confidence": 0.0,
    "source": "Placeholder for research",
    "notes": "Glyph 54 - awaiting decipherment"
  },
  "55": {
    "english": "",
    "translit": "",
    "confidence": 0.0,
    "source": "Placeholder for research",
    "notes": "Glyph 55 - awaiting decipherment"
  },
  "56": {
    "english": "",
    "translit": "",
    "confidence": 0.0,
    "source": "Placeholder for research",
    "notes": "Glyph 56 - awaiting decipherment"
  },
  "57": {
    "english": "",
    "translit": "",
    "confidence": 0.0,
    "source": "Placeholder for research",
    "notes": "Glyph 57 - awaiting decipherment"
  },
  "58": {
    "english": "",
    "translit": "",
    "confidence": 0.0,
    "source": "Placeholder for research",
    "notes": "Glyph 58 - awaiting decipherment"
  },
  "59": {
    "english": "",
    "translit": "",
    "confidence": 0.0,
    "source": "Placeholder for research",
    "notes": "Glyph 59 - awaiting decipherment"
  },
  "61": {
    "english": "dark/feminine marker",
    "translit": "--",
    "confidence": 0.5,
    "source": "Placeholder for research",
    "notes": "Abstract sign possibly indicating darkness or female principle; color or quality determinative."
  },
  "62": {
    "english": "star/punctuation",
    "translit": "--",
    "confidence": 0.5,
    "source": "Placeholder for research",
    "notes": "Small circular glyph functioning as star or punctuation marker; usage rare and tentative."
  },
  "63": {
    "english": "",
    "translit": "",
    "confidence": 0.0,
    "source": "Placeholder for research",
    "notes": "Glyph 63 - awaiting decipherment"
  },
  "64": {
    "english": "red/bright marker",
    "translit": "mea",
    "confidence": 0.5,
    "source": "Placeholder for research",
    "notes": "Color or quality determinative; may denote red or brightness; attaches to deity glyphs."
  },
  "65": {
    "english": "",
    "translit": "",
    "confidence": 0.0,
    "source": "Placeholder for research",
    "notes": "Glyph 65 - awaiting decipherment"
  },
  "66": {
    "english": "",
    "translit": "",
    "confidence": 0.0,
    "source": "Placeholder for research",
    "notes": "Glyph 66 - awaiting decipherment"
  },
  "67": {
    "english": "palm tree/cycle",
    "translit": "pae/niu",
    "confidence": 0.5,
    "source": "Placeholder for research",
    "notes": "Tree-like glyph representing the extinct Easter Island palm; may also signify cycle or repeat."
  },
  "68": {
    "english": "turtle",
    "translit": "honu",
    "confidence": 0.5,
    "source": "Placeholder for research",
    "notes": "Turtle pictograph; associated with god Rongo and used as name/epithet in genealogies."
  },
  "69": {
    "english": "new moon/lizard",
    "translit": "moko",
    "confidence": 0.5,
    "source": "Placeholder for research",
    "notes": "Depicts a lizard; signifies new moon or god Hiro (moko); marks beginning of lunar cycle."
  },
  "71": {
    "english": "",
    "translit": "",
    "confidence": 0.0,
    "source": "Placeholder for research",
    "notes": "Glyph 71 - awaiting decipherment"
  },
  "72": {
    "english": "Hotu (sprout)",
    "translit": "hotu",
    "confidence": 0.5,
    "source": "Placeholder for research",
    "notes": "Glyph corresponding to sprout or night name Hotu; appears near dark moon period."
  },
  "73": {
    "english": "Otua (deity figure)",
    "translit": "atua",
    "confidence": 0.5,
    "source": "Placeholder for research",
    "notes": "Glyph representing a deity or night name Otua; anthropomorphic figure."
  },
  "74": {
    "english": "Hua (fruit)",
    "translit": "hua",
    "confidence": 0.5,
    "source": "Placeholder for research",
    "notes": "Fruit glyph signifying first quarter moon."
  },
  "75": {
    "english": "",
    "translit": "",
    "confidence": 0.0,
    "source": "Placeholder for research",
    "notes": "Glyph 75 - awaiting decipherment"
  },
  "77": {
    "english": "",
    "translit": "",
    "confidence": 0.0,
    "source": "Placeholder for research",
    "notes": "Glyph 77 - awaiting decipherment"
  },
  "78": {
    "english": "Maure (waning gibbous)",
    "translit": "maure",
    "confidence": 0.5,
    "source": "Placeholder for research",
    "notes": "Night after full moon; stage of waning gibbous."
  },
  "79": {
    "english": "",
    "translit": "",
    "confidence": 0.0,
    "source": "Placeholder for research",
    "notes": "Glyph 79 - awaiting decipherment"
  },
  "81": {
    "english": "",
    "translit": "",
    "confidence": 0.0,
    "source": "Placeholder for research",
    "notes": "Glyph 81 - awaiting decipherment"
  },
  "82": {
    "english": "",
    "translit": "",
    "confidence": 0.0,
    "source": "Placeholder for research",
    "notes": "Glyph 82 - awaiting decipherment"
  },
  "83": {
    "english": "",
    "translit": "",
    "confidence": 0.0,
    "source": "Placeholder for research",
    "notes": "Glyph 83 - awaiting decipherment"
  },
  "84": {
    "english": "",
    "translit": "",
    "confidence": 0.0,
    "source": "Placeholder for research",
    "notes": "Glyph 84 - awaiting decipherment"
  },
  "85": {
    "english": "",
    "translit": "",
    "confidence": 0.0,
    "source": "Placeholder for research",
    "notes": "Glyph 85 - awaiting decipherment"
  },
  "86": {
    "english": "",
    "translit": "",
    "confidence": 0.0,
    "source": "Placeholder for research",
    "notes": "Glyph 86 - awaiting decipherment"
  },
  "87": {
    "english": "",
    "translit": "",
    "confidence": 0.0,
    "source": "Placeholder for research",
    "notes": "Glyph 87 - awaiting decipherment"
  },
  "88": {
    "english": "",
    "translit": "",
    "confidence": 0.0,
    "source": "Placeholder for research",
    "notes": "Glyph 88 - awaiting decipherment"
  },
  "89": {
    "english": "",
    "translit": "",
    "confidence": 0.0,
    "source": "Placeholder for research",
    "notes": "Glyph 89 - awaiting decipherment"
  },
  "91": {
    "english": "",
    "translit": "",
    "confidence": 0.0,
    "source": "Placeholder for research",
    "notes": "Glyph 91 - awaiting decipherment"
  },
  "92": {
    "english": "",
    "translit": "",
    "confidence": 0.0,
    "source": "Placeholder for research",
    "notes": "Glyph 92 - awaiting decipherment"
  },
  "93": {
    "english": "",
    "translit": "",
    "confidence": 0.0,
    "source": "Placeholder for research",
    "notes": "Glyph 93 - awaiting decipherment"
  },
  "94": {
    "english": "",
    "translit": "",
    "confidence": 0.0,
    "source": "Placeholder for research",
    "notes": "Glyph 94 - awaiting decipherment"
  },
  "95": {
    "english": "",
    "translit": "",
    "confidence": 0.0,
    "source": "Placeholder for research",
    "notes": "Glyph 95 - awaiting decipherment"
  },
  "96": {
    "english": "",
    "translit": "",
    "confidence": 0.0,
    "source": "Placeholder for research",
    "notes": "Glyph 96 - awaiting decipherment"
  },
  "97": {
    "english": "",
    "translit": "",
    "confidence": 0.0,
    "source": "Placeholder for research",
    "notes": "Glyph 97 - awaiting decipherment"
  },
  "98": {
    "english": "",
    "translit": "",
    "confidence": 0.0,
    "source": "Placeholder for research",
    "notes": "Glyph 98 - awaiting decipherment"
  },
  "99": {
    "english": "",
    "translit": "",
    "confidence": 0.0,
    "source": "Placeholder for research",
    "notes": "Glyph 99 - awaiting decipherment"
  },
  "101": {
    "english": "",
    "translit": "",
    "confidence": 0.0,
    "source": "Placeholder for research",
    "notes": "Glyph 101 - awaiting decipherment"
  },
  "102": {
    "english": "",
    "translit": "",
    "confidence": 0.0,
    "source": "Placeholder for research",
    "notes": "Glyph 102 - awaiting decipherment"
  },
  "103": {
    "english": "",
    "translit": "",
    "confidence": 0.0,
    "source": "Placeholder for research",
    "notes": "Glyph 103 - awaiting decipherment"
  },
  "104": {
    "english": "",
    "translit": "",
    "confidence": 0.0,
    "source": "Placeholder for research",
    "notes": "Glyph 104 - awaiting decipherment"
  },
  "105": {
    "english": "",
    "translit": "",
    "confidence": 0.0,
    "source": "Placeholder for research",
    "notes": "Glyph 105 - awaiting decipherment"
  },
  "106": {
    "english": "",
    "translit": "",
    "confidence": 0.0,
    "source": "Placeholder for research",
    "notes": "Glyph 106 - awaiting decipherment"
  },
  "107": {
    "english": "",
    "translit": "",
    "confidence": 0.0,
    "source": "Placeholder for research",
    "notes": "Glyph 107 - awaiting decipherment"
  },
  "108": {
    "english": "",
    "translit": "",
    "confidence": 0.0,
    "source": "Placeholder for research",
    "notes": "Glyph 108 - awaiting decipherment"
  },
  "109": {
    "english": "",
    "translit": "",
    "confidence": 0.0,
    "source": "Placeholder for research",
    "notes": "Glyph 109 - awaiting decipherment"
  },
  "110": {
    "english": "",
    "translit": "",
    "confidence": 0.0,
    "source": "Placeholder for research",
    "notes": "Glyph 110 - awaiting decipherment"
  },
  "111": {
    "english": "",
    "translit": "",
    "confidence": 0.0,
    "source": "Placeholder for research",
    "notes": "Glyph 111 - awaiting decipherment"
  },
  "112": {
    "english": "",
    "translit": "",
    "confidence": 0.0,
    "source": "Placeholder for research",
    "notes": "Glyph 112 - awaiting decipherment"
  },
  "113": {
    "english": "",
    "translit": "",
    "confidence": 0.0,
    "source": "Placeholder for research",
    "notes": "Glyph 113 - awaiting decipherment"
  },
  "114": {
    "english": "",
    "translit": "",
    "confidence": 0.0,
    "source": "Placeholder for research",
    "notes": "Glyph 114 - awaiting decipherment"
  },
  "115": {
    "english": "",
    "translit": "",
    "confidence": 0.0,
    "source": "Placeholder for research",
    "notes": "Glyph 115 - awaiting decipherment"
  },
  "116": {
    "english": "",
    "translit": "",
    "confidence": 0.0,
    "source": "Placeholder for research",
    "notes": "Glyph 116 - awaiting decipherment"
  },
  "117": {
    "english": "",
    "translit": "",
    "confidence": 0.0,
    "source": "Placeholder for research",
    "notes": "Glyph 117 - awaiting decipherment"
  },
  "118": {
    "english": "",
    "translit": "",
    "confidence": 0.0,
    "source": "Placeholder for research",
    "notes": "Glyph 118 - awaiting decipherment"
  },
  "119": {
    "english": "",
    "translit": "",
    "confidence": 0.0,
    "source": "Placeholder for research",
    "notes": "Glyph 119 - awaiting decipherment"
  },
  "120": {
    "english": "",
    "translit": "",
    "confidence": 0.0,
    "source": "Placeholder for research",
    "notes": "Glyph 120 - awaiting decipherment"
  },
  "121": {
    "english": "",
    "translit": "",
    "confidence": 0.0,
    "source": "Placeholder for research",
    "notes": "Glyph 121 - awaiting decipherment"
  },
  "122": {
    "english": "",
    "translit": "",
    "confidence": 0.0,
    "source": "Placeholder for research",
    "notes": "Glyph 122 - awaiting decipherment"
  },
  "123": {
    "english": "",
    "translit": "",
    "confidence": 0.0,
    "source": "Placeholder for research",
    "notes": "Glyph 123 - awaiting decipherment"
  },
  "124": {
    "english": "",
    "translit": "",
    "confidence": 0.0,
    "source": "Placeholder for research",
    "notes": "Glyph 124 - awaiting decipherment"
  },
  "125": {
    "english": "",
    "translit": "",
    "confidence": 0.0,
    "source": "Placeholder for research",
    "notes": "Glyph 125 - awaiting decipherment"
  },
  "126": {
    "english": "",
    "translit": "",
    "confidence": 0.0,
    "source": "Placeholder for research",
    "notes": "Glyph 126 - awaiting decipherment"
  },
  "127": {
    "english": "",
    "translit": "",
    "confidence": 0.0,
    "source": "Placeholder for research",
    "notes": "Glyph 127 - awaiting decipherment"
  },
  "128": {
    "english": "",
    "translit": "",
    "confidence": 0.0,
    "source": "Placeholder for research",
    "notes": "Glyph 128 - awaiting decipherment"
  },
  "129": {
    "english": "",
    "translit": "",
    "confidence": 0.0,
    "source": "Placeholder for research",
    "notes": "Glyph 129 - awaiting decipherment"
  },
  "130": {
    "english": "",
    "translit": "",
    "confidence": 0.0,
    "source": "Placeholder for research",
    "notes": "Glyph 130 - awaiting decipherment"
  },
  "131": {
    "english": "",
    "translit": "",
    "confidence": 0.0,
    "source": "Placeholder for research",
    "notes": "Glyph 131 - awaiting decipherment"
  },
  "132": {
    "english": "",
    "translit": "",
    "confidence": 0.0,
    "source": "Placeholder for research",
    "notes": "Glyph 132 - awaiting decipherment"
  },
  "133": {
    "english": "",
    "translit": "",
    "confidence": 0.0,
    "source": "Placeholder for research",
    "notes": "Glyph 133 - awaiting decipherment"
  },
  "134": {
    "english": "",
    "translit": "",
    "confidence": 0.0,
    "source": "Placeholder for research",
    "notes": "Glyph 134 - awaiting decipherment"
  },
  "135": {
    "english": "",
    "translit": "",
    "confidence": 0.0,
    "source": "Placeholder for research",
    "notes": "Glyph 135 - awaiting decipherment"
  },
  "136": {
    "english": "",
    "translit": "",
    "confidence": 0.0,
    "source": "Placeholder for research",
    "notes": "Glyph 136 - awaiting decipherment"
  },
  "137": {
    "english": "",
    "translit": "",
    "confidence": 0.0,
    "source": "Placeholder for research",
    "notes": "Glyph 137 - awaiting decipherment"
  },
  "138": {
    "english": "",
    "translit": "",
    "confidence": 0.0,
    "source": "Placeholder for research",
    "notes": "Glyph 138 - awaiting decipherment"
  },
  "139": {
    "english": "",
    "translit": "",
    "confidence": 0.0,
    "source": "Placeholder for research",
    "notes": "Glyph 139 - awaiting decipherment"
  },
  "140": {
    "english": "",
    "translit": "",
    "confidence": 0.0,
    "source": "Placeholder for research",
    "notes": "Glyph 140 - awaiting decipherment"
  },
  "141": {
    "english": "",
    "translit": "",
    "confidence": 0.0,
    "source": "Placeholder for research",
    "notes": "Glyph 141 - awaiting decipherment"
  },
  "142": {
    "english": "",
    "translit": "",
    "confidence": 0.0,
    "source": "Placeholder for research",
    "notes": "Glyph 142 - awaiting decipherment"
  },
  "143": {
    "english": "Rakau (tree)",
    "translit": "rakau",
    "confidence": 0.5,
    "source": "Placeholder for research",
    "notes": "Night before full moon; tree symbol."
  },
  "144": {
    "english": "",
    "translit": "",
    "confidence": 0.0,
    "source": "Placeholder for research",
    "notes": "Glyph 144 - awaiting decipherment"
  },
  "145": {
    "english": "",
    "translit": "",
    "confidence": 0.0,
    "source": "Placeholder for research",
    "notes": "Glyph 145 - awaiting decipherment"
  },
  "146": {
    "english": "",
    "translit": "",
    "confidence": 0.0,
    "source": "Placeholder for research",
    "notes": "Glyph 146 - awaiting decipherment"
  },
  "147": {
    "english": "",
    "translit": "",
    "confidence": 0.0,
    "source": "Placeholder for research",
    "notes": "Glyph 147 - awaiting decipherment"
  },
  "148": {
    "english": "",
    "translit": "",
    "confidence": 0.0,
    "source": "Placeholder for research",
    "notes": "Glyph 148 - awaiting decipherment"
  },
  "149": {
    "english": "",
    "translit": "",
    "confidence": 0.0,
    "source": "Placeholder for research",
    "notes": "Glyph 149 - awaiting decipherment"
  },
  "150": {
    "english": "",
    "translit": "",
    "confidence": 0.0,
    "source": "Placeholder for research",
    "notes": "Glyph 150 - awaiting decipherment"
  },
  "151": {
    "english": "",
    "translit": "",
    "confidence": 0.0,
    "source": "Placeholder for research",
    "notes": "Glyph 151 - awaiting decipherment"
  },
  "153": {
    "english": "",
    "translit": "",
    "confidence": 0.0,
    "source": "Placeholder for research",
    "notes": "Glyph 153 - awaiting decipherment"
  },
  "154": {
    "english": "",
    "translit": "",
    "confidence": 0.0,
    "source": "Placeholder for research",
    "notes": "Glyph 154 - awaiting decipherment"
  },
  "155": {
    "english": "",
    "translit": "",
    "confidence": 0.0,
    "source": "Placeholder for research",
    "notes": "Glyph 155 - awaiting decipherment"
  },
  "156": {
    "english": "",
    "translit": "",
    "confidence": 0.0,
    "source": "Placeholder for research",
    "notes": "Glyph 156 - awaiting decipherment"
  },
  "157": {
    "english": "",
    "translit": "",
    "confidence": 0.0,
    "source": "Placeholder for research",
    "notes": "Glyph 157 - awaiting decipherment"
  },
  "158": {
    "english": "",
    "translit": "",
    "confidence": 0.0,
    "source": "Placeholder for research",
    "notes": "Glyph 158 - awaiting decipherment"
  },
  "159": {
    "english": "",
    "translit": "",
    "confidence": 0.0,
    "source": "Placeholder for research",
    "notes": "Glyph 159 - awaiting decipherment"
  },
  "160": {
    "english": "",
    "translit": "",
    "confidence": 0.0,
    "source": "Placeholder for research",
    "notes": "Glyph 160 - awaiting decipherment"
  },
  "161": {
    "english": "",
    "translit": "",
    "confidence": 0.0,
    "source": "Placeholder for research",
    "notes": "Glyph 161 - awaiting decipherment"
  },
  "162": {
    "english": "",
    "translit": "",
    "confidence": 0.0,
    "source": "Placeholder for research",
    "notes": "Glyph 162 - awaiting decipherment"
  },
  "163": {
    "english": "",
    "translit": "",
    "confidence": 0.0,
    "source": "Placeholder for research",
    "notes": "Glyph 163 - awaiting decipherment"
  },
  "164": {
    "english": "",
    "translit": "",
    "confidence": 0.0,
    "source": "Placeholder for research",
    "notes": "Glyph 164 - awaiting decipherment"
  },
  "165": {
    "english": "",
    "translit": "",
    "confidence": 0.0,
    "source": "Placeholder for research",
    "notes": "Glyph 165 - awaiting decipherment"
  },
  "166": {
    "english": "",
    "translit": "",
    "confidence": 0.0,
    "source": "Placeholder for research",
    "notes": "Glyph 166 - awaiting decipherment"
  },
  "167": {
    "english": "",
    "translit": "",
    "confidence": 0.0,
    "source": "Placeholder for research",
    "notes": "Glyph 167 - awaiting decipherment"
  },
  "168": {
    "english": "",
    "translit": "",
    "confidence": 0.0,
    "source": "Placeholder for research",
    "notes": "Glyph 168 - awaiting decipherment"
  },
  "169": {
    "english": "",
    "translit": "",
    "confidence": 0.0,
    "source": "Placeholder for research",
    "notes": "Glyph 169 - awaiting decipherment"
  },
  "170": {
    "english": "",
    "translit": "",
    "confidence": 0.0,
    "source": "Placeholder for research",
    "notes": "Glyph 170 - awaiting decipherment"
  },
  "171": {
    "english": "",
    "translit": "",
    "confidence": 0.0,
    "source": "Placeholder for research",
    "notes": "Glyph 171 - awaiting decipherment"
  },
  "172": {
    "english": "",
    "translit": "",
    "confidence": 0.0,
    "source": "Placeholder for research",
    "notes": "Glyph 172 - awaiting decipherment"
  },
  "173": {
    "english": "",
    "translit": "",
    "confidence": 0.0,
    "source": "Placeholder for research",
    "notes": "Glyph 173 - awaiting decipherment"
  },
  "174": {
    "english": "",
    "translit": "",
    "confidence": 0.0,
    "source": "Placeholder for research",
    "notes": "Glyph 174 - awaiting decipherment"
  },
  "175": {
    "english": "",
    "translit": "",
    "confidence": 0.0,
    "source": "Placeholder for research",
    "notes": "Glyph 175 - awaiting decipherment"
  },
  "176": {
    "english": "",
    "translit": "",
    "confidence": 0.0,
    "source": "Placeholder for research",
    "notes": "Glyph 176 - awaiting decipherment"
  },
  "177": {
    "english": "",
    "translit": "",
    "confidence": 0.0,
    "source": "Placeholder for research",
    "notes": "Glyph 177 - awaiting decipherment"
  },
  "178": {
    "english": "",
    "translit": "",
    "confidence": 0.0,
    "source": "Placeholder for research",
    "notes": "Glyph 178 - awaiting decipherment"
  },
  "179": {
    "english": "",
    "translit": "",
    "confidence": 0.0,
    "source": "Placeholder for research",
    "notes": "Glyph 179 - awaiting decipherment"
  },
  "180": {
    "english": "",
    "translit": "",
    "confidence": 0.0,
    "source": "Placeholder for research",
    "notes": "Glyph 180 - awaiting decipherment"
  },
  "181": {
    "english": "",
    "translit": "",
    "confidence": 0.0,
    "source": "Placeholder for research",
    "notes": "Glyph 181 - awaiting decipherment"
  },
  "182": {
    "english": "",
    "translit": "",
    "confidence": 0.0,
    "source": "Placeholder for research",
    "notes": "Glyph 182 - awaiting decipherment"
  },
  "183": {
    "english": "",
    "translit": "",
    "confidence": 0.0,
    "source": "Placeholder for research",
    "notes": "Glyph 183 - awaiting decipherment"
  },
  "184": {
    "english": "",
    "translit": "",
    "confidence": 0.0,
    "source": "Placeholder for research",
    "notes": "Glyph 184 - awaiting decipherment"
  },
  "185": {
    "english": "",
    "translit": "",
    "confidence": 0.0,
    "source": "Placeholder for research",
    "notes": "Glyph 185 - awaiting decipherment"
  },
  "186": {
    "english": "",
    "translit": "",
    "confidence": 0.0,
    "source": "Placeholder for research",
    "notes": "Glyph 186 - awaiting decipherment"
  },
  "187": {
    "english": "",
    "translit": "",
    "confidence": 0.0,
    "source": "Placeholder for research",
    "notes": "Glyph 187 - awaiting decipherment"
  },
  "188": {
    "english": "",
    "translit": "",
    "confidence": 0.0,
    "source": "Placeholder for research",
    "notes": "Glyph 188 - awaiting decipherment"
  },
  "189": {
    "english": "",
    "translit": "",
    "confidence": 0.0,
    "source": "Placeholder for research",
    "notes": "Glyph 189 - awaiting decipherment"
  },
  "190": {
    "english": "",
    "translit": "",
    "confidence": 0.0,
    "source": "Placeholder for research",
    "notes": "Glyph 190 - awaiting decipherment"
  },
  "191": {
    "english": "",
    "translit": "",
    "confidence": 0.0,
    "source": "Placeholder for research",
    "notes": "Glyph 191 - awaiting decipherment"
  },
  "192": {
    "english": "",
    "translit": "",
    "confidence": 0.0,
    "source": "Placeholder for research",
    "notes": "Glyph 192 - awaiting decipherment"
  },
  "193": {
    "english": "",
    "translit": "",
    "confidence": 0.0,
    "source": "Placeholder for research",
    "notes": "Glyph 193 - awaiting decipherment"
  },
  "194": {
    "english": "",
    "translit": "",
    "confidence": 0.0,
    "source": "Placeholder for research",
    "notes": "Glyph 194 - awaiting decipherment"
  },
  "195": {
    "english": "",
    "translit": "",
    "confidence": 0.0,
    "source": "Placeholder for research",
    "notes": "Glyph 195 - awaiting decipherment"
  },
  "196": {
    "english": "",
    "translit": "",
    "confidence": 0.0,
    "source": "Placeholder for research",
    "notes": "Glyph 196 - awaiting decipherment"
  },
  "197": {
    "english": "",
    "translit": "",
    "confidence": 0.0,
    "source": "Placeholder for research",
    "notes": "Glyph 197 - awaiting decipherment"
  },
  "198": {
    "english": "",
    "translit": "",
    "confidence": 0.0,
    "source": "Placeholder for research",
    "notes": "Glyph 198 - awaiting decipherment"
  },
  "199": {
    "english": "",
    "translit": "",
    "confidence": 0.0,
    "source": "Placeholder for research",
    "notes": "Glyph 199 - awaiting decipherment"
  },
  "201": {
    "english": "",
    "translit": "",
    "confidence": 0.0,
    "source": "Placeholder for research",
    "notes": "Glyph 201 - awaiting decipherment"
  },
  "202": {
    "english": "",
    "translit": "",
    "confidence": 0.0,
    "source": "Placeholder for research",
    "notes": "Glyph 202 - awaiting decipherment"
  },
  "203": {
    "english": "",
    "translit": "",
    "confidence": 0.0,
    "source": "Placeholder for research",
    "notes": "Glyph 203 - awaiting decipherment"
  },
  "204": {
    "english": "",
    "translit": "",
    "confidence": 0.0,
    "source": "Placeholder for research",
    "notes": "Glyph 204 - awaiting decipherment"
  },
  "205": {
    "english": "",
    "translit": "",
    "confidence": 0.0,
    "source": "Placeholder for research",
    "notes": "Glyph 205 - awaiting decipherment"
  },
  "206": {
    "english": "",
    "translit": "",
    "confidence": 0.0,
    "source": "Placeholder for research",
    "notes": "Glyph 206 - awaiting decipherment"
  },
  "207": {
    "english": "",
    "translit": "",
    "confidence": 0.0,
    "source": "Placeholder for research",
    "notes": "Glyph 207 - awaiting decipherment"
  },
  "208": {
    "english": "",
    "translit": "",
    "confidence": 0.0,
    "source": "Placeholder for research",
    "notes": "Glyph 208 - awaiting decipherment"
  },
  "209": {
    "english": "",
    "translit": "",
    "confidence": 0.0,
    "source": "Placeholder for research",
    "notes": "Glyph 209 - awaiting decipherment"
  },
  "210": {
    "english": "",
    "translit": "",
    "confidence": 0.0,
    "source": "Placeholder for research",
    "notes": "Glyph 210 - awaiting decipherment"
  },
  "220": {
    "english": "",
    "translit": "",
    "confidence": 0.0,
    "source": "Placeholder for research",
    "notes": "Glyph 220 - awaiting decipherment"
  },
  "230": {
    "english": "",
    "translit": "",
    "confidence": 0.0,
    "source": "Placeholder for research",
    "notes": "Glyph 230 - awaiting decipherment"
  },
  "240": {
    "english": "",
    "translit": "",
    "confidence": 0.0,
    "source": "Placeholder for research",
    "notes": "Glyph 240 - awaiting decipherment"
  },
  "250": {
    "english": "",
    "translit": "",
    "confidence": 0.0,
    "source": "Placeholder for research",
    "notes": "Glyph 250 - awaiting decipherment"
  },
  "260": {
    "english": "",
    "translit": "",
    "confidence": 0.0,
    "source": "Placeholder for research",
    "notes": "Glyph 260 - awaiting decipherment"
  },
  "270": {
    "english": "",
    "translit": "",
    "confidence": 0.0,
    "source": "Placeholder for research",
    "notes": "Glyph 270 - awaiting decipherment"
  },
  "280": {
    "english": "turtle (honu)",
    "translit": "honu",
    "confidence": 0.5,
    "source": "Placeholder for research",
    "notes": "Turtle glyph; associated with god Rongo or dark moon; appears in genealogies and lunar sequence."
  },
  "290": {
    "english": "",
    "translit": "",
    "confidence": 0.0,
    "source": "Placeholder for research",
    "notes": "Glyph 290 - awaiting decipherment"
  },
  "301": {
    "english": "",
    "translit": "",
    "confidence": 0.0,
    "source": "Placeholder for research",
    "notes": "Glyph 301 - awaiting decipherment"
  },
  "302": {
    "english": "",
    "translit": "",
    "confidence": 0.0,
    "source": "Placeholder for research",
    "notes": "Glyph 302 - awaiting decipherment"
  },
  "310": {
    "english": "",
    "translit": "",
    "confidence": 0.0,
    "source": "Placeholder for research",
    "notes": "Glyph 310 - awaiting decipherment"
  },
  "320": {
    "english": "",
    "translit": "",
    "confidence": 0.0,
    "source": "Placeholder for research",
    "notes": "Glyph 320 - awaiting decipherment"
  },
  "330": {
    "english": "",
    "translit": "",
    "confidence": 0.0,
    "source": "Placeholder for research",
    "notes": "Glyph 330 - awaiting decipherment"
  },
  "340": {
    "english": "",
    "translit": "",
    "confidence": 0.0,
    "source": "Placeholder for research",
    "notes": "Glyph 340 - awaiting decipherment"
  },
  "350": {
    "english": "",
    "translit": "",
    "confidence": 0.0,
    "source": "Placeholder for research",
    "notes": "Glyph 350 - awaiting decipherment"
  },
  "360": {
    "english": "",
    "translit": "",
    "confidence": 0.0,
    "source": "Placeholder for research",
    "notes": "Glyph 360 - awaiting decipherment"
  },
  "370": {
    "english": "",
    "translit": "",
    "confidence": 0.0,
    "source": "Placeholder for research",
    "notes": "Glyph 370 - awaiting decipherment"
  },
  "380": {
    "english": "",
    "translit": "",
    "confidence": 0.0,
    "source": "Placeholder for research",
    "notes": "Glyph 380 - awaiting decipherment"
  },
  "390": {
    "english": "",
    "translit": "",
    "confidence": 0.0,
    "source": "Placeholder for research",
    "notes": "Glyph 390 - awaiting decipherment"
  },
  "401": {
    "english": "",
    "translit": "",
    "confidence": 0.0,
    "source": "Placeholder for research",
    "notes": "Glyph 401 - awaiting decipherment"
  },
  "410": {
    "english": "",
    "translit": "",
    "confidence": 0.0,
    "source": "Placeholder for research",
    "notes": "Glyph 410 - awaiting decipherment"
  },
  "420": {
    "english": "",
    "translit": "",
    "confidence": 0.0,
    "source": "Placeholder for research",
    "notes": "Glyph 420 - awaiting decipherment"
  },
  "430": {
    "english": "",
    "translit": "",
    "confidence": 0.0,
    "source": "Placeholder for research",
    "notes": "Glyph 430 - awaiting decipherment"
  },
  "440": {
    "english": "",
    "translit": "",
    "confidence": 0.0,
    "source": "Placeholder for research",
    "notes": "Glyph 440 - awaiting decipherment"
  },
  "450": {
    "english": "",
    "translit": "",
    "confidence": 0.0,
    "source": "Placeholder for research",
    "notes": "Glyph 450 - awaiting decipherment"
  },
  "460": {
    "english": "",
    "translit": "",
    "confidence": 0.0,
    "source": "Placeholder for research",
    "notes": "Glyph 460 - awaiting decipherment"
  },
  "470": {
    "english": "",
    "translit": "",
    "confidence": 0.0,
    "source": "Placeholder for research",
    "notes": "Glyph 470 - awaiting decipherment"
  },
  "480": {
    "english": "",
    "translit": "",
    "confidence": 0.0,
    "source": "Placeholder for research",
    "notes": "Glyph 480 - awaiting decipherment"
  },
  "490": {
    "english": "",
    "translit": "",
    "confidence": 0.0,
    "source": "Placeholder for research",
    "notes": "Glyph 490 - awaiting decipherment"
  },
  "501": {
    "english": "",
    "translit": "",
    "confidence": 0.0,
    "source": "Placeholder for research",
    "notes": "Glyph 501 - awaiting decipherment"
  },
  "510": {
    "english": "",
    "translit": "",
    "confidence": 0.0,
    "source": "Placeholder for research",
    "notes": "Glyph 510 - awaiting decipherment"
  },
  "520": {
    "english": "",
    "translit": "",
    "confidence": 0.0,
    "source": "Placeholder for research",
    "notes": "Glyph 520 - awaiting decipherment"
  },
  "530": {
    "english": "",
    "translit": "",
    "confidence": 0.0,
    "source": "Placeholder for research",
    "notes": "Glyph 530 - awaiting decipherment"
  },
  "540": {
    "english": "",
    "translit": "",
    "confidence": 0.0,
    "source": "Placeholder for research",
    "notes": "Glyph 540 - awaiting decipherment"
  },
  "550": {
    "english": "",
    "translit": "",
    "confidence": 0.0,
    "source": "Placeholder for research",
    "notes": "Glyph 550 - awaiting decipherment"
  },
  "560": {
    "english": "",
    "translit": "",
    "confidence": 0.0,
    "source": "Placeholder for research",
    "notes": "Glyph 560 - awaiting decipherment"
  },
  "570": {
    "english": "",
    "translit": "",
    "confidence": 0.0,
    "source": "Placeholder for research",
    "notes": "Glyph 570 - awaiting decipherment"
  },
  "580": {
    "english": "",
    "translit": "",
    "confidence": 0.0,
    "source": "Placeholder for research",
    "notes": "Glyph 580 - awaiting decipherment"
  },
  "590": {
    "english": "",
    "translit": "",
    "confidence": 0.0,
    "source": "Placeholder for research",
    "notes": "Glyph 590 - awaiting decipherment"
  },
  "601": {
    "english": "",
    "translit": "",
    "confidence": 0.0,
    "source": "Placeholder for research",
    "notes": "Glyph 601 - awaiting decipherment"
  },
  "602": {
    "english": "",
    "translit": "",
    "confidence": 0.0,
    "source": "Placeholder for research",
    "notes": "Glyph 602 - awaiting decipherment"
  },
  "603": {
    "english": "",
    "translit": "",
    "confidence": 0.0,
    "source": "Placeholder for research",
    "notes": "Glyph 603 - awaiting decipherment"
  },
  "604": {
    "english": "",
    "translit": "",
    "confidence": 0.0,
    "source": "Placeholder for research",
    "notes": "Glyph 604 - awaiting decipherment"
  },
  "605": {
    "english": "",
    "translit": "",
    "confidence": 0.0,
    "source": "Placeholder for research",
    "notes": "Glyph 605 - awaiting decipherment"
  },
  "607": {
    "english": "",
    "translit": "",
    "confidence": 0.0,
    "source": "Placeholder for research",
    "notes": "Glyph 607 - awaiting decipherment"
  },
  "608": {
    "english": "",
    "translit": "",
    "confidence": 0.0,
    "source": "Placeholder for research",
    "notes": "Glyph 608 - awaiting decipherment"
  },
  "609": {
    "english": "",
    "translit": "",
    "confidence": 0.0,
    "source": "Placeholder for research",
    "notes": "Glyph 609 - awaiting decipherment"
  },
  "611": {
    "english": "",
    "translit": "",
    "confidence": 0.0,
    "source": "Placeholder for research",
    "notes": "Glyph 611 - awaiting decipherment"
  },
  "620": {
    "english": "",
    "translit": "",
    "confidence": 0.0,
    "source": "Placeholder for research",
    "notes": "Glyph 620 - awaiting decipherment"
  },
  "630": {
    "english": "",
    "translit": "",
    "confidence": 0.0,
    "source": "Placeholder for research",
    "notes": "Glyph 630 - awaiting decipherment"
  },
  "640": {
    "english": "",
    "translit": "",
    "confidence": 0.0,
    "source": "Placeholder for research",
    "notes": "Glyph 640 - awaiting decipherment"
  },
  "650": {
    "english": "",
    "translit": "",
    "confidence": 0.0,
    "source": "Placeholder for research",
    "notes": "Glyph 650 - awaiting decipherment"
  },
  "660": {
    "english": "",
    "translit": "",
    "confidence": 0.0,
    "source": "Placeholder for research",
    "notes": "Glyph 660 - awaiting decipherment"
  },
  "670": {
    "english": "",
    "translit": "",
    "confidence": 0.0,
    "source": "Placeholder for research",
    "notes": "Glyph 670 - awaiting decipherment"
  },
  "680": {
    "english": "",
    "translit": "",
    "confidence": 0.0,
    "source": "Placeholder for research",
    "notes": "Glyph 680 - awaiting decipherment"
  },
  "690": {
    "english": "bird-man",
    "translit": "tangata manu",
    "confidence": 0.5,
    "source": "Placeholder for research",
    "notes": "Combined human-bird figure; represents the Bird-Man of Orongo ceremonies."
  },
  "701": {
    "english": "",
    "translit": "",
    "confidence": 0.0,
    "source": "Placeholder for research",
    "notes": "Glyph 701 - awaiting decipherment"
  },
  "702": {
    "english": "",
    "translit": "",
    "confidence": 0.0,
    "source": "Placeholder for research",
    "notes": "Glyph 702 - awaiting decipherment"
  },
  "703": {
    "english": "",
    "translit": "",
    "confidence": 0.0,
    "source": "Placeholder for research",
    "notes": "Glyph 703 - awaiting decipherment"
  },
  "704": {
    "english": "",
    "translit": "",
    "confidence": 0.0,
    "source": "Placeholder for research",
    "notes": "Glyph 704 - awaiting decipherment"
  },
  "705": {
    "english": "",
    "translit": "",
    "confidence": 0.0,
    "source": "Placeholder for research",
    "notes": "Glyph 705 - awaiting decipherment"
  },
  "706": {
    "english": "",
    "translit": "",
    "confidence": 0.0,
    "source": "Placeholder for research",
    "notes": "Glyph 706 - awaiting decipherment"
  },
  "707": {
    "english": "",
    "translit": "",
    "confidence": 0.0,
    "source": "Placeholder for research",
    "notes": "Glyph 707 - awaiting decipherment"
  },
  "708": {
    "english": "",
    "translit": "",
    "confidence": 0.0,
    "source": "Placeholder for research",
    "notes": "Glyph 708 - awaiting decipherment"
  },
  "709": {
    "english": "",
    "translit": "",
    "confidence": 0.0,
    "source": "Placeholder for research",
    "notes": "Glyph 709 - awaiting decipherment"
  },
  "711": {
    "english": "",
    "translit": "",
    "confidence": 0.0,
    "source": "Placeholder for research",
    "notes": "Glyph 711 - awaiting decipherment"
  },
  "720": {
    "english": "",
    "translit": "",
    "confidence": 0.0,
    "source": "Placeholder for research",
    "notes": "Glyph 720 - awaiting decipherment"
  },
  "730": {
    "english": "shark/sea god",
    "translit": "mango/niuhi",
    "confidence": 0.5,
    "source": "Placeholder for research",
    "notes": "Stylized shark representing sea god Tangaroa or big predator; used in genealogies."
  },
  "740": {
    "english": "",
    "translit": "",
    "confidence": 0.0,
    "source": "Placeholder for research",
    "notes": "Glyph 740 - awaiting decipherment"
  },
  "751": {
    "english": "",
    "translit": "",
    "confidence": 0.0,
    "source": "Placeholder for research",
    "notes": "Glyph 751 - awaiting decipherment"
  },
  "760": {
    "english": "",
    "translit": "",
    "confidence": 0.0,
    "source": "Placeholder for research",
    "notes": "Glyph 760 - awaiting decipherment"
  },
  "770": {
    "english": "",
    "translit": "",
    "confidence": 0.0,
    "source": "Placeholder for research",
    "notes": "Glyph 770 - awaiting decipherment"
  },
  "780": {
    "english": "",
    "translit": "",
    "confidence": 0.0,
    "source": "Placeholder for research",
    "notes": "Glyph 780 - awaiting decipherment"
  },
  "790": {
    "english": "",
    "translit": "",
    "confidence": 0.0,
    "source": "Placeholder for research",
    "notes": "Glyph 790 - awaiting decipherment"
  },
  "801": {
    "english": "",
    "translit": "",
    "confidence": 0.0,
    "source": "Placeholder for research",
    "notes": "Glyph 801 - awaiting decipherment"
  },
  "810": {
    "english": "",
    "translit": "",
    "confidence": 0.0,
    "source": "Placeholder for research",
    "notes": "Glyph 810 - awaiting decipherment"
  },
  "820": {
    "english": "",
    "translit": "",
    "confidence": 0.0,
    "source": "Placeholder for research",
    "notes": "Glyph 820 - awaiting decipherment"
  },
  "830": {
    "english": "",
    "translit": "",
    "confidence": 0.0,
    "source": "Placeholder for research",
    "notes": "Glyph 830 - awaiting decipherment"
  },
  "840": {
    "english": "",
    "translit": "",
    "confidence": 0.0,
    "source": "Placeholder for research",
    "notes": "Glyph 840 - awaiting decipherment"
  },
  "850": {
    "english": "",
    "translit": "",
    "confidence": 0.0,
    "source": "Placeholder for research",
    "notes": "Glyph 850 - awaiting decipherment"
  },
  "860": {
    "english": "",
    "translit": "",
    "confidence": 0.0,
    "source": "Placeholder for research",
    "notes": "Glyph 860 - awaiting decipherment"
  },
  "870": {
    "english": "",
    "translit": "",
    "confidence": 0.0,
    "source": "Placeholder for research",
    "notes": "Glyph 870 - awaiting decipherment"
  },
  "880": {
    "english": "",
    "translit": "",
    "confidence": 0.0,
    "source": "Placeholder for research",
    "notes": "Glyph 880 - awaiting decipherment"
  },
  "890": {
    "english": "",
    "translit": "",
    "confidence": 0.0,
    "source": "Placeholder for research",
    "notes": "Glyph 890 - awaiting decipherment"
  },
  "900": {
    "english": "",
    "translit": "",
    "confidence": 0.0,
    "source": "Placeholder for research",
    "notes": "Glyph 900 - awaiting decipherment"
  }
}