glyph_id,primary_meaning,alternate_meanings,confidence,contexts,tablet_occurrences,translit_options,cultural_evidence,visual_description,rapanui_terms,notes,confidence_level
001,person,"human,individual",0.85,"social,genealogical",multiple,tangata,"Barthel B001,Fischer 1997",basic human figure,tangata,Basic anthropomorphic glyph; appears in genealogical contexts,medium
002,head,"face,identity",0.70,"anatomical,identity",multiple,"po'o,mata",Guy 1990,circular glyph with facial features,"po'o,mata",Anatomical reference representing head/face and identity,medium
003,eye,"see,watch,observe",0.80,"anatomical,perceptual",multiple,"mata,kite",Pozdniakov 2007,oval with central dot,"mata,kite",Eye glyph for vision and observation; extends to concepts of watching,medium
004,mouth,"speak,word,voice",0.75,"anatomical,communication",multiple,"haha,kī,kupu",Fischer 1997,horizontal line representing oral cavity,"haha,kī,kupu",Represents mouth and extends to speech/communication concepts,medium
005,arm,"reach,extend,action",0.60,"anatomical,action",multiple,"rima,tuku",Barthel interpretation,extended appendage,"rima,tuku",Arm glyph representing reach/extension; basis for action concepts,medium
006,plural marker,"hand,many,collective",0.95,"grammatical,numerical","B,I,multiple","rima,plural",Polynesian grammar patterns,hand symbol,rima,Hand glyph serving as plural/collective marker; indicates 'many' when attached to nouns,high
008,sun,"star,light,celestial body",0.95,"astronomical,cosmogonic,temporal","I,C,H,P,Q","ra'a,hetu'u","Polynesian astronomy,creation myths",radiating circular glyph,"ra'a,hetu'u",Radiating circular glyph for sun; can denote star or light; used as celestial/temporal marker,high
009,sand,"earth,ground,soil",0.92,"geographic,material","A,B,multiple",oneone,"Metoro readings,geographic references",granular/dotted pattern,oneone,Confirmed by Metoro's readings; represents earth/sand material,high
010,moon,"lunar cycle,month",0.85,"astronomical,calendrical","C,multiple",māhina,lunar calendar system,crescent shape,māhina,Crescent glyph representing moon phases and lunar calendar,high
032,section delimiter,"punctuation,text marker",0.90,"structural,organizational","I,H,P,Q",[delimiter],text structure analysis,distinct separator mark,,Functions as punctuation/section marker organizing text into segments,high
040,water,"sea,liquid",0.80,"geographic,cosmogonic","B,multiple",vai,Polynesian water terminology,wavy lines,vai,Wavy pattern representing water/sea; essential element in creation myths,high
076,copulate,"beget,offspring of,lineage link",0.98,"cosmogonic,genealogical","I,H,P,Q,G","'ai,fanau,ure","Atua Matariri parallels,Polynesian creation chants",phallic symbol,"'ai,fanau,ure",Most frequent glyph on Santiago Staff (564 occurrences); central to X-76-Y creation formulas,high
152,full moon,"complete,whole,fullness",0.88,"astronomical,cyclical","C,multiple",māhina atua,"lunar calendar,ceremonial timing",complete circular form,māhina atua,Depicted as old woman lighting sky oven; marks calendar completion,high
200,chief,"person,leader,authority",0.90,"social,genealogical,political","I,H,P,Q,multiple","ariki,tangata",Polynesian social hierarchy,anthropomorphic figure with status markers,"ariki,tangata",Human figure indicating leadership/authority; appears in royal genealogies,high
280,turtle,"longevity,wisdom",0.82,"zoological,religious",multiple,honu,Associated with god Rongo,turtle shell pattern,honu,Sacred animal associated with Rongo; symbol of longevity and wisdom,high
600,bird,"flight,spirit,messenger",0.95,"zoological,cosmogonic,spiritual","I,H,P,Q,multiple",manu,"Creation myths,spiritual symbolism",avian form,manu,Central to creation formulas; represents spiritual realm and divine messengers,high
606,birds (plural),"all birds,bird collective",0.92,"cosmogonic,collective","I,H,P,Q",manu rima,Creation sequences,bird with hand suffix,manu rima,Bird glyph with plural marker; appears in 'all birds copulated with fish' formula,high
610,origin,"cosmic egg,beginning,source",0.90,"cosmogonic,creation","H,P,Q",hua,"Creation myths,cosmic egg tradition",oval/egg shape,hua,Represents cosmic egg from which universe emerged; fundamental creation symbol,high
700,fish,"victim,sacrifice,sustenance",0.93,"zoological,ritual,cosmogonic","I,C,H,P,Q",ika,"Creation myths,ritual sacrifice",fish form with orientation changes,ika,Literal fish or metaphorical victim/sacrifice; orientation changes mark temporal shifts,high
730,shark,"predator,power",0.78,"zoological,divine",multiple,mangō,Associated with Tangaroa,shark silhouette,mangō,Apex predator associated with sea god Tangaroa; symbol of divine power,high